Age,Gender,MarStat,Housing,Educ,Inc_Gr,Children,IQ,Client,rate,cost_type,Default_flg
18,0,4,2,3,3,1,"61,28",544,"0,052944188",www,0
23,0,1,1,3,3,1,"72,22",665,"0,052944188",www,0
25,0,1,2,3,3,1,"86,56",2692,"0,052944188",www,0
22,0,4,2,3,3,1,"70,03",3227,"0,052944188",www,1
25,0,4,2,3,3,1,"81,06",3491,"0,052944188",www,0
23,0,4,1,3,3,1,"77,59",3549,"0,052944188",www,1
24,0,1,2,3,3,1,"79,83",3741,"0,052944188",www,0
18,0,1,1,3,3,1,"62,46",3853,"0,052944188",www,0
21,0,4,1,3,3,1,"74,31",4090,"0,052944188",www,0
26,0,4,1,3,3,1,"80,24",4264,"0,052944188",www,1
19,0,1,2,3,3,1,"67,52",4306,"0,052944188",www,1
27,0,4,1,3,3,1,"86,07",4398,"0,052944188",www,0
25,0,4,1,3,3,1,"83,77",4444,"0,052944188",www,1
25,0,4,1,3,3,1,"85,24",5449,"0,052944188",www,0
22,0,1,1,3,3,1,"73,46",7709,"0,052944188",www,0
25,0,1,2,3,3,1,"80,06",7761,"0,052944188",www,0
25,0,1,2,3,3,1,"79,97",8563,"0,052944188",www,0
23,0,1,2,3,3,2,"61,44",1307,"0,052944188",www,0
24,0,4,2,3,3,0,"80,68",1491,"0,052944188",www,0
18,0,4,2,3,3,2,"61,18",1721,"0,052944188",www,1
21,0,4,2,3,3,2,"70,08",2736,"0,052944188",www,1
22,0,4,2,3,3,2,"73,24",3090,"0,052944188",www,0
27,0,1,2,3,3,2,"88,52",4064,"0,052944188",www,0
23,0,1,1,3,3,0,"74,15",4110,"0,052944188",www,0
20,0,4,2,3,3,0,"62,61",4559,"0,052944188",www,0
18,0,4,2,3,3,0,"69,49",5071,"0,052944188",www,0
21,0,1,1,3,3,3,"72,74",5222,"0,052944188",www,0
23,0,4,1,3,3,2,"75,76",5428,"0,052944188",www,0
23,0,4,1,3,3,0,"70,49",5739,"0,052944188",www,0
27,0,4,1,3,3,0,"76,62",5765,"0,052944188",www,0
22,0,4,1,3,3,2,"71,06",6245,"0,052944188",www,1
24,0,1,1,3,3,2,"81,78",6679,"0,052944188",www,1
21,0,1,1,3,3,2,"78,24",6786,"0,052944188",www,0
23,0,1,2,3,3,2,"77,90",6790,"0,052944188",www,1
27,0,1,1,3,3,2,"91,63",7678,"0,052944188",www,0
22,0,1,1,3,3,0,"78,68",7964,"0,052944188",www,0
25,0,4,1,3,3,0,"83,16",8086,"0,052944188",www,0
27,0,1,1,3,3,2,"81,64",8150,"0,052944188",www,1
26,0,1,2,3,3,0,"83,75",8312,"0,052944188",www,0
25,0,1,1,3,3,2,"76,87",9045,"0,052944188",www,1
27,0,1,2,3,4,1,"96,81",1327,"0,067385564",www,0
21,0,4,1,3,4,1,"63,56",2768,"0,067385564",www,0
23,0,1,1,3,4,1,"76,90",2854,"0,067385564",www,0
25,0,1,1,3,4,1,"85,10",3036,"0,067385564",www,0
23,0,4,1,3,4,1,"80,34",5943,"0,067385564",www,1
23,0,1,2,3,4,1,"77,32",7425,"0,067385564",www,0
26,0,1,1,3,4,1,"90,15",7557,"0,067385564",www,0
25,0,1,2,3,4,1,"91,90",8806,"0,067385564",www,1
18,0,1,2,3,4,1,"64,56",9343,"0,067385564",www,1
21,0,1,2,3,4,1,"66,98",9816,"0,067385564",www,0
18,0,1,2,3,4,1,"70,92",9863,"0,067385564",www,0
23,0,1,1,3,4,2,"82,39",1602,"0,067385564",www,1
20,0,4,2,3,4,2,"72,09",1840,"0,067385564",www,0
24,0,4,1,3,4,0,"74,77",1889,"0,067385564",www,1
20,0,4,2,3,4,0,"63,34",4001,"0,067385564",www,0
25,0,4,2,3,4,2,"82,63",4164,"0,067385564",www,0
26,0,1,2,3,4,0,"83,45",4830,"0,067385564",www,0
27,0,1,1,3,4,2,"85,49",5311,"0,067385564",www,0
23,0,1,1,3,4,2,"78,73",7033,"0,067385564",www,1
26,0,4,2,3,4,0,"75,10",7080,"0,067385564",www,0
25,0,1,1,3,4,2,"79,99",7132,"0,067385564",www,0
26,0,1,2,3,4,2,"90,44",7366,"0,067385564",www,0
23,0,1,2,3,4,2,"80,94",7394,"0,067385564",www,0
18,0,1,1,3,4,2,"47,34",7633,"0,067385564",www,1
26,0,1,2,3,4,2,"88,87",7837,"0,067385564",www,0
24,0,4,2,3,4,0,"83,53",9962,"0,067385564",www,0
23,0,1,1,2,3,1,"76,36",6167,"0,094676202",www,0
25,0,1,2,2,3,1,"84,36",7536,"0,094676202",www,0
26,0,4,2,1,1,1,"83,94",34,"0,111843258",www,1
25,0,4,1,1,2,1,"75,94",133,"0,111843258",www,0
23,0,1,2,1,2,1,"73,87",260,"0,111843258",www,1
25,0,4,2,1,2,1,"71,82",548,"0,111843258",www,1
26,0,1,2,1,1,1,"85,00",1419,"0,111843258",www,0
18,0,1,2,1,1,1,"54,07",1891,"0,111843258",www,1
24,0,4,1,1,2,1,"77,97",2106,"0,111843258",www,1
19,0,1,1,2,2,1,"68,49",2444,"0,111843258",www,0
26,0,1,2,4,4,1,"85,41",2540,"0,111843258",www,0
18,0,1,2,1,2,1,"66,60",2799,"0,111843258",www,0
22,0,1,2,4,4,1,"71,17",2969,"0,111843258",www,0
21,0,4,1,1,1,1,"65,21",3301,"0,111843258",www,1
26,0,1,2,2,2,1,"82,20",3319,"0,111843258",www,0
19,0,4,1,1,1,1,"66,77",3458,"0,111843258",www,0
27,0,4,2,1,2,1,"83,17",4509,"0,111843258",www,1
27,0,1,1,4,4,1,"94,99",4685,"0,111843258",www,0
22,0,1,2,1,2,1,"64,30",4952,"0,111843258",www,0
24,0,1,2,4,4,1,"73,84",4994,"0,111843258",www,0
20,0,4,2,2,2,1,"65,65",5168,"0,111843258",www,1
22,0,4,1,1,2,1,"80,14",5346,"0,111843258",www,1
24,0,1,1,2,2,1,"73,27",5432,"0,111843258",www,1
21,0,4,2,1,2,1,"64,44",5650,"0,111843258",www,1
24,0,4,2,4,4,1,"71,18",5735,"0,111843258",www,0
26,0,4,1,1,1,1,"87,22",5874,"0,111843258",www,0
22,0,4,1,1,1,1,"68,88",6877,"0,111843258",www,1
27,0,1,2,1,1,1,"83,38",6890,"0,111843258",www,0
23,0,4,2,1,1,1,"82,32",7244,"0,111843258",www,1
20,0,1,2,1,2,1,"66,00",7494,"0,111843258",www,1
27,0,1,1,1,2,1,"92,34",7955,"0,111843258",www,0
23,0,4,1,1,1,1,"72,84",8140,"0,111843258",www,1
22,0,1,1,1,1,1,"75,40",8756,"0,111843258",www,1
19,0,1,2,4,4,1,"65,96",9038,"0,111843258",www,0
22,0,4,1,2,2,1,"74,69",9360,"0,111843258",www,1
25,0,1,2,1,1,1,"84,42",9571,"0,111843258",www,1
26,0,4,1,1,2,1,"84,91",9591,"0,111843258",www,0
26,0,1,2,1,2,2,"87,63",105,"0,111843258",www,0
23,0,4,2,2,2,2,"68,85",283,"0,111843258",www,1
22,0,1,1,1,2,2,"74,62",486,"0,111843258",www,1
27,0,4,2,1,2,3,"79,07",699,"0,111843258",www,0
25,0,1,1,4,4,0,"85,14",1243,"0,111843258",www,1
18,0,1,1,1,1,2,"53,65",1513,"0,111843258",www,0
22,0,1,1,4,4,2,"74,02",1744,"0,111843258",www,0
19,0,1,1,1,2,2,"61,59",1819,"0,111843258",www,1
23,0,1,1,1,1,2,"75,83",2364,"0,111843258",www,1
20,0,4,2,1,1,2,"71,91",2559,"0,111843258",www,1
23,0,1,1,1,1,0,"76,08",2633,"0,111843258",www,0
18,0,1,2,1,1,2,"66,60",2867,"0,111843258",www,1
22,0,1,1,1,1,2,"75,77",3502,"0,111843258",www,1
24,0,4,1,1,1,2,"72,44",3826,"0,111843258",www,0
21,0,4,2,1,1,2,"67,81",3865,"0,111843258",www,1
20,0,4,2,1,2,0,"70,12",4053,"0,111843258",www,1
24,0,1,1,1,2,0,"74,85",4451,"0,111843258",www,1
25,0,1,1,1,1,2,"85,43",4542,"0,111843258",www,1
18,0,4,1,4,4,2,"69,45",5104,"0,111843258",www,0
25,0,1,1,4,4,2,"78,42",5113,"0,111843258",www,0
24,0,4,2,1,1,2,"71,68",5335,"0,111843258",www,1
27,0,4,1,1,2,0,"89,17",5556,"0,111843258",www,0
19,0,1,2,1,1,2,"63,77",5848,"0,111843258",www,0
22,0,4,2,1,1,2,"68,61",5863,"0,111843258",www,1
19,0,1,2,4,4,0,"69,00",5897,"0,111843258",www,0
22,0,4,1,1,2,2,"78,47",5998,"0,111843258",www,1
20,0,4,2,4,4,2,"72,41",6082,"0,111843258",www,0
25,0,4,2,1,1,2,"81,27",6231,"0,111843258",www,1
24,0,4,1,4,4,0,"72,09",6305,"0,111843258",www,1
24,0,4,1,1,1,2,"69,28",6428,"0,111843258",www,1
26,0,4,2,1,1,2,"95,81",6710,"0,111843258",www,0
25,0,4,2,1,2,0,"74,17",6755,"0,111843258",www,1
25,0,1,2,1,1,0,"76,22",6875,"0,111843258",www,0
22,0,4,2,1,1,2,"70,67",6914,"0,111843258",www,1
25,0,4,2,4,4,2,"76,23",6961,"0,111843258",www,1
25,0,1,2,1,2,2,"81,91",7051,"0,111843258",www,0
26,0,4,1,4,4,2,"71,97",7058,"0,111843258",www,0
23,0,4,2,1,1,2,"74,40",7405,"0,111843258",www,0
26,0,1,2,1,2,3,"79,92",7552,"0,111843258",www,0
24,0,4,1,2,2,2,"78,37",7999,"0,111843258",www,1
27,0,1,2,1,2,2,"94,82",8216,"0,111843258",www,0
27,0,1,2,2,2,2,"85,15",8238,"0,111843258",www,0
22,0,4,1,4,4,2,"80,84",8390,"0,111843258",www,0
26,0,1,1,2,2,0,"80,75",8707,"0,111843258",www,1
24,0,4,2,4,4,0,"77,74",8988,"0,111843258",www,0
24,0,1,1,1,1,2,"73,91",9074,"0,111843258",www,1
25,0,4,1,1,1,2,"84,20",9125,"0,111843258",www,0
26,0,1,2,4,4,0,"82,15",9316,"0,111843258",www,0
25,0,4,2,1,2,2,"82,29",9728,"0,111843258",www,1
18,0,4,2,1,2,0,"65,21",9752,"0,111843258",www,1
27,0,4,3,3,3,1,"87,50",1424,"0,05",www,0
27,0,1,3,3,3,1,"81,20",1949,"0,05",www,0
24,0,1,3,3,3,1,"77,98",2301,"0,05",www,0
26,0,4,3,3,3,1,"76,35",2642,"0,05",www,0
27,0,4,3,3,3,1,"85,34",4254,"0,05",www,0
27,0,1,3,3,3,1,"84,93",8679,"0,05",www,0
21,0,1,3,3,3,2,"68,47",471,"0,05",www,0
21,0,4,3,3,3,2,"70,46",2291,"0,05",www,0
26,0,1,3,3,3,0,"77,67",2851,"0,05",www,0
25,0,1,3,3,3,2,"83,85",3410,"0,05",www,0
26,0,1,3,3,3,0,"87,51",3419,"0,05",www,0
18,0,4,3,3,3,0,"63,04",3498,"0,05",www,0
18,0,4,3,3,3,0,"63,52",4108,"0,05",www,0
27,0,4,3,3,3,2,"81,98",4199,"0,05",www,0
21,0,4,3,3,3,0,"68,65",5867,"0,05",www,0
22,0,1,3,3,3,0,"72,15",6248,"0,05",www,0
27,0,1,3,3,3,0,"95,22",6285,"0,05",www,0
27,0,1,3,3,3,0,"82,53",7012,"0,05",www,0
26,0,4,3,3,3,0,"92,18",7506,"0,05",www,0
25,0,4,3,3,3,3,"82,88",7572,"0,05",www,0
27,0,1,3,3,3,0,"83,29",8846,"0,05",www,0
25,0,4,3,3,3,0,"75,70",8993,"0,05",www,1
22,0,4,3,3,3,2,"63,84",9127,"0,05",www,0
22,0,1,3,3,3,2,"75,37",9419,"0,05",www,0
20,0,4,3,3,3,2,"71,75",9803,"0,05",www,0
21,0,1,3,3,4,1,"74,66",1953,"0,05",www,0
25,0,4,3,3,4,1,"88,12",3749,"0,05",www,1
25,0,1,3,3,4,1,"85,41",4197,"0,05",www,0
19,0,1,3,3,4,1,"67,16",9197,"0,05",www,1
21,0,1,3,3,4,1,"70,98",9362,"0,05",www,0
20,0,1,3,3,4,1,"76,48",9858,"0,05",www,0
18,0,1,3,3,4,2,"66,91",693,"0,05",www,1
21,0,4,3,3,4,2,"63,56",2715,"0,05",www,0
18,0,1,3,3,4,0,"53,19",5354,"0,05",www,0
19,0,4,3,3,4,2,"61,08",9604,"0,05",www,1
27,0,1,3,2,3,2,"89,48",1580,"0,05",www,0
25,0,1,3,2,3,2,"85,19",8502,"0,05",www,0
27,0,4,3,4,4,1,"87,74",109,"0,05",www,0
22,0,1,3,2,2,1,"74,51",374,"0,05",www,0
27,0,1,3,4,4,1,"82,77",447,"0,05",www,0
23,0,4,3,1,2,1,"72,87",632,"0,05",www,0
25,0,1,3,1,2,1,"85,12",830,"0,05",www,0
24,0,1,3,1,1,1,"77,23",877,"0,05",www,0
27,0,1,3,1,1,1,"83,91",1623,"0,05",www,0
23,0,4,3,1,1,1,"71,49",1649,"0,05",www,0
19,0,4,3,2,2,1,"67,59",2196,"0,05",www,1
27,0,4,3,1,1,1,"82,50",2806,"0,05",www,0
27,0,1,3,1,1,1,"84,26",3076,"0,05",www,0
27,0,4,3,1,1,1,"90,06",3385,"0,05",www,1
25,0,4,3,2,2,1,"74,86",3735,"0,05",www,0
26,0,4,3,1,1,1,"84,39",3847,"0,05",www,0
23,0,1,3,4,4,1,"78,35",3921,"0,05",www,0
24,0,4,3,4,4,1,"76,96",4543,"0,05",www,0
24,0,4,3,1,1,1,"77,50",6091,"0,05",www,1
27,0,4,3,1,1,1,"93,70",6122,"0,05",www,0
18,0,4,3,1,1,1,"60,28",6926,"0,05",www,0
27,0,1,3,4,4,1,"93,87",7001,"0,05",www,0
19,0,1,3,1,1,1,"57,25",7680,"0,05",www,1
24,0,4,3,2,2,1,"80,68",7932,"0,05",www,0
19,0,4,3,2,2,2,"76,41",1197,"0,05",www,0
26,0,4,3,1,2,2,"96,97",3178,"0,05",www,0
21,0,4,3,1,2,2,"65,96",3354,"0,05",www,0
18,0,4,3,4,4,2,"53,23",3939,"0,05",www,0
18,0,1,3,4,4,0,"56,56",4401,"0,05",www,0
20,0,1,3,2,2,0,"67,39",4561,"0,05",www,1
22,0,1,3,1,1,0,"73,42",4806,"0,05",www,0
21,0,1,3,2,2,2,"67,50",5571,"0,05",www,0
25,0,4,3,1,1,2,"78,21",5869,"0,05",www,0
27,0,1,3,4,4,0,"85,51",6728,"0,05",www,0
24,0,1,3,1,1,0,"80,84",8700,"0,05",www,0
26,0,1,3,1,2,0,"88,95",8730,"0,05",www,0
25,0,1,3,1,1,3,"84,85",9970,"0,05",www,0
20,0,4,4,3,3,1,"64,46",673,"0,05",www,0
24,0,1,4,3,3,1,"74,14",811,"0,05",www,0
27,0,4,4,3,3,1,"98,57",874,"0,05",www,0
21,0,4,4,3,3,1,"68,20",1026,"0,05",www,0
26,0,1,4,3,3,1,"88,55",1152,"0,05",www,0
19,0,4,4,3,3,1,"57,54",2007,"0,05",www,0
27,0,1,4,3,3,1,"83,59",2110,"0,05",www,0
27,0,1,4,3,3,1,"88,50",5400,"0,05",www,0
22,0,1,4,3,3,1,"70,64",7257,"0,05",www,0
25,0,4,4,3,3,1,"93,24",9502,"0,05",www,0
18,0,4,4,3,3,2,"57,66",1176,"0,05",www,0
22,0,1,4,3,3,2,"65,87",1470,"0,05",www,0
18,0,4,4,3,3,2,"58,72",2465,"0,05",www,0
24,0,4,4,3,3,0,"74,65",2995,"0,05",www,1
19,0,4,4,3,3,2,"67,28",5421,"0,05",www,0
26,0,4,4,3,3,0,"85,78",6176,"0,05",www,1
19,0,1,4,3,3,0,"65,50",6898,"0,05",www,0
25,0,4,4,3,3,2,"85,79",7291,"0,05",www,0
20,0,1,4,3,3,2,"60,95",7294,"0,05",www,0
22,0,1,4,3,3,2,"78,10",8421,"0,05",www,0
20,0,1,4,3,3,2,"66,62",9267,"0,05",www,1
23,0,4,4,3,4,1,"79,89",3693,"0,05",www,0
22,0,1,4,3,4,1,"72,70",4021,"0,05",www,1
27,0,1,4,3,4,1,"93,52",4466,"0,05",www,0
20,0,1,4,3,4,1,"67,22",7168,"0,05",www,0
27,0,1,4,3,4,2,"86,86",1355,"0,05",www,0
22,0,4,4,3,4,2,"79,42",3012,"0,05",www,0
26,0,1,4,3,4,2,"84,62",5391,"0,05",www,0
24,0,1,4,3,4,0,"71,01",5404,"0,05",www,0
27,0,4,4,3,4,3,"84,73",9644,"0,05",www,0
27,0,1,4,3,4,2,"91,07",9933,"0,05",www,0
25,0,1,4,2,3,1,"78,15",5486,"0,05",www,0
25,0,1,4,2,3,1,"77,89",6440,"0,05",www,1
20,0,4,4,2,3,1,"59,57",7554,"0,05",www,0
27,0,1,4,2,3,2,"76,04",4472,"0,05",www,0
26,0,1,4,2,2,1,"79,65",337,"0,053730194",www,0
22,0,1,4,1,1,1,"63,72",1224,"0,053730194",www,1
27,0,4,4,1,1,1,"90,84",2803,"0,053730194",www,0
26,0,4,4,1,2,1,"88,06",4978,"0,053730194",www,1
24,0,4,4,1,2,1,"77,30",5314,"0,053730194",www,0
24,0,1,4,1,1,1,"67,04",8258,"0,053730194",www,1
24,0,4,4,1,1,1,"76,44",8979,"0,053730194",www,1
24,0,4,4,1,2,1,"80,35",9403,"0,053730194",www,0
27,0,4,4,1,1,1,"86,90",9453,"0,053730194",www,0
26,0,1,4,1,2,2,"81,53",346,"0,053730194",www,0
24,0,4,4,4,4,0,"76,41",873,"0,053730194",www,0
25,0,1,4,1,1,2,"81,95",1548,"0,053730194",www,0
26,0,1,4,1,1,2,"87,08",1969,"0,053730194",www,1
24,0,4,4,1,1,0,"79,44",2173,"0,053730194",www,1
21,0,1,4,1,1,0,"75,02",3257,"0,053730194",www,0
25,0,1,4,1,2,2,"83,10",3564,"0,053730194",www,1
21,0,4,4,1,1,3,"73,86",4309,"0,053730194",www,0
26,0,1,4,1,2,2,"84,10",4434,"0,053730194",www,0
22,0,1,4,1,2,2,"72,00",4914,"0,053730194",www,1
26,0,4,4,4,4,2,"75,76",5776,"0,053730194",www,0
25,0,1,4,1,1,3,"85,17",5830,"0,053730194",www,0
23,0,1,4,1,1,2,"71,89",5915,"0,053730194",www,1
20,0,1,4,4,4,2,"63,49",6111,"0,053730194",www,0
20,0,4,4,4,4,2,"69,41",6403,"0,053730194",www,0
24,0,4,4,1,2,0,"77,68",6738,"0,053730194",www,1
26,0,4,4,1,2,2,"91,88",7114,"0,053730194",www,1
24,0,4,4,1,2,0,"77,89",7228,"0,053730194",www,0
25,0,4,4,1,2,0,"85,90",7601,"0,053730194",www,1
24,0,4,4,1,1,0,"75,75",7815,"0,053730194",www,0
23,0,1,4,2,2,0,"82,09",8980,"0,053730194",www,0
26,0,4,4,1,1,2,"86,73",9000,"0,053730194",www,0
18,0,4,4,1,1,2,"69,24",9214,"0,053730194",www,1
27,0,4,4,2,2,0,"94,35",9265,"0,053730194",www,0
23,0,1,4,2,2,0,"73,43",9767,"0,053730194",www,0
27,0,3,2,3,3,1,"83,51",122,"0,05",www,0
24,0,3,1,3,3,1,"80,39",4511,"0,05",www,0
20,0,3,2,3,3,1,"69,10",7827,"0,05",www,0
19,0,3,1,3,3,2,"64,33",5031,"0,05",www,0
24,0,3,1,3,3,2,"82,63",5509,"0,05",www,0
27,0,3,2,3,3,0,"85,59",5530,"0,05",www,0
27,0,3,1,3,3,2,"78,03",5859,"0,05",www,0
25,0,3,1,3,3,2,"87,58",6106,"0,05",www,0
26,0,3,2,3,3,0,"91,04",7196,"0,05",www,0
24,0,3,2,3,3,2,"70,35",7226,"0,05",www,0
21,0,3,1,3,3,2,"74,00",7233,"0,05",www,0
26,0,3,1,3,3,2,"89,05",7772,"0,05",www,0
25,0,3,2,3,3,2,"80,82",7998,"0,05",www,1
24,0,3,1,3,3,2,"69,20",8088,"0,05",www,0
23,0,3,1,3,3,2,"74,98",9538,"0,05",www,0
27,0,3,1,3,4,1,"78,79",1703,"0,05",www,0
20,0,3,1,3,4,1,"60,86",1764,"0,05",www,0
27,0,3,1,3,4,1,"81,96",3032,"0,05",www,0
27,0,3,1,3,4,1,"87,40",6736,"0,05",www,0
20,0,3,2,3,4,1,"57,17",6974,"0,05",www,0
21,0,3,1,3,4,1,"61,45",8790,"0,05",www,0
20,0,3,2,3,4,2,"66,31",904,"0,05",www,1
25,0,3,2,3,4,0,"86,96",2921,"0,05",www,0
23,0,3,1,3,4,0,"84,76",4043,"0,05",www,0
27,0,3,2,3,4,0,"81,79",6128,"0,05",www,0
23,0,3,2,3,4,3,"73,33",6243,"0,05",www,0
22,0,3,1,3,4,0,"70,69",6734,"0,05",www,0
25,0,3,1,2,3,1,"84,46",4828,"0,058304364",www,0
22,0,3,2,2,3,2,"78,52",4032,"0,058304364",www,1
23,0,3,1,1,2,1,"66,84",361,"0,07347728",www,0
24,0,3,2,1,1,1,"82,57",2830,"0,07347728",www,1
18,0,3,2,2,2,1,"58,22",3203,"0,07347728",www,0
20,0,3,2,2,2,1,"64,36",3637,"0,07347728",www,0
26,0,3,1,1,1,1,"76,91",5447,"0,07347728",www,0
24,0,3,1,4,4,1,"85,06",5811,"0,07347728",www,0
25,0,3,2,1,1,1,"81,27",6345,"0,07347728",www,0
21,0,3,2,1,1,1,"68,11",6548,"0,07347728",www,1
27,0,3,1,2,2,1,"81,24",6655,"0,07347728",www,0
27,0,3,2,4,4,1,"87,34",7406,"0,07347728",www,0
26,0,3,1,1,1,1,"76,77",8370,"0,07347728",www,0
19,0,3,2,1,1,1,"60,83",8769,"0,07347728",www,0
21,0,3,2,4,4,2,"74,17",397,"0,07347728",www,0
24,0,3,2,2,2,2,"73,59",572,"0,07347728",www,0
23,0,3,1,1,2,2,"76,51",595,"0,07347728",www,1
27,0,3,2,1,2,2,"87,44",1352,"0,07347728",www,0
26,0,3,1,1,1,0,"86,32",1487,"0,07347728",www,0
21,0,3,2,4,4,2,"62,22",1936,"0,07347728",www,0
27,0,3,2,1,1,2,"81,39",2275,"0,07347728",www,0
25,0,3,1,4,4,0,"80,57",2276,"0,07347728",www,1
20,0,3,2,1,2,2,"73,42",3320,"0,07347728",www,1
21,0,3,2,1,2,2,"65,08",3485,"0,07347728",www,1
25,0,3,1,1,1,2,"87,42",3546,"0,07347728",www,1
27,0,3,1,1,1,2,"82,85",4092,"0,07347728",www,0
20,0,3,2,1,1,0,"65,77",4730,"0,07347728",www,1
26,0,3,2,2,2,2,"86,02",4796,"0,07347728",www,0
22,0,3,2,1,2,2,"58,70",5352,"0,07347728",www,0
23,0,3,1,2,2,2,"74,69",5408,"0,07347728",www,0
25,0,3,1,2,2,0,"72,77",6470,"0,07347728",www,1
23,0,3,1,4,4,2,"69,89",7011,"0,07347728",www,0
22,0,3,1,1,1,0,"87,28",7277,"0,07347728",www,1
26,0,3,2,2,2,2,"87,30",7966,"0,07347728",www,0
25,0,3,2,4,4,2,"79,94",8119,"0,07347728",www,0
25,0,3,1,1,1,2,"82,49",8983,"0,07347728",www,0
22,0,3,2,1,1,0,"76,77",9065,"0,07347728",www,0
18,0,3,1,4,4,0,"52,65",9441,"0,07347728",www,0
27,0,3,2,1,2,0,"87,61",9474,"0,07347728",www,0
23,0,3,2,1,2,2,"78,63",9539,"0,07347728",www,1
23,0,3,2,1,2,0,"75,28",9806,"0,07347728",www,1
21,0,3,3,3,3,1,"71,69",579,"0,05",www,0
26,0,3,3,3,3,1,"89,61",1161,"0,05",www,0
23,0,3,3,3,3,1,"66,11",1402,"0,05",www,0
22,0,3,3,3,3,1,"75,65",8411,"0,05",www,1
27,0,3,3,3,3,2,"89,80",75,"0,05",www,0
25,0,3,3,3,3,2,"73,99",1206,"0,05",www,0
25,0,3,3,3,3,2,"81,88",1633,"0,05",www,0
27,0,3,3,3,3,2,"99,41",1972,"0,05",www,0
27,0,3,3,3,3,2,"96,27",7567,"0,05",www,0
25,0,3,3,3,3,2,"77,41",7845,"0,05",www,0
25,0,3,3,3,3,2,"79,67",9102,"0,05",www,0
22,0,3,3,3,3,0,"65,09",9877,"0,05",www,0
18,0,3,3,3,4,1,"53,38",2336,"0,05",www,0
23,0,3,3,3,4,1,"72,46",4127,"0,05",www,1
26,0,3,3,3,4,1,"87,25",7275,"0,05",www,0
27,0,3,3,3,4,1,"80,84",9171,"0,05",www,0
22,0,3,3,3,4,1,"81,53",9174,"0,05",www,0
23,0,3,3,3,4,0,"71,62",2158,"0,05",www,0
18,0,3,3,3,4,2,"65,60",4004,"0,05",www,1
23,0,3,3,3,4,2,"68,57",6754,"0,05",www,0
23,0,3,3,3,4,0,"77,25",7758,"0,05",www,0
27,0,3,3,2,3,0,"90,32",789,"0,05",www,0
23,0,3,3,2,3,2,"70,08",5481,"0,05",www,1
26,0,3,3,2,3,2,"83,17",5821,"0,05",www,0
22,0,3,3,2,3,2,"75,83",8685,"0,05",www,0
21,0,3,3,2,2,1,"68,53",446,"0,05",www,0
23,0,3,3,2,2,1,"75,41",2960,"0,05",www,0
25,0,3,3,1,1,1,"78,70",3514,"0,05",www,0
23,0,3,3,4,4,1,"77,43",9719,"0,05",www,0
24,0,3,3,1,1,0,"76,92",192,"0,05",www,0
26,0,3,3,4,4,0,"86,29",569,"0,05",www,0
19,0,3,3,2,2,2,"65,71",2360,"0,05",www,0
24,0,3,3,1,1,2,"75,51",4929,"0,05",www,0
27,0,3,3,1,1,0,"79,62",5340,"0,05",www,0
22,0,3,3,2,2,0,"80,97",5396,"0,05",www,0
26,0,3,3,1,1,0,"79,29",5999,"0,05",www,0
24,0,3,3,2,2,2,"75,17",6902,"0,05",www,0
25,0,3,3,1,2,0,"81,53",8893,"0,05",www,0
26,0,3,4,3,3,1,"76,93",289,"0,05",www,0
26,0,3,4,3,3,1,"79,30",540,"0,05",www,0
27,0,3,4,3,3,1,"83,23",6476,"0,05",www,0
25,0,3,4,3,3,1,"83,37",8881,"0,05",www,0
25,0,3,4,3,3,1,"78,12",9723,"0,05",www,0
27,0,3,4,3,3,1,"91,45",9750,"0,05",www,0
21,0,3,4,3,3,0,"65,25",669,"0,05",www,0
25,0,3,4,3,3,0,"77,77",2044,"0,05",www,0
22,0,3,4,3,3,0,"73,72",5919,"0,05",www,0
26,0,3,4,3,3,0,"88,06",7650,"0,05",www,0
27,0,3,4,3,3,0,"84,19",7925,"0,05",www,0
27,0,3,4,3,3,0,"97,26",8443,"0,05",www,0
22,0,3,4,3,3,0,"72,49",8457,"0,05",www,0
24,0,3,4,3,4,2,"81,62",381,"0,05",www,0
19,0,3,4,3,4,2,"62,01",3205,"0,05",www,0
21,0,3,4,3,4,2,"70,33",6181,"0,05",www,0
26,0,3,4,3,4,2,"86,29",8153,"0,05",www,0
27,0,3,4,3,4,2,"83,64",8845,"0,05",www,0
26,0,3,4,2,3,1,"80,34",6683,"0,05",www,0
23,0,3,4,2,3,0,"74,84",2309,"0,05",www,0
19,0,3,4,1,1,1,"62,40",686,"0,05",www,1
27,0,3,4,4,4,1,"87,23",803,"0,05",www,0
26,0,3,4,1,2,1,"90,02",2585,"0,05",www,0
21,0,3,4,1,2,1,"72,04",4371,"0,05",www,0
23,0,3,4,4,4,1,"72,36",5825,"0,05",www,0
27,0,3,4,1,1,1,"89,06",7595,"0,05",www,0
27,0,3,4,1,2,1,"90,61",9380,"0,05",www,0
27,0,3,4,1,1,1,"89,26",9865,"0,05",www,0
26,0,3,4,4,4,2,"90,16",12,"0,05",www,0
25,0,3,4,1,2,2,"82,91",556,"0,05",www,0
25,0,3,4,2,2,2,"73,29",1126,"0,05",www,0
22,0,3,4,1,2,0,"78,72",1912,"0,05",www,0
26,0,3,4,1,2,2,"84,73",1963,"0,05",www,0
18,0,3,4,1,1,2,"59,15",4431,"0,05",www,0
25,0,3,4,1,2,0,"87,96",4576,"0,05",www,1
25,0,3,4,4,4,0,"81,42",6038,"0,05",www,0
20,0,3,4,1,1,2,"60,16",7179,"0,05",www,0
22,0,3,4,4,4,0,"64,10",8701,"0,05",www,0
21,0,3,4,1,1,2,"72,28",8971,"0,05",www,1
18,0,2,1,3,3,1,"61,66",515,"0,05",www,0
21,0,2,2,3,3,1,"70,40",1280,"0,05",www,0
24,0,2,2,3,3,1,"73,43",4540,"0,05",www,0
25,0,2,1,3,3,1,"80,09",4974,"0,05",www,0
27,0,2,2,3,3,1,"89,93",5056,"0,05",www,0
24,0,2,1,3,3,1,"86,37",5841,"0,05",www,0
25,0,2,2,3,3,1,"70,46",6620,"0,05",www,0
21,0,2,1,3,3,1,"59,28",7117,"0,05",www,0
20,0,2,2,3,3,1,"64,61",7267,"0,05",www,0
26,0,2,1,3,3,1,"74,26",8031,"0,05",www,0
26,0,2,1,3,3,1,"89,02",8865,"0,05",www,0
26,0,2,2,3,3,1,"81,03",9113,"0,05",www,0
25,0,2,1,3,3,0,"83,89",1617,"0,05",www,0
24,0,2,1,3,3,2,"72,42",3390,"0,05",www,0
21,0,2,1,3,3,2,"67,43",6691,"0,05",www,0
25,0,2,2,3,3,2,"78,71",6991,"0,05",www,0
24,0,2,1,3,3,0,"80,13",7885,"0,05",www,0
22,0,2,1,3,3,2,"72,43",8121,"0,05",www,0
22,0,2,2,3,3,2,"62,17",9110,"0,05",www,0
24,0,2,1,3,4,1,"71,99",4470,"0,05",www,1
24,0,2,1,3,4,1,"73,01",7911,"0,05",www,1
23,0,2,1,3,4,2,"65,09",315,"0,05",www,0
18,0,2,2,3,4,0,"55,41",3280,"0,05",www,0
18,0,2,1,3,4,2,"62,54",3644,"0,05",www,0
19,0,2,1,3,4,2,"53,29",4875,"0,05",www,0
26,0,2,1,3,4,0,"83,53",5686,"0,05",www,0
24,0,2,2,3,4,0,"72,13",7126,"0,05",www,0
22,0,2,2,3,4,0,"78,29",7346,"0,05",www,0
26,0,2,2,3,4,2,"84,16",7661,"0,05",www,0
24,0,2,1,3,4,0,"75,51",7748,"0,05",www,0
25,0,2,1,3,4,2,"86,68",8644,"0,05",www,0
27,0,2,2,2,3,1,"85,02",3375,"0,05",www,1
18,0,2,2,2,3,1,"66,05",3776,"0,05",www,0
23,0,2,1,2,3,1,"72,05",9759,"0,05",www,0
21,0,2,2,2,3,2,"69,17",8768,"0,05",www,0
21,0,2,1,4,4,1,"60,37",533,"0,057730882",www,0
18,0,2,2,1,1,1,"64,15",1095,"0,057730882",www,1
24,0,2,1,4,4,1,"80,03",1286,"0,057730882",www,0
24,0,2,2,1,1,1,"74,05",1984,"0,057730882",www,0
23,0,2,1,4,4,1,"72,65",2245,"0,057730882",www,0
23,0,2,1,4,4,1,"79,81",2274,"0,057730882",www,0
25,0,2,2,1,1,1,"86,34",2413,"0,057730882",www,0
21,0,2,1,1,1,1,"69,73",2631,"0,057730882",www,0
27,0,2,1,1,1,1,"82,42",2797,"0,057730882",www,1
24,0,2,1,1,1,1,"78,26",3889,"0,057730882",www,1
24,0,2,1,1,1,1,"77,80",3992,"0,057730882",www,0
27,0,2,1,4,4,1,"86,17",5602,"0,057730882",www,0
27,0,2,1,4,4,1,"79,48",5845,"0,057730882",www,0
27,0,2,1,1,2,1,"83,33",6940,"0,057730882",www,0
18,0,2,2,4,4,1,"66,02",9218,"0,057730882",www,0
24,0,2,1,1,1,0,"77,76",499,"0,057730882",www,1
22,0,2,1,1,1,0,"73,08",578,"0,057730882",www,1
24,0,2,1,2,2,0,"81,06",611,"0,057730882",www,1
23,0,2,1,1,2,0,"80,27",713,"0,057730882",www,1
24,0,2,2,1,1,2,"73,09",879,"0,057730882",www,0
20,0,2,1,1,2,2,"64,14",968,"0,057730882",www,1
24,0,2,2,4,4,3,"87,67",1305,"0,057730882",www,0
20,0,2,2,1,1,2,"60,97",1835,"0,057730882",www,1
27,0,2,1,1,1,2,"87,02",1988,"0,057730882",www,0
21,0,2,2,1,2,2,"65,54",2292,"0,057730882",www,1
23,0,2,2,4,4,2,"82,38",2355,"0,057730882",www,0
25,0,2,2,1,1,2,"82,65",2639,"0,057730882",www,0
24,0,2,1,1,2,2,"78,67",2720,"0,057730882",www,0
26,0,2,1,2,2,2,"83,08",3202,"0,057730882",www,0
18,0,2,2,1,1,2,"68,13",3665,"0,057730882",www,0
21,0,2,2,1,2,2,"61,62",3952,"0,057730882",www,0
24,0,2,1,1,2,2,"80,16",4615,"0,057730882",www,0
23,0,2,1,2,2,2,"84,99",4704,"0,057730882",www,0
25,0,2,2,1,1,2,"80,92",4763,"0,057730882",www,1
26,0,2,1,1,1,2,"86,18",4938,"0,057730882",www,0
22,0,2,1,1,2,2,"81,46",5171,"0,057730882",www,1
22,0,2,2,2,2,0,"63,13",5703,"0,057730882",www,0
25,0,2,1,2,2,0,"83,34",6257,"0,057730882",www,0
27,0,2,1,4,4,2,"93,50",6615,"0,057730882",www,0
22,0,2,1,1,2,3,"62,86",6735,"0,057730882",www,0
27,0,2,2,4,4,2,"84,51",6826,"0,057730882",www,0
22,0,2,2,2,2,3,"77,39",6916,"0,057730882",www,0
21,0,2,1,4,4,2,"77,91",7538,"0,057730882",www,0
20,0,2,2,4,4,2,"69,59",7819,"0,057730882",www,0
21,0,2,1,1,2,2,"70,53",9184,"0,057730882",www,1
27,0,2,1,4,4,2,"89,16",9260,"0,057730882",www,0
25,0,2,2,1,1,0,"83,06",9412,"0,057730882",www,0
21,0,2,2,2,2,2,"65,56",9660,"0,057730882",www,1
20,0,2,3,3,3,1,"69,02",3475,"0,05",www,0
24,0,2,3,3,3,1,"74,11",6442,"0,05",www,0
25,0,2,3,3,3,1,"80,82",7341,"0,05",www,0
24,0,2,3,3,3,2,"75,64",1498,"0,05",www,0
25,0,2,3,3,3,2,"79,80",6280,"0,05",www,0
23,0,2,3,3,3,2,"79,29",7502,"0,05",www,0
25,0,2,3,3,3,0,"79,69",8880,"0,05",www,0
25,0,2,3,3,4,1,"77,05",4377,"0,05",www,0
20,0,2,3,3,4,1,"65,83",9048,"0,05",www,0
19,0,2,3,3,4,1,"53,34",9776,"0,05",www,0
23,0,2,3,3,4,2,"77,37",2507,"0,05",www,0
23,0,2,3,3,4,2,"74,66",3450,"0,05",www,0
19,0,2,3,3,4,2,"63,41",3657,"0,05",www,0
18,0,2,3,3,4,2,"61,16",5534,"0,05",www,0
26,0,2,3,2,3,1,"84,76",5637,"0,05",www,0
27,0,2,3,2,3,0,"85,87",765,"0,05",www,0
24,0,2,3,2,3,3,"73,12",6391,"0,05",www,0
22,0,2,3,2,3,2,"69,04",8327,"0,05",www,0
25,0,2,3,4,4,1,"77,86",847,"0,05",www,0
24,0,2,3,1,1,1,"75,26",1586,"0,05",www,1
27,0,2,3,1,2,1,"94,56",4352,"0,05",www,0
25,0,2,3,4,4,1,"81,11",7479,"0,05",www,0
22,0,2,3,1,2,1,"76,13",8377,"0,05",www,0
27,0,2,3,2,2,1,"89,00",9331,"0,05",www,0
23,0,2,3,2,2,3,"74,55",1675,"0,05",www,0
21,0,2,3,2,2,0,"66,89",2296,"0,05",www,0
23,0,2,3,1,1,2,"76,03",2524,"0,05",www,0
26,0,2,3,2,2,0,"77,66",3302,"0,05",www,0
18,0,2,3,4,4,0,"68,53",5282,"0,05",www,0
25,0,2,3,1,1,2,"78,11",5629,"0,05",www,0
23,0,2,3,4,4,2,"69,11",6910,"0,05",www,0
25,0,2,3,4,4,0,"83,46",7060,"0,05",www,0
27,0,2,3,1,1,0,"83,80",7990,"0,05",www,0
23,0,2,3,1,2,2,"76,83",9758,"0,05",www,0
26,0,2,4,3,3,1,"90,96",2441,"0,05",www,0
19,0,2,4,3,3,1,"65,07",4216,"0,05",www,0
25,0,2,4,3,3,1,"83,11",5558,"0,05",www,0
27,0,2,4,3,3,1,"79,76",6099,"0,05",www,0
22,0,2,4,3,3,0,"76,29",1187,"0,05",www,0
24,0,2,4,3,3,2,"76,78",3756,"0,05",www,0
20,0,2,4,3,3,0,"74,54",4103,"0,05",www,0
23,0,2,4,3,3,2,"82,80",5753,"0,05",www,0
23,0,2,4,3,3,2,"67,52",8316,"0,05",www,0
26,0,2,4,3,3,2,"80,19",8739,"0,05",www,0
21,0,2,4,3,4,1,"66,79",5198,"0,05",www,0
22,0,2,4,3,4,1,"74,91",5393,"0,05",www,0
25,0,2,4,3,4,1,"83,48",8218,"0,05",www,0
21,0,2,4,3,4,1,"76,76",8609,"0,05",www,0
25,0,2,4,3,4,0,"78,78",457,"0,05",www,0
23,0,2,4,3,4,2,"73,26",2765,"0,05",www,0
27,0,2,4,3,4,2,"81,54",3431,"0,05",www,0
23,0,2,4,3,4,2,"76,39",6028,"0,05",www,0
19,0,2,4,3,4,2,"68,45",6187,"0,05",www,0
23,0,2,4,3,4,3,"78,77",6682,"0,05",www,0
20,0,2,4,3,4,0,"68,42",7795,"0,05",www,0
26,0,2,4,3,4,2,"81,90",8469,"0,05",www,0
27,0,2,4,2,3,1,"90,63",9204,"0,05",www,0
27,0,2,4,2,3,2,"82,58",1882,"0,05",www,0
23,0,2,4,1,1,1,"80,33",4772,"0,05",www,1
20,0,2,4,1,1,1,"72,29",9836,"0,05",www,0
22,0,2,4,4,4,1,"70,20",9864,"0,05",www,0
23,0,2,4,1,1,2,"63,37",812,"0,05",www,1
24,0,2,4,1,2,0,"72,68",1655,"0,05",www,0
27,0,2,4,4,4,2,"74,50",2107,"0,05",www,0
24,0,2,4,1,2,0,"77,82",2122,"0,05",www,0
21,0,2,4,1,1,2,"74,59",3516,"0,05",www,0
27,0,2,4,2,2,0,"87,48",3804,"0,05",www,0
19,0,2,4,1,2,0,"55,49",5341,"0,05",www,0
21,0,2,4,4,4,0,"69,92",5684,"0,05",www,0
21,0,2,4,2,2,2,"66,66",6928,"0,05",www,0
26,0,2,4,1,2,0,"90,54",8352,"0,05",www,0
20,0,2,4,1,2,3,"62,62",9094,"0,05",www,0
21,0,2,4,4,4,2,"69,48",9777,"0,05",www,0
18,0,2,4,4,4,2,"53,08",9990,"0,05",www,0
18,1,4,1,3,3,1,"57,46",1573,"0,05",www,0
19,1,4,2,3,3,1,"63,06",1971,"0,05",www,0
24,1,4,1,3,3,1,"79,43",2235,"0,05",www,0
23,1,4,2,3,3,1,"77,60",2517,"0,05",www,0
27,1,1,1,3,3,1,"89,19",2554,"0,05",www,0
23,1,1,2,3,3,1,"70,13",2950,"0,05",www,1
27,1,4,1,3,3,1,"81,52",3167,"0,05",www,0
22,1,4,1,3,3,1,"71,36",3397,"0,05",www,0
26,1,4,1,3,3,1,"89,37",3423,"0,05",www,0
23,1,1,1,3,3,1,"76,04",3441,"0,05",www,0
27,1,4,2,3,3,1,"76,42",3708,"0,05",www,0
27,1,1,1,3,3,1,"84,89",3774,"0,05",www,0
25,1,1,1,3,3,1,"76,48",5768,"0,05",www,0
25,1,1,1,3,3,1,"89,12",6236,"0,05",www,0
22,1,1,1,3,3,1,"58,58",6753,"0,05",www,0
21,1,4,2,3,3,1,"59,48",8757,"0,05",www,0
26,1,1,2,3,3,0,"87,77",33,"0,05",www,0
23,1,1,2,3,3,2,"76,22",150,"0,05",www,0
24,1,1,1,3,3,2,"84,33",664,"0,05",www,0
26,1,1,2,3,3,0,"89,29",824,"0,05",www,0
27,1,4,1,3,3,2,"87,16",1436,"0,05",www,0
24,1,1,2,3,3,2,"80,88",2035,"0,05",www,0
27,1,4,1,3,3,2,"89,90",2454,"0,05",www,0
21,1,1,1,3,3,2,"65,93",2557,"0,05",www,0
20,1,1,1,3,3,2,"69,55",2667,"0,05",www,0
25,1,1,1,3,3,2,"68,59",3576,"0,05",www,0
24,1,1,2,3,3,2,"75,16",4536,"0,05",www,1
18,1,4,2,3,3,2,"57,33",4745,"0,05",www,0
22,1,1,1,3,3,0,"77,16",6142,"0,05",www,0
27,1,4,1,3,3,2,"91,79",6417,"0,05",www,0
23,1,1,2,3,3,0,"68,09",7225,"0,05",www,0
23,1,1,1,3,3,2,"75,88",8192,"0,05",www,0
27,1,4,2,3,3,3,"78,93",8296,"0,05",www,1
26,1,1,1,3,3,2,"85,28",8466,"0,05",www,0
20,1,1,2,3,3,2,"60,33",8582,"0,05",www,0
27,1,4,2,3,3,0,"92,24",9949,"0,05",www,0
25,1,1,1,3,4,1,"80,57",1185,"0,05",www,0
19,1,1,1,3,4,1,"58,86",1516,"0,05",www,1
19,1,1,1,3,4,1,"65,26",1745,"0,05",www,0
27,1,1,1,3,4,1,"87,17",2383,"0,05",www,0
23,1,1,1,3,4,1,"70,90",2640,"0,05",www,0
27,1,4,1,3,4,1,"80,79",5388,"0,05",www,0
27,1,1,2,3,4,1,"79,42",6196,"0,05",www,0
26,1,4,1,3,4,1,"85,07",6645,"0,05",www,0
20,1,4,2,3,4,1,"56,74",9418,"0,05",www,0
22,1,1,1,3,4,1,"67,42",9445,"0,05",www,0
20,1,1,1,3,4,2,"71,35",1690,"0,05",www,0
22,1,1,2,3,4,0,"71,23",2298,"0,05",www,0
22,1,1,1,3,4,2,"75,45",3179,"0,05",www,0
23,1,1,2,3,4,0,"69,88",3494,"0,05",www,0
26,1,1,1,3,4,2,"79,14",3688,"0,05",www,0
26,1,4,1,3,4,2,"84,41",4161,"0,05",www,0
18,1,1,2,3,4,2,"56,88",5119,"0,05",www,0
24,1,1,2,3,4,0,"77,88",5249,"0,05",www,0
24,1,1,1,3,4,2,"82,42",6412,"0,05",www,0
18,1,1,2,3,4,2,"56,44",7898,"0,05",www,0
27,1,4,2,2,3,1,"87,65",4227,"0,05",www,0
27,1,1,2,2,3,1,"76,50",9454,"0,05",www,0
27,1,1,1,2,3,3,"82,69",1448,"0,05",www,0
21,1,4,2,2,3,2,"69,95",7298,"0,05",www,0
24,1,1,1,2,3,0,"76,11",7698,"0,05",www,0
21,1,4,2,2,3,0,"66,96",9886,"0,05",www,0
20,1,1,2,1,2,1,"69,21",304,"0,05",www,0
24,1,4,1,1,1,1,"72,74",720,"0,05",www,1
25,1,4,2,1,2,1,"75,56",794,"0,05",www,0
26,1,4,1,1,2,1,"86,07",1609,"0,05",www,0
25,1,1,2,4,4,1,"94,54",1749,"0,05",www,0
24,1,4,2,1,2,1,"77,93",2101,"0,05",www,1
19,1,4,2,2,2,1,"68,52",2333,"0,05",www,0
21,1,1,2,1,2,1,"66,57",2790,"0,05",www,1
21,1,4,1,4,4,1,"64,95",2961,"0,05",www,1
23,1,1,1,4,4,1,"73,43",3110,"0,05",www,0
23,1,4,1,1,2,1,"67,61",3213,"0,05",www,1
25,1,1,2,1,1,1,"81,46",3298,"0,05",www,0
23,1,1,2,1,2,1,"69,08",4746,"0,05",www,0
26,1,4,1,4,4,1,"81,83",4835,"0,05",www,0
26,1,4,2,4,4,1,"82,56",5321,"0,05",www,0
24,1,4,1,2,2,1,"80,43",5336,"0,05",www,0
24,1,1,1,1,2,1,"82,64",5425,"0,05",www,0
24,1,1,1,4,4,1,"84,47",5711,"0,05",www,0
20,1,4,1,1,1,1,"66,60",6202,"0,05",www,0
27,1,1,1,1,1,1,"91,62",6414,"0,05",www,0
22,1,4,1,2,2,1,"65,76",6498,"0,05",www,0
24,1,1,2,2,2,1,"66,66",7099,"0,05",www,0
21,1,1,2,1,1,1,"77,42",7153,"0,05",www,0
25,1,1,1,2,2,1,"73,26",7174,"0,05",www,1
18,1,4,1,1,1,1,"63,28",8036,"0,05",www,1
21,1,1,1,1,1,1,"70,25",8861,"0,05",www,1
23,1,4,1,4,4,1,"65,01",9057,"0,05",www,0
21,1,1,1,1,2,1,"69,16",9729,"0,05",www,1
21,1,1,2,4,4,2,"73,99",70,"0,05",www,0
22,1,1,1,4,4,0,"73,27",431,"0,05",www,0
25,1,1,2,1,1,2,"86,02",601,"0,05",www,0
25,1,4,2,1,1,2,"77,53",896,"0,05",www,1
23,1,1,2,2,2,0,"73,50",934,"0,05",www,0
27,1,1,1,1,1,2,"84,61",1131,"0,05",www,0
26,1,4,1,1,1,2,"85,14",1488,"0,05",www,0
22,1,4,1,2,2,0,"79,94",1530,"0,05",www,0
21,1,1,1,1,1,0,"69,67",1693,"0,05",www,0
26,1,1,2,1,1,3,"85,71",1863,"0,05",www,0
22,1,4,2,1,2,2,"73,84",2277,"0,05",www,0
19,1,4,1,4,4,2,"68,34",2332,"0,05",www,0
23,1,4,2,1,1,0,"78,67",2575,"0,05",www,0
23,1,1,1,4,4,2,"74,92",2609,"0,05",www,0
22,1,1,1,1,1,2,"70,38",2613,"0,05",www,1
27,1,4,2,1,1,0,"86,91",2654,"0,05",www,0
23,1,1,2,4,4,2,"69,29",2769,"0,05",www,0
26,1,4,2,2,2,2,"81,74",2882,"0,05",www,0
27,1,1,1,4,4,2,"88,22",3719,"0,05",www,0
26,1,4,1,1,1,2,"75,64",3750,"0,05",www,0
23,1,4,2,1,2,2,"84,45",3970,"0,05",www,0
22,1,1,2,1,2,0,"70,37",4223,"0,05",www,0
26,1,1,2,1,1,2,"80,97",4253,"0,05",www,1
24,1,4,2,1,2,0,"76,12",4291,"0,05",www,1
23,1,4,1,1,1,2,"70,82",4448,"0,05",www,0
22,1,1,2,4,4,2,"66,04",4538,"0,05",www,0
26,1,4,2,2,2,0,"83,38",5124,"0,05",www,0
25,1,4,2,1,1,2,"79,73",5397,"0,05",www,1
24,1,4,2,4,4,2,"76,03",5569,"0,05",www,1
18,1,4,2,1,1,0,"55,48",6212,"0,05",www,0
26,1,4,1,1,2,2,"75,09",6261,"0,05",www,0
26,1,1,1,1,1,2,"85,10",6340,"0,05",www,0
21,1,1,2,1,1,0,"65,84",6731,"0,05",www,1
23,1,1,1,1,1,0,"68,88",6975,"0,05",www,1
27,1,4,1,1,2,2,"79,78",7046,"0,05",www,0
27,1,4,1,1,2,2,"81,23",7085,"0,05",www,0
19,1,4,1,1,2,2,"62,83",7172,"0,05",www,0
27,1,4,1,1,2,2,"89,34",7369,"0,05",www,1
20,1,1,2,1,1,2,"68,65",7525,"0,05",www,0
22,1,1,1,1,2,0,"71,18",7614,"0,05",www,1
22,1,4,1,4,4,3,"70,33",7685,"0,05",www,0
18,1,4,2,2,2,2,"59,79",8425,"0,05",www,0
25,1,1,2,4,4,0,"88,24",8480,"0,05",www,0
21,1,4,2,1,2,0,"71,51",8540,"0,05",www,0
22,1,1,1,4,4,2,"69,78",8577,"0,05",www,0
18,1,4,1,2,2,3,"59,94",8703,"0,05",www,0
26,1,1,1,2,2,2,"82,30",8762,"0,05",www,0
27,1,4,2,2,2,0,"98,94",8987,"0,05",www,0
21,1,4,2,4,4,0,"63,03",9003,"0,05",www,0
20,1,1,1,1,1,0,"61,84",9235,"0,05",www,0
19,1,1,1,2,2,0,"66,59",9404,"0,05",www,0
25,1,4,2,4,4,0,"71,77",9437,"0,05",www,0
18,1,4,2,1,2,2,"67,40",9662,"0,05",www,0
26,1,4,2,2,2,0,"84,39",9792,"0,05",www,0
22,1,1,2,2,2,0,"75,63",9842,"0,05",www,0
21,1,4,2,4,4,0,"68,52",9924,"0,05",www,0
26,1,1,3,3,3,1,"82,71",908,"0,05",www,0
26,1,4,3,3,3,1,"75,68",2091,"0,05",www,0
19,1,4,3,3,3,1,"58,46",4554,"0,05",www,0
25,1,4,3,3,3,1,"76,09",5894,"0,05",www,0
25,1,1,3,3,3,1,"83,00",5984,"0,05",www,0
22,1,1,3,3,3,1,"78,67",7078,"0,05",www,0
26,1,4,3,3,3,1,"86,45",7424,"0,05",www,0
18,1,4,3,3,3,1,"66,87",7579,"0,05",www,0
19,1,4,3,3,3,1,"64,84",8350,"0,05",www,0
23,1,4,3,3,3,2,"81,82",1295,"0,05",www,0
24,1,1,3,3,3,2,"84,69",1378,"0,05",www,0
22,1,1,3,3,3,2,"74,07",1445,"0,05",www,0
18,1,1,3,3,3,0,"71,34",1517,"0,05",www,0
25,1,1,3,3,3,0,"70,12",2663,"0,05",www,0
21,1,1,3,3,3,2,"71,10",2983,"0,05",www,0
22,1,4,3,3,3,2,"78,41",4697,"0,05",www,0
22,1,4,3,3,3,0,"73,92",5607,"0,05",www,0
27,1,1,3,3,3,0,"82,91",5609,"0,05",www,0
22,1,1,3,3,3,2,"67,75",7869,"0,05",www,0
26,1,1,3,3,3,0,"87,44",8958,"0,05",www,0
25,1,4,3,3,3,0,"80,44",9287,"0,05",www,0
21,1,1,3,3,3,2,"72,92",9893,"0,05",www,0
18,1,4,3,3,4,1,"63,49",863,"0,05",www,0
22,1,4,3,3,4,1,"75,71",5803,"0,05",www,0
23,1,1,3,3,4,1,"68,01",5833,"0,05",www,0
23,1,4,3,3,4,3,"68,92",252,"0,05",www,0
27,1,1,3,3,4,2,"88,26",559,"0,05",www,0
25,1,4,3,3,4,2,"72,44",2220,"0,05",www,0
24,1,1,3,3,4,2,"88,12",2345,"0,05",www,0
25,1,1,3,3,4,2,"79,58",5241,"0,05",www,0
19,1,4,3,3,4,0,"59,73",5269,"0,05",www,0
24,1,4,3,3,4,2,"75,08",6690,"0,05",www,0
24,1,1,3,2,3,2,"77,66",975,"0,05",www,0
20,1,4,3,2,3,0,"65,72",1201,"0,05",www,0
21,1,1,3,2,3,2,"68,03",1251,"0,05",www,0
26,1,1,3,2,3,2,"81,65",7094,"0,05",www,0
24,1,1,3,4,4,1,"74,47",290,"0,05",www,0
21,1,1,3,1,2,1,"61,88",298,"0,05",www,0
23,1,4,3,2,2,1,"81,12",2561,"0,05",www,0
18,1,1,3,4,4,1,"56,55",2634,"0,05",www,0
25,1,4,3,4,4,1,"83,77",4250,"0,05",www,0
27,1,1,3,4,4,1,"90,17",5019,"0,05",www,0
18,1,1,3,1,2,1,"63,00",7059,"0,05",www,0
24,1,1,3,1,2,1,"81,92",7665,"0,05",www,0
18,1,1,3,4,4,1,"66,58",7695,"0,05",www,0
22,1,1,3,4,4,1,"74,71",8281,"0,05",www,0
26,1,4,3,1,2,1,"81,63",8440,"0,05",www,0
23,1,1,3,1,2,1,"80,55",8887,"0,05",www,0
23,1,1,3,4,4,2,"77,00",986,"0,05",www,0
20,1,4,3,4,4,2,"69,16",2637,"0,05",www,0
23,1,4,3,2,2,2,"67,98",2699,"0,05",www,0
23,1,4,3,1,2,0,"74,61",2835,"0,05",www,0
19,1,1,3,1,1,2,"61,89",3217,"0,05",www,0
27,1,1,3,4,4,2,"83,58",3237,"0,05",www,0
27,1,4,3,2,2,2,"83,10",3607,"0,05",www,0
27,1,4,3,2,2,2,"98,81",4139,"0,05",www,0
25,1,1,3,4,4,0,"84,72",4225,"0,05",www,0
21,1,1,3,1,1,3,"71,99",4384,"0,05",www,1
24,1,4,3,4,4,0,"74,26",5129,"0,05",www,0
19,1,4,3,4,4,2,"63,40",6171,"0,05",www,0
20,1,4,3,2,2,2,"62,30",6433,"0,05",www,0
22,1,4,3,1,2,2,"76,55",7032,"0,05",www,0
22,1,4,3,1,1,2,"75,12",7484,"0,05",www,0
27,1,4,3,4,4,2,"87,06",7940,"0,05",www,0
22,1,1,3,1,1,2,"64,55",8249,"0,05",www,0
27,1,4,3,1,1,0,"93,18",8356,"0,05",www,0
24,1,4,3,1,2,2,"84,61",8437,"0,05",www,0
26,1,1,3,1,2,3,"80,07",8692,"0,05",www,0
27,1,1,3,4,4,2,"87,12",8976,"0,05",www,0
21,1,1,3,1,1,2,"71,56",9945,"0,05",www,0
25,1,4,4,3,3,1,"84,11",3680,"0,05",www,0
24,1,4,4,3,3,1,"88,51",3947,"0,05",www,0
27,1,4,4,3,3,1,"84,64",8048,"0,05",www,0
26,1,4,4,3,3,0,"79,97",3193,"0,05",www,0
25,1,1,4,3,3,0,"90,38",3349,"0,05",www,0
25,1,4,4,3,3,3,"88,63",4267,"0,05",www,0
20,1,1,4,3,3,3,"67,98",4296,"0,05",www,0
21,1,4,4,3,3,2,"67,78",4948,"0,05",www,0
25,1,4,4,3,3,2,"87,93",5639,"0,05",www,1
25,1,4,4,3,3,2,"71,43",6514,"0,05",www,0
24,1,4,4,3,3,0,"77,18",9416,"0,05",www,1
22,1,1,4,3,4,1,"73,21",3294,"0,05",www,0
19,1,1,4,3,4,1,"59,52",3364,"0,05",www,0
20,1,4,4,3,4,1,"64,83",8231,"0,05",www,1
27,1,4,4,3,4,1,"88,70",9921,"0,05",www,0
20,1,4,4,3,4,2,"69,67",7810,"0,05",www,0
18,1,4,4,3,4,2,"62,95",8547,"0,05",www,0
24,1,4,4,3,4,0,"74,14",9153,"0,05",www,0
19,1,1,4,2,3,1,"64,03",1603,"0,05",www,0
22,1,1,4,2,3,1,"63,32",4428,"0,05",www,0
23,1,4,4,2,3,1,"78,98",6792,"0,05",www,0
19,1,4,4,2,3,2,"67,00",8334,"0,05",www,0
24,1,1,4,4,4,1,"82,86",108,"0,05",www,0
25,1,4,4,1,1,1,"76,75",529,"0,05",www,0
24,1,1,4,1,2,1,"80,33",882,"0,05",www,0
25,1,1,4,2,2,1,"88,34",1068,"0,05",www,0
23,1,1,4,1,2,1,"73,22",1461,"0,05",www,0
19,1,1,4,1,1,1,"72,73",2224,"0,05",www,0
25,1,1,4,1,1,1,"84,78",2462,"0,05",www,0
27,1,1,4,2,2,1,"81,09",3263,"0,05",www,0
18,1,1,4,4,4,1,"62,29",3984,"0,05",www,0
21,1,4,4,1,1,1,"74,71",4347,"0,05",www,1
23,1,4,4,1,1,1,"79,53",4500,"0,05",www,1
25,1,1,4,4,4,1,"72,82",5702,"0,05",www,0
27,1,4,4,1,1,1,"89,18",5792,"0,05",www,0
23,1,1,4,2,2,1,"73,78",5798,"0,05",www,0
26,1,1,4,4,4,1,"84,29",8066,"0,05",www,0
27,1,1,4,2,2,1,"85,78",8686,"0,05",www,0
26,1,4,4,2,2,1,"81,72",8854,"0,05",www,0
23,1,1,4,4,4,1,"73,37",8952,"0,05",www,0
23,1,1,4,4,4,0,"81,43",614,"0,05",www,0
19,1,1,4,1,1,2,"64,16",922,"0,05",www,0
27,1,1,4,1,1,2,"83,42",1136,"0,05",www,0
22,1,1,4,2,2,0,"72,32",1266,"0,05",www,0
25,1,4,4,4,4,2,"77,71",1687,"0,05",www,0
21,1,1,4,4,4,0,"71,80",2051,"0,05",www,0
19,1,4,4,4,4,2,"65,59",2247,"0,05",www,0
25,1,4,4,2,2,3,"68,85",2268,"0,05",www,0
24,1,4,4,4,4,2,"76,98",2408,"0,05",www,0
22,1,4,4,1,2,3,"78,08",3013,"0,05",www,0
23,1,4,4,1,1,2,"66,27",3270,"0,05",www,0
26,1,1,4,1,1,2,"86,28",3291,"0,05",www,0
20,1,1,4,4,4,2,"56,45",4154,"0,05",www,0
18,1,4,4,4,4,2,"70,29",4582,"0,05",www,0
26,1,4,4,1,1,2,"86,99",6561,"0,05",www,0
20,1,4,4,1,1,2,"69,56",6599,"0,05",www,0
23,1,1,4,4,4,0,"74,87",7289,"0,05",www,0
26,1,1,4,2,2,2,"78,06",7465,"0,05",www,0
27,1,1,4,1,1,0,"87,30",8030,"0,05",www,0
27,1,1,4,4,4,2,"84,36",9056,"0,05",www,0
27,1,1,4,1,1,2,"94,67",9255,"0,05",www,0
19,1,4,4,1,1,0,"66,41",9311,"0,05",www,1
27,1,3,1,3,3,1,"92,27",3866,"0,05",www,0
25,1,3,2,3,3,1,"76,66",4235,"0,05",www,0
24,1,3,1,3,3,1,"86,99",7454,"0,05",www,0
22,1,3,1,3,3,1,"68,82",9093,"0,05",www,0
26,1,3,2,3,3,2,"84,26",763,"0,05",www,0
27,1,3,2,3,3,2,"84,16",1465,"0,05",www,0
24,1,3,1,3,3,2,"79,50",2693,"0,05",www,0
23,1,3,1,3,3,2,"69,64",3696,"0,05",www,0
19,1,3,2,3,3,0,"61,84",4059,"0,05",www,0
26,1,3,1,3,3,0,"91,90",5206,"0,05",www,0
21,1,3,1,3,3,0,"63,64",5464,"0,05",www,0
24,1,3,2,3,3,0,"79,28",5958,"0,05",www,0
23,1,3,1,3,3,0,"77,76",8191,"0,05",www,0
25,1,3,2,3,3,2,"77,70",8330,"0,05",www,0
23,1,3,1,3,3,0,"76,61",9246,"0,05",www,0
26,1,3,1,3,3,2,"78,62",9819,"0,05",www,0
23,1,3,2,3,4,1,"87,27",1020,"0,05",www,0
26,1,3,2,3,4,1,"89,97",3106,"0,05",www,0
27,1,3,1,3,4,1,"92,13",3635,"0,05",www,0
25,1,3,1,3,4,2,"77,19",491,"0,05",www,0
26,1,3,2,3,4,0,"81,75",613,"0,05",www,0
18,1,3,2,3,4,0,"56,29",4057,"0,05",www,1
20,1,3,1,3,4,0,"61,60",8174,"0,05",www,0
18,1,3,2,2,2,1,"53,18",1311,"0,05",www,0
21,1,3,1,2,2,1,"68,33",1653,"0,05",www,0
26,1,3,1,1,1,1,"83,34",2338,"0,05",www,0
25,1,3,2,1,1,1,"89,54",2763,"0,05",www,0
23,1,3,2,1,1,1,"72,73",2907,"0,05",www,0
21,1,3,2,1,2,1,"66,23",3466,"0,05",www,1
25,1,3,2,1,1,1,"75,24",3772,"0,05",www,0
20,1,3,1,2,2,1,"60,98",3925,"0,05",www,0
19,1,3,1,1,2,1,"64,39",4625,"0,05",www,1
24,1,3,1,1,2,1,"79,23",5234,"0,05",www,0
23,1,3,1,4,4,1,"71,65",5971,"0,05",www,0
23,1,3,1,1,2,1,"76,13",7644,"0,05",www,0
19,1,3,2,1,1,1,"61,14",8224,"0,05",www,0
25,1,3,1,4,4,1,"79,49",8997,"0,05",www,0
19,1,3,1,1,1,0,"68,36",697,"0,05",www,0
18,1,3,2,4,4,2,"60,40",1906,"0,05",www,0
24,1,3,2,1,1,2,"80,66",2021,"0,05",www,0
24,1,3,1,1,1,2,"77,71",2648,"0,05",www,0
26,1,3,2,1,1,2,"82,79",2795,"0,05",www,0
24,1,3,1,1,1,2,"84,69",2816,"0,05",www,0
23,1,3,2,1,1,0,"86,37",2963,"0,05",www,0
18,1,3,2,1,1,0,"53,41",3480,"0,05",www,0
19,1,3,2,4,4,3,"65,47",3821,"0,05",www,0
22,1,3,2,1,1,2,"74,84",3890,"0,05",www,0
20,1,3,1,4,4,0,"66,67",4052,"0,05",www,0
26,1,3,1,4,4,2,"83,63",4140,"0,05",www,0
24,1,3,1,4,4,0,"78,04",4516,"0,05",www,0
22,1,3,2,1,2,3,"65,82",4585,"0,05",www,1
25,1,3,1,1,1,2,"77,85",5788,"0,05",www,0
24,1,3,2,1,1,2,"82,46",5956,"0,05",www,0
18,1,3,1,4,4,0,"58,52",6244,"0,05",www,0
21,1,3,1,4,4,2,"68,40",6941,"0,05",www,0
20,1,3,1,2,2,2,"64,22",7002,"0,05",www,0
25,1,3,1,2,2,0,"80,49",7164,"0,05",www,0
27,1,3,2,2,2,0,"92,50",9833,"0,05",www,0
25,1,3,3,3,3,1,"78,47",2903,"0,05",www,0
23,1,3,3,3,3,1,"65,09",6232,"0,05",www,0
26,1,3,3,3,3,0,"90,82",2156,"0,05",www,0
24,1,3,3,3,3,2,"73,52",2934,"0,05",www,0
24,1,3,3,3,3,2,"73,79",4738,"0,05",www,0
27,1,3,3,3,3,2,"80,19",5001,"0,05",www,0
27,1,3,3,3,3,2,"76,66",5736,"0,05",www,0
18,1,3,3,3,3,2,"54,89",6806,"0,05",www,0
24,1,3,3,3,3,0,"81,53",8063,"0,05",www,0
22,1,3,3,3,3,0,"76,34",8328,"0,05",www,0
18,1,3,3,3,4,1,"66,89",4551,"0,05",www,0
21,1,3,3,3,4,1,"68,99",5856,"0,05",www,0
23,1,3,3,3,4,1,"71,41",6214,"0,05",www,0
21,1,3,3,3,4,1,"68,43",6828,"0,05",www,0
21,1,3,3,3,4,2,"75,98",176,"0,05",www,0
27,1,3,3,3,4,0,"90,21",418,"0,05",www,0
19,1,3,3,3,4,2,"64,78",810,"0,05",www,0
22,1,3,3,1,1,1,"75,11",976,"0,05",www,0
20,1,3,3,1,1,1,"61,05",3155,"0,05",www,0
27,1,3,3,1,2,1,"92,96",3474,"0,05",www,0
21,1,3,3,1,1,1,"64,56",4340,"0,05",www,0
21,1,3,3,1,1,1,"55,74",5084,"0,05",www,0
18,1,3,3,1,2,1,"59,10",7203,"0,05",www,0
24,1,3,3,4,4,1,"78,38",9696,"0,05",www,0
19,1,3,3,2,2,2,"58,24",420,"0,05",www,0
24,1,3,3,1,2,0,"79,62",568,"0,05",www,0
18,1,3,3,1,2,0,"61,60",961,"0,05",www,0
25,1,3,3,1,2,0,"73,81",1780,"0,05",www,0
25,1,3,3,1,1,2,"90,15",2321,"0,05",www,0
23,1,3,3,1,2,3,"68,76",2552,"0,05",www,0
26,1,3,3,2,2,0,"90,72",3007,"0,05",www,0
27,1,3,3,4,4,0,"89,01",3196,"0,05",www,0
27,1,3,3,4,4,2,"82,13",3231,"0,05",www,0
23,1,3,3,1,2,2,"65,83",5414,"0,05",www,0
24,1,3,3,4,4,2,"85,33",6583,"0,05",www,0
26,1,3,3,1,1,0,"77,26",8549,"0,05",www,0
19,1,3,3,2,2,0,"61,66",8877,"0,05",www,0
26,1,3,3,1,1,3,"83,90",9137,"0,05",www,0
26,1,3,4,3,3,1,"83,85",4573,"0,05",www,0
25,1,3,4,3,3,1,"81,87",5083,"0,05",www,0
27,1,3,4,3,3,1,"76,17",8897,"0,05",www,0
23,1,3,4,3,3,2,"80,01",635,"0,05",www,0
26,1,3,4,3,3,2,"86,18",2053,"0,05",www,0
24,1,3,4,3,3,2,"79,89",3767,"0,05",www,0
27,1,3,4,3,3,0,"86,33",5710,"0,05",www,0
25,1,3,4,3,3,2,"80,05",6230,"0,05",www,0
21,1,3,4,3,3,2,"68,79",6663,"0,05",www,0
24,1,3,4,3,3,2,"71,59",8884,"0,05",www,0
19,1,3,4,3,3,2,"59,35",9490,"0,05",www,0
25,1,3,4,3,4,1,"78,69",2201,"0,05",www,0
24,1,3,4,3,4,2,"78,65",2295,"0,05",www,0
25,1,3,4,3,4,2,"80,92",2626,"0,05",www,0
26,1,3,4,3,4,2,"89,55",4641,"0,05",www,0
22,1,3,4,3,4,2,"74,28",6925,"0,05",www,0
26,1,3,4,3,4,0,"88,14",8299,"0,05",www,0
20,1,3,4,2,3,1,"64,73",9995,"0,05",www,0
27,1,3,4,2,3,0,"96,42",2651,"0,05",www,0
25,1,3,4,1,2,1,"74,93",868,"0,05",www,0
27,1,3,4,1,2,1,"93,78",3402,"0,05",www,0
24,1,3,4,1,2,1,"82,22",3403,"0,05",www,0
25,1,3,4,1,1,1,"86,33",4759,"0,05",www,0
21,1,3,4,4,4,1,"68,95",6701,"0,05",www,0
23,1,3,4,2,2,1,"66,04",8518,"0,05",www,0
18,1,3,4,2,2,1,"53,29",9206,"0,05",www,0
22,1,3,4,1,1,2,"76,00",602,"0,05",www,0
27,1,3,4,1,2,2,"87,15",751,"0,05",www,0
25,1,3,4,1,1,0,"79,63",1410,"0,05",www,0
24,1,3,4,1,1,0,"76,68",2844,"0,05",www,0
27,1,3,4,2,2,2,"84,59",4407,"0,05",www,0
21,1,3,4,1,1,3,"61,77",5873,"0,05",www,0
19,1,3,4,1,1,3,"67,13",8957,"0,05",www,0
26,1,3,4,1,2,2,"80,32",9305,"0,05",www,0
21,1,3,4,1,1,0,"66,17",9609,"0,05",www,0
21,1,2,2,3,3,1,"66,65",647,"0,05",www,0
25,1,2,1,3,3,1,"80,63",776,"0,05",www,0
26,1,2,2,3,3,1,"86,26",1199,"0,05",www,0
26,1,2,1,3,3,1,"83,64",3239,"0,05",www,0
24,1,2,2,3,3,1,"78,45",4014,"0,05",www,0
23,1,2,2,3,3,1,"75,17",4565,"0,05",www,0
25,1,2,2,3,3,0,"83,08",138,"0,05",www,0
20,1,2,2,3,3,2,"66,19",1057,"0,05",www,0
18,1,2,1,3,3,2,"62,00",1456,"0,05",www,0
27,1,2,2,3,3,2,"83,74",3248,"0,05",www,0
23,1,2,1,3,3,2,"77,04",3417,"0,05",www,0
23,1,2,2,3,3,2,"73,88",4279,"0,05",www,1
27,1,2,1,3,3,2,"85,63",4814,"0,05",www,0
23,1,2,1,3,3,2,"74,06",5228,"0,05",www,0
22,1,2,2,3,3,2,"74,74",5310,"0,05",www,0
23,1,2,1,3,3,0,"70,41",5562,"0,05",www,0
23,1,2,1,3,3,2,"82,34",7140,"0,05",www,0
19,1,2,1,3,4,1,"60,07",4351,"0,05",www,0
21,1,2,2,3,4,1,"70,45",7171,"0,05",www,0
19,1,2,2,3,4,1,"71,33",8116,"0,05",www,0
24,1,2,1,3,4,1,"75,10",9778,"0,05",www,0
19,1,2,1,3,4,2,"68,98",246,"0,05",www,0
25,1,2,2,3,4,2,"69,30",2160,"0,05",www,0
24,1,2,1,3,4,2,"75,88",5108,"0,05",www,0
20,1,2,1,3,4,0,"58,67",7960,"0,05",www,0
23,1,2,2,3,4,0,"81,20",8011,"0,05",www,0
25,1,2,1,2,3,1,"84,04",8508,"0,05",www,0
27,1,2,1,2,3,2,"85,03",7537,"0,05",www,0
26,1,2,2,2,3,2,"85,34",7777,"0,05",www,0
26,1,2,2,4,4,1,"78,87",1009,"0,05",www,0
26,1,2,2,1,1,1,"82,65",2608,"0,05",www,0
20,1,2,2,1,2,1,"70,64",2717,"0,05",www,0
27,1,2,1,2,2,1,"86,14",3660,"0,05",www,0
23,1,2,1,1,2,1,"74,17",6330,"0,05",www,0
27,1,2,2,4,4,1,"86,98",9143,"0,05",www,0
21,1,2,2,4,4,2,"68,22",175,"0,05",www,0
27,1,2,1,1,1,2,"89,21",206,"0,05",www,0
23,1,2,2,2,2,3,"74,70",1696,"0,05",www,0
27,1,2,1,1,1,0,"85,21",1966,"0,05",www,0
26,1,2,2,4,4,2,"81,82",1980,"0,05",www,0
23,1,2,1,1,2,0,"75,37",2069,"0,05",www,0
25,1,2,2,1,1,2,"78,20",2257,"0,05",www,0
25,1,2,2,1,2,0,"75,77",2467,"0,05",www,0
27,1,2,2,2,2,2,"94,66",2767,"0,05",www,0
24,1,2,1,1,1,2,"83,30",3137,"0,05",www,1
20,1,2,2,1,2,2,"66,83",3158,"0,05",www,1
26,1,2,2,1,1,0,"79,95",3210,"0,05",www,0
20,1,2,1,1,1,2,"69,18",4356,"0,05",www,1
23,1,2,2,1,1,2,"82,21",4588,"0,05",www,0
27,1,2,1,4,4,2,"80,43",4771,"0,05",www,0
25,1,2,1,1,1,0,"77,23",5178,"0,05",www,0
18,1,2,2,1,2,0,"62,92",5566,"0,05",www,0
26,1,2,1,1,1,2,"87,82",5952,"0,05",www,0
27,1,2,1,2,2,2,"90,40",5953,"0,05",www,0
25,1,2,1,4,4,2,"82,05",6006,"0,05",www,0
22,1,2,1,1,1,2,"67,70",6680,"0,05",www,0
26,1,2,1,1,1,2,"81,35",7086,"0,05",www,0
24,1,2,1,4,4,0,"78,84",8221,"0,05",www,0
24,1,2,1,1,2,2,"72,73",8314,"0,05",www,0
24,1,2,2,1,2,0,"74,22",9051,"0,05",www,1
24,1,2,2,2,2,2,"68,94",9225,"0,05",www,0
22,1,2,2,1,2,2,"66,75",9466,"0,05",www,0
26,1,2,1,1,1,0,"83,46",9811,"0,05",www,0
23,1,2,3,3,3,1,"82,78",385,"0,05",www,0
24,1,2,3,3,3,1,"72,33",1805,"0,05",www,0
27,1,2,3,3,3,1,"82,46",7576,"0,05",www,0
25,1,2,3,3,3,1,"82,43",8824,"0,05",www,0
27,1,2,3,3,3,2,"87,46",974,"0,05",www,0
22,1,2,3,3,3,0,"66,70",2039,"0,05",www,0
23,1,2,3,3,3,0,"75,53",2197,"0,05",www,0
22,1,2,3,3,3,0,"68,29",3687,"0,05",www,0
20,1,2,3,3,3,2,"73,74",5283,"0,05",www,0
19,1,2,3,3,3,2,"53,30",8228,"0,05",www,0
25,1,2,3,3,3,2,"91,32",9860,"0,05",www,0
26,1,2,3,3,4,2,"77,58",267,"0,05",www,0
27,1,2,3,3,4,2,"80,23",2135,"0,05",www,0
20,1,2,3,3,4,2,"62,34",7103,"0,05",www,0
26,1,2,3,3,4,2,"83,75",9790,"0,05",www,0
21,1,2,3,1,1,1,"67,44",2576,"0,05",www,0
25,1,2,3,1,2,1,"75,77",5767,"0,05",www,0
22,1,2,3,2,2,1,"75,00",6327,"0,05",www,0
25,1,2,3,4,4,1,"70,73",7304,"0,05",www,0
21,1,2,3,1,2,1,"74,85",8802,"0,05",www,0
27,1,2,3,4,4,1,"94,84",8829,"0,05",www,0
19,1,2,3,4,4,0,"57,26",118,"0,05",www,0
26,1,2,3,1,1,2,"76,56",1446,"0,05",www,0
26,1,2,3,2,2,0,"82,93",1537,"0,05",www,0
19,1,2,3,1,1,0,"54,97",1737,"0,05",www,0
21,1,2,3,1,2,3,"72,73",4002,"0,05",www,0
18,1,2,3,2,2,2,"54,76",4368,"0,05",www,0
21,1,2,3,1,1,0,"66,51",4667,"0,05",www,0
19,1,2,3,1,1,0,"57,51",4955,"0,05",www,0
26,1,2,3,4,4,2,"74,19",5274,"0,05",www,0
21,1,2,3,1,2,2,"66,07",5832,"0,05",www,0
26,1,2,3,4,4,2,"87,28",9017,"0,05",www,0
23,1,2,4,3,3,1,"75,19",158,"0,05",www,0
22,1,2,4,3,3,1,"68,68",3868,"0,05",www,0
22,1,2,4,3,3,1,"77,59",4258,"0,05",www,0
24,1,2,4,3,3,2,"73,88",592,"0,05",www,0
23,1,2,4,3,3,0,"77,06",2463,"0,05",www,0
23,1,2,4,3,3,2,"71,77",3181,"0,05",www,0
26,1,2,4,3,3,2,"89,77",3460,"0,05",www,0
26,1,2,4,3,3,2,"86,62",5672,"0,05",www,0
27,1,2,4,3,3,2,"88,47",6873,"0,05",www,0
25,1,2,4,3,3,2,"81,92",6948,"0,05",www,0
22,1,2,4,3,3,2,"73,57",7607,"0,05",www,0
27,1,2,4,3,3,2,"84,06",7817,"0,05",www,0
27,1,2,4,3,3,2,"89,14",7840,"0,05",www,0
19,1,2,4,3,3,2,"58,16",9936,"0,05",www,0
20,1,2,4,3,4,2,"69,91",2243,"0,05",www,0
19,1,2,4,3,4,0,"56,80",3112,"0,05",www,0
26,1,2,4,2,3,1,"86,65",2221,"0,05",www,0
25,1,2,4,2,3,1,"78,77",3824,"0,05",www,0
19,1,2,4,2,3,0,"55,26",7167,"0,05",www,0
21,1,2,4,2,3,0,"64,95",7403,"0,05",www,0
24,1,2,4,2,3,0,"79,85",7809,"0,05",www,0
20,1,2,4,1,2,1,"62,46",353,"0,05",www,0
20,1,2,4,1,1,1,"69,16",366,"0,05",www,0
26,1,2,4,1,1,1,"84,76",3049,"0,05",www,0
25,1,2,4,1,2,1,"80,12",4310,"0,05",www,0
26,1,2,4,1,1,1,"88,89",8972,"0,05",www,0
27,1,2,4,1,1,2,"76,09",1612,"0,05",www,0
23,1,2,4,1,2,2,"78,63",2030,"0,05",www,0
25,1,2,4,4,4,0,"79,95",2409,"0,05",www,0
24,1,2,4,1,1,3,"81,33",3044,"0,05",www,0
26,1,2,4,1,1,2,"76,82",6228,"0,05",www,0
23,1,2,4,4,4,0,"81,90",6887,"0,05",www,0
27,1,2,4,4,4,0,"82,27",7163,"0,05",www,0
24,1,2,4,1,2,2,"88,74",7185,"0,05",www,0
18,1,2,4,4,4,2,"62,50",7363,"0,05",www,0
26,1,2,4,2,2,3,"81,90",7605,"0,05",www,0
26,1,2,4,4,4,0,"84,70",7991,"0,05",www,0
23,1,2,4,1,1,2,"78,23",8672,"0,05",www,0
28,0,1,2,3,3,1,"95,81",99,"0,05",www,0
34,0,4,1,3,3,1,"104,05",235,"0,05",www,0
31,0,4,1,3,3,1,"101,73",1188,"0,05",www,0
28,0,4,2,3,3,1,"81,89",1360,"0,05",www,0
36,0,4,1,3,3,1,"104,52",1635,"0,05",www,0
29,0,1,2,3,3,1,"97,66",2438,"0,05",www,0
37,0,4,1,3,3,1,"115,39",2935,"0,05",www,0
32,0,4,1,3,3,1,"99,17",3253,"0,05",www,0
30,0,4,1,3,3,1,"96,77",4966,"0,05",www,1
33,0,1,2,3,3,1,"108,95",5294,"0,05",www,1
35,0,1,2,3,3,1,"110,27",5360,"0,05",www,0
35,0,1,1,3,3,1,"99,08",6173,"0,05",www,0
34,0,4,1,3,3,1,"110,93",6262,"0,05",www,0
36,0,4,2,3,3,1,"109,22",6373,"0,05",www,0
32,0,1,2,3,3,1,"104,00",7612,"0,05",www,0
30,0,1,2,3,3,1,"104,37",7687,"0,05",www,0
34,0,4,2,3,3,1,"103,57",7690,"0,05",www,0
28,0,4,2,3,3,1,"94,54",7857,"0,05",www,1
28,0,1,1,3,3,1,"94,00",8114,"0,05",www,0
36,0,1,1,3,3,1,"110,51",8472,"0,05",www,0
31,0,1,2,3,3,1,"98,23",8627,"0,05",www,1
36,0,1,2,3,3,1,"115,18",8779,"0,05",www,0
32,0,1,2,3,3,1,"113,57",9369,"0,05",www,0
28,0,1,1,3,3,1,"96,31",9579,"0,05",www,0
35,0,1,1,3,3,0,"114,60",19,"0,05",www,0
37,0,4,1,3,3,2,"109,04",42,"0,05",www,0
33,0,4,1,3,3,2,"99,70",215,"0,05",www,0
36,0,1,2,3,3,2,"115,17",220,"0,05",www,0
33,0,1,2,3,3,0,"105,67",291,"0,05",www,0
37,0,1,1,3,3,2,"109,00",576,"0,05",www,0
35,0,1,2,3,3,2,"108,44",1440,"0,05",www,0
34,0,4,2,3,3,0,"109,66",1739,"0,05",www,0
30,0,1,1,3,3,2,"100,31",2931,"0,05",www,0
30,0,1,2,3,3,2,"86,06",3052,"0,05",www,0
29,0,4,1,3,3,2,"91,19",3268,"0,05",www,0
36,0,4,2,3,3,3,"111,24",3355,"0,05",www,0
30,0,4,2,3,3,0,"84,36",3565,"0,05",www,0
30,0,4,1,3,3,2,"90,26",3569,"0,05",www,0
32,0,4,2,3,3,0,"104,75",3860,"0,05",www,0
30,0,4,1,3,3,2,"99,82",3875,"0,05",www,0
29,0,1,1,3,3,2,"88,10",3978,"0,05",www,1
36,0,4,1,3,3,2,"115,07",4204,"0,05",www,0
34,0,1,2,3,3,2,"109,61",4370,"0,05",www,0
29,0,1,1,3,3,2,"87,83",4564,"0,05",www,0
38,0,4,1,3,3,0,"114,62",4672,"0,05",www,0
29,0,4,1,3,3,2,"97,93",5105,"0,05",www,0
34,0,4,1,3,3,0,"109,94",5572,"0,05",www,0
39,0,4,1,3,3,0,"115,34",5583,"0,05",www,0
38,0,4,1,3,3,0,"113,28",5701,"0,05",www,0
36,0,1,2,3,3,2,"103,75",5934,"0,05",www,0
28,0,1,1,3,3,0,"94,70",6074,"0,05",www,0
34,0,4,1,3,3,0,"110,29",6564,"0,05",www,0
34,0,1,2,3,3,0,"103,02",6573,"0,05",www,0
30,0,4,1,3,3,0,"94,74",6632,"0,05",www,0
34,0,4,2,3,3,2,"105,15",6814,"0,05",www,0
31,0,1,2,3,3,2,"93,32",6958,"0,05",www,0
32,0,4,2,3,3,2,"96,14",7357,"0,05",www,0
39,0,1,2,3,3,0,"113,79",7371,"0,05",www,0
29,0,1,1,3,3,2,"86,31",7440,"0,05",www,0
34,0,1,2,3,3,2,"100,88",7513,"0,05",www,0
28,0,4,2,3,3,2,"100,19",7527,"0,05",www,0
32,0,4,2,3,3,2,"107,51",7799,"0,05",www,0
29,0,1,2,3,3,3,"87,64",7835,"0,05",www,0
37,0,1,1,3,3,2,"111,84",8054,"0,05",www,0
28,0,4,1,3,3,2,"94,55",8055,"0,05",www,1
36,0,1,2,3,3,2,"113,57",8354,"0,05",www,0
33,0,1,2,3,3,0,"98,86",8724,"0,05",www,0
31,0,1,1,3,3,2,"105,26",8930,"0,05",www,0
33,0,1,2,3,3,2,"103,03",9252,"0,05",www,0
33,0,1,2,3,3,2,"103,10",9318,"0,05",www,0
31,0,4,1,3,3,2,"95,22",9910,"0,05",www,1
33,0,4,1,3,3,2,"112,59",9946,"0,05",www,1
30,0,1,1,3,4,1,"105,83",1369,"0,05",www,1
32,0,4,2,3,4,1,"103,04",2718,"0,05",www,0
36,0,4,1,3,4,1,"114,22",4081,"0,05",www,0
30,0,1,1,3,4,1,"96,08",4545,"0,05",www,0
35,0,1,2,3,4,1,"110,96",5192,"0,05",www,0
37,0,1,1,3,4,1,"110,34",5766,"0,05",www,0
35,0,1,2,3,4,1,"110,17",7376,"0,05",www,1
33,0,1,2,3,4,1,"106,78",8317,"0,05",www,0
32,0,4,1,3,4,1,"104,20",8713,"0,05",www,0
29,0,1,2,3,4,1,"96,01",9392,"0,05",www,0
32,0,4,1,3,4,1,"114,33",9413,"0,05",www,0
33,0,4,1,3,4,1,"99,63",9809,"0,05",www,0
32,0,1,1,3,4,1,"95,82",9982,"0,05",www,0
29,0,4,2,3,4,0,"90,64",302,"0,05",www,0
30,0,4,1,3,4,2,"94,10",903,"0,05",www,0
31,0,1,1,3,4,2,"95,84",1594,"0,05",www,0
31,0,4,1,3,4,0,"96,23",3262,"0,05",www,0
35,0,1,1,3,4,2,"100,72",3616,"0,05",www,0
35,0,4,1,3,4,0,"109,06",3781,"0,05",www,0
35,0,1,2,3,4,3,"102,36",4367,"0,05",www,1
30,0,4,1,3,4,2,"91,32",4427,"0,05",www,0
36,0,4,1,3,4,0,"110,54",5353,"0,05",www,1
31,0,1,2,3,4,0,"99,67",6045,"0,05",www,0
34,0,4,2,3,4,2,"112,54",6064,"0,05",www,0
31,0,1,1,3,4,3,"90,40",8254,"0,05",www,0
36,0,1,2,3,4,2,"107,79",8917,"0,05",www,1
38,0,1,1,2,3,1,"114,17",816,"0,050358775",www,1
31,0,1,1,2,3,1,"99,47",1790,"0,050358775",www,0
39,0,4,1,2,3,1,"112,59",3151,"0,050358775",www,1
33,0,4,2,2,3,1,"106,82",3343,"0,050358775",www,0
32,0,1,1,2,3,1,"101,01",3641,"0,050358775",www,0
35,0,1,2,2,3,1,"108,20",4820,"0,050358775",www,0
36,0,4,2,2,3,1,"113,04",6406,"0,050358775",www,0
29,0,1,1,2,3,1,"95,52",6644,"0,050358775",www,1
34,0,4,1,2,3,1,"101,54",7740,"0,050358775",www,0
32,0,1,2,2,3,3,"99,58",411,"0,050358775",www,1
29,0,4,1,2,3,2,"85,60",1783,"0,050358775",www,0
35,0,1,2,2,3,0,"102,56",2426,"0,050358775",www,1
32,0,1,1,2,3,0,"104,60",2555,"0,050358775",www,0
33,0,4,2,2,3,2,"113,11",3801,"0,050358775",www,0
30,0,1,1,2,3,2,"96,44",4415,"0,050358775",www,0
30,0,4,2,2,3,3,"92,31",6699,"0,050358775",www,0
29,0,1,1,2,3,0,"85,10",8385,"0,050358775",www,0
33,0,1,2,2,3,0,"107,86",9052,"0,050358775",www,0
31,0,4,1,2,3,2,"93,52",9464,"0,050358775",www,1
35,0,1,1,2,3,2,"105,01",9549,"0,050358775",www,1
35,0,1,1,2,3,0,"114,27",9839,"0,050358775",www,0
35,0,4,2,4,4,1,"111,20",254,"0,06440379",www,0
29,0,1,2,1,2,1,"96,36",684,"0,06440379",www,0
32,0,1,1,4,4,1,"109,54",689,"0,06440379",www,0
38,0,1,2,1,2,1,"110,10",988,"0,06440379",www,1
29,0,4,2,2,2,1,"92,50",1088,"0,06440379",www,0
35,0,4,1,4,4,1,"107,91",1211,"0,06440379",www,0
34,0,1,2,1,1,1,"105,87",1217,"0,06440379",www,1
31,0,1,1,2,2,1,"100,12",1328,"0,06440379",www,0
31,0,1,2,1,1,1,"107,20",1710,"0,06440379",www,1
35,0,1,2,2,2,1,"108,70",1716,"0,06440379",www,0
34,0,4,2,1,1,1,"112,15",2066,"0,06440379",www,0
35,0,1,1,1,2,1,"111,32",2171,"0,06440379",www,1
33,0,1,2,1,1,1,"98,21",2330,"0,06440379",www,0
35,0,1,2,1,1,1,"107,32",2503,"0,06440379",www,1
32,0,4,1,2,2,1,"103,38",2519,"0,06440379",www,0
34,0,1,1,1,2,1,"109,04",2722,"0,06440379",www,0
39,0,4,2,1,2,1,"114,52",2991,"0,06440379",www,1
35,0,4,2,4,4,1,"92,01",3077,"0,06440379",www,0
34,0,4,1,4,4,1,"110,42",3430,"0,06440379",www,0
29,0,1,2,1,1,1,"98,86",3885,"0,06440379",www,0
33,0,1,2,1,2,1,"104,48",3985,"0,06440379",www,0
30,0,1,1,4,4,1,"96,32",4031,"0,06440379",www,0
33,0,4,2,1,1,1,"103,83",4232,"0,06440379",www,0
33,0,1,1,4,4,1,"108,05",4265,"0,06440379",www,0
29,0,1,1,1,1,1,"85,22",4286,"0,06440379",www,0
30,0,4,1,1,1,1,"93,21",4353,"0,06440379",www,0
35,0,4,1,4,4,1,"112,14",4562,"0,06440379",www,0
34,0,4,1,2,2,1,"104,68",4628,"0,06440379",www,1
38,0,4,2,4,4,1,"112,22",4856,"0,06440379",www,0
39,0,4,1,4,4,1,"115,92",5182,"0,06440379",www,0
33,0,4,2,1,1,1,"99,50",5364,"0,06440379",www,1
28,0,1,2,1,2,1,"94,93",5451,"0,06440379",www,1
32,0,4,1,4,4,1,"99,73",5521,"0,06440379",www,0
35,0,4,1,4,4,1,"113,23",5604,"0,06440379",www,0
32,0,4,1,1,1,1,"97,20",5906,"0,06440379",www,0
34,0,4,2,1,1,1,"96,66",5969,"0,06440379",www,1
31,0,1,2,4,4,1,"99,50",6039,"0,06440379",www,0
36,0,1,2,1,1,1,"110,84",6374,"0,06440379",www,0
34,0,1,1,1,1,1,"107,12",6677,"0,06440379",www,0
34,0,4,1,1,1,1,"105,58",6764,"0,06440379",www,1
33,0,4,2,4,4,1,"104,09",6823,"0,06440379",www,0
30,0,4,1,1,2,1,"103,79",6921,"0,06440379",www,0
30,0,1,1,1,1,1,"96,08",6931,"0,06440379",www,1
32,0,1,1,4,4,1,"97,97",6981,"0,06440379",www,0
36,0,1,1,2,2,1,"115,71",7134,"0,06440379",www,0
34,0,4,2,1,1,1,"113,34",7981,"0,06440379",www,1
30,0,1,2,4,4,1,"101,85",7982,"0,06440379",www,0
37,0,4,1,4,4,1,"112,39",8186,"0,06440379",www,0
32,0,4,2,1,1,1,"102,21",8264,"0,06440379",www,1
32,0,1,2,1,1,1,"102,46",8286,"0,06440379",www,0
37,0,1,2,1,1,1,"111,71",8642,"0,06440379",www,0
34,0,1,1,1,2,1,"111,25",9270,"0,06440379",www,1
28,0,4,2,4,4,0,"95,31",53,"0,06440379",www,0
31,0,4,2,1,1,2,"91,89",384,"0,06440379",www,1
32,0,1,1,4,4,2,"98,70",421,"0,06440379",www,0
31,0,1,1,1,2,0,"103,91",577,"0,06440379",www,1
35,0,4,1,2,2,2,"108,90",788,"0,06440379",www,0
30,0,4,1,2,2,0,"98,25",822,"0,06440379",www,1
38,0,1,2,1,1,0,"110,60",931,"0,06440379",www,0
33,0,1,2,2,2,2,"104,24",987,"0,06440379",www,1
30,0,4,1,1,2,2,"89,17",1417,"0,06440379",www,0
31,0,1,1,4,4,0,"104,15",1762,"0,06440379",www,0
37,0,4,1,2,2,2,"106,64",2031,"0,06440379",www,1
34,0,1,1,1,1,3,"102,35",2176,"0,06440379",www,0
33,0,4,1,1,1,3,"106,03",2375,"0,06440379",www,0
32,0,1,1,1,2,2,"99,87",2483,"0,06440379",www,1
35,0,4,1,1,2,0,"102,96",2548,"0,06440379",www,1
33,0,1,1,4,4,2,"104,06",2759,"0,06440379",www,0
37,0,1,2,1,1,0,"114,01",2805,"0,06440379",www,0
32,0,4,2,1,1,2,"102,28",2848,"0,06440379",www,0
30,0,4,1,1,1,3,"102,68",2932,"0,06440379",www,0
31,0,1,1,2,2,0,"103,73",3360,"0,06440379",www,0
32,0,1,2,4,4,2,"97,73",3363,"0,06440379",www,0
33,0,1,2,1,1,2,"103,06",3440,"0,06440379",www,1
34,0,1,1,1,1,0,"99,36",3503,"0,06440379",www,0
32,0,4,2,1,1,0,"106,03",3705,"0,06440379",www,0
32,0,4,1,2,2,3,"92,40",3822,"0,06440379",www,0
32,0,4,1,1,2,2,"102,59",3894,"0,06440379",www,0
31,0,1,2,2,2,0,"96,75",3900,"0,06440379",www,0
30,0,4,2,4,4,2,"100,64",3965,"0,06440379",www,0
28,0,4,1,2,2,0,"93,40",4006,"0,06440379",www,0
28,0,1,2,4,4,2,"94,96",4137,"0,06440379",www,0
32,0,4,2,1,2,0,"101,59",4231,"0,06440379",www,1
30,0,1,1,1,2,2,"98,32",4445,"0,06440379",www,0
35,0,4,1,4,4,3,"110,32",4505,"0,06440379",www,0
35,0,1,1,1,2,0,"111,66",4636,"0,06440379",www,1
32,0,1,2,1,1,2,"101,90",4661,"0,06440379",www,1
30,0,1,1,4,4,0,"100,77",4698,"0,06440379",www,0
38,0,4,1,1,1,2,"115,25",4709,"0,06440379",www,1
29,0,4,2,2,2,2,"85,70",4859,"0,06440379",www,0
28,0,4,1,2,2,2,"87,96",5000,"0,06440379",www,0
30,0,4,2,2,2,0,"93,37",5033,"0,06440379",www,0
29,0,1,1,4,4,2,"93,18",5426,"0,06440379",www,0
32,0,1,1,1,1,2,"99,97",5466,"0,06440379",www,0
32,0,4,2,1,1,0,"109,95",5499,"0,06440379",www,0
28,0,1,1,1,2,2,"86,67",5528,"0,06440379",www,1
32,0,1,1,1,1,2,"108,84",5636,"0,06440379",www,0
33,0,1,2,1,1,0,"106,18",5699,"0,06440379",www,0
36,0,4,2,1,1,2,"114,30",5722,"0,06440379",www,0
36,0,4,2,1,1,2,"115,63",5723,"0,06440379",www,0
37,0,4,1,1,1,0,"112,01",5929,"0,06440379",www,0
31,0,1,1,4,4,2,"97,92",6066,"0,06440379",www,0
34,0,1,2,2,2,2,"113,99",6263,"0,06440379",www,0
34,0,1,2,4,4,2,"108,00",6421,"0,06440379",www,0
31,0,1,2,1,1,0,"103,85",6493,"0,06440379",www,0
33,0,4,1,2,2,2,"104,59",6603,"0,06440379",www,1
29,0,1,1,1,2,2,"82,80",6610,"0,06440379",www,0
33,0,4,1,2,2,0,"99,62",6945,"0,06440379",www,1
37,0,1,1,4,4,2,"115,18",6979,"0,06440379",www,0
28,0,4,2,1,1,2,"93,70",7018,"0,06440379",www,0
29,0,1,1,2,2,2,"85,71",7042,"0,06440379",www,0
34,0,4,1,1,1,2,"110,38",7247,"0,06440379",www,1
31,0,4,1,4,4,3,"101,75",7295,"0,06440379",www,0
32,0,4,2,1,2,0,"102,63",7323,"0,06440379",www,0
37,0,4,1,1,2,2,"109,25",7574,"0,06440379",www,0
29,0,4,2,1,1,2,"90,38",7763,"0,06440379",www,0
33,0,4,2,1,2,2,"113,00",7958,"0,06440379",www,0
30,0,1,2,1,1,2,"93,81",7980,"0,06440379",www,1
32,0,4,2,1,1,0,"105,50",7983,"0,06440379",www,1
35,0,4,2,1,2,2,"108,45",8029,"0,06440379",www,1
28,0,4,1,2,2,0,"95,66",8175,"0,06440379",www,1
30,0,4,2,4,4,0,"93,20",8181,"0,06440379",www,0
34,0,1,1,1,1,2,"97,79",8199,"0,06440379",www,1
38,0,4,2,4,4,0,"113,87",8325,"0,06440379",www,0
28,0,1,2,4,4,0,"97,17",8347,"0,06440379",www,0
34,0,4,1,4,4,3,"109,59",8505,"0,06440379",www,0
36,0,1,2,4,4,3,"112,66",8572,"0,06440379",www,0
33,0,4,2,2,2,0,"99,05",8616,"0,06440379",www,1
36,0,1,2,1,2,2,"114,57",8742,"0,06440379",www,1
36,0,4,2,1,1,2,"112,43",8752,"0,06440379",www,1
37,0,4,1,2,2,2,"115,20",8755,"0,06440379",www,0
30,0,1,2,4,4,2,"87,08",8784,"0,06440379",www,0
35,0,1,1,2,2,2,"112,96",8915,"0,06440379",www,1
33,0,4,1,2,2,2,"98,49",9128,"0,06440379",www,0
31,0,1,1,2,2,2,"97,25",9180,"0,06440379",www,1
33,0,1,2,2,2,2,"103,10",9201,"0,06440379",www,0
37,0,4,1,1,2,3,"111,72",9319,"0,06440379",www,1
29,0,1,2,4,4,2,"88,95",9382,"0,06440379",www,0
35,0,4,1,1,1,2,"109,04",9550,"0,06440379",www,1
30,0,1,2,1,1,3,"103,17",9566,"0,06440379",www,0
34,0,4,1,1,1,2,"98,76",9614,"0,06440379",www,0
34,0,4,1,1,1,2,"103,38",9627,"0,06440379",www,0
32,0,4,1,1,1,2,"102,40",9674,"0,06440379",www,0
36,0,1,1,1,1,2,"106,50",9820,"0,06440379",www,1
30,0,1,3,3,3,1,"97,28",626,"0,05",www,0
37,0,1,3,3,3,1,"109,52",3132,"0,05",www,0
31,0,4,3,3,3,1,"100,32",4456,"0,05",www,0
30,0,1,3,3,3,1,"103,74",5418,"0,05",www,0
30,0,1,3,3,3,1,"89,78",6904,"0,05",www,0
36,0,4,3,3,3,1,"115,20",7173,"0,05",www,0
31,0,1,3,3,3,1,"101,47",7647,"0,05",www,0
29,0,1,3,3,3,1,"94,69",7727,"0,05",www,0
30,0,1,3,3,3,1,"80,22",8159,"0,05",www,0
35,0,4,3,3,3,1,"112,37",8262,"0,05",www,0
32,0,1,3,3,3,2,"108,12",74,"0,05",www,0
38,0,4,3,3,3,0,"102,86",672,"0,05",www,0
36,0,4,3,3,3,0,"110,39",687,"0,05",www,0
34,0,4,3,3,3,0,"112,52",1207,"0,05",www,1
31,0,4,3,3,3,2,"99,97",1331,"0,05",www,0
30,0,1,3,3,3,2,"108,63",1774,"0,05",www,0
33,0,4,3,3,3,2,"106,58",2435,"0,05",www,0
30,0,1,3,3,3,2,"96,97",3331,"0,05",www,0
28,0,1,3,3,3,0,"98,62",3893,"0,05",www,0
34,0,4,3,3,3,0,"107,63",4600,"0,05",www,0
34,0,4,3,3,3,2,"115,08",5406,"0,05",www,0
33,0,4,3,3,3,2,"110,04",5527,"0,05",www,0
29,0,1,3,3,3,2,"89,37",5945,"0,05",www,0
30,0,4,3,3,3,0,"97,63",6842,"0,05",www,0
34,0,1,3,3,3,2,"103,91",7459,"0,05",www,0
28,0,1,3,3,3,2,"94,19",7948,"0,05",www,0
31,0,4,3,3,3,2,"109,44",7989,"0,05",www,0
29,0,4,3,3,3,0,"89,35",8914,"0,05",www,0
33,0,4,3,3,3,2,"103,66",9164,"0,05",www,0
32,0,1,3,3,4,1,"105,46",1179,"0,05",www,0
32,0,4,3,3,4,1,"101,83",1877,"0,05",www,0
34,0,4,3,3,4,1,"107,49",2927,"0,05",www,0
29,0,4,3,3,4,1,"97,31",6749,"0,05",www,0
36,0,1,3,3,4,1,"109,52",6957,"0,05",www,0
35,0,4,3,3,4,1,"103,86",8253,"0,05",www,0
37,0,4,3,3,4,1,"114,25",8279,"0,05",www,0
31,0,4,3,3,4,1,"104,26",9181,"0,05",www,0
36,0,1,3,3,4,2,"115,59",462,"0,05",www,0
33,0,4,3,3,4,2,"104,47",963,"0,05",www,0
30,0,4,3,3,4,0,"103,01",4172,"0,05",www,0
37,0,4,3,3,4,2,"108,86",4262,"0,05",www,0
35,0,4,3,3,4,2,"105,33",5322,"0,05",www,0
31,0,1,3,3,4,0,"101,85",6334,"0,05",www,0
33,0,4,3,3,4,2,"99,70",7488,"0,05",www,0
28,0,4,3,3,4,0,"87,85",8302,"0,05",www,0
31,0,1,3,3,4,2,"97,14",8934,"0,05",www,0
37,0,1,3,3,4,2,"114,57",9595,"0,05",www,0
35,0,4,3,3,4,0,"108,95",9794,"0,05",www,0
33,0,1,3,2,3,1,"103,21",2373,"0,05",www,0
28,0,4,3,2,3,1,"96,65",8374,"0,05",www,0
32,0,4,3,2,3,2,"96,95",3929,"0,05",www,0
30,0,1,3,4,4,1,"96,20",104,"0,05",www,0
36,0,1,3,1,2,1,"114,57",643,"0,05",www,0
34,0,1,3,4,4,1,"110,13",767,"0,05",www,0
32,0,1,3,4,4,1,"110,39",1427,"0,05",www,0
35,0,1,3,1,1,1,"109,54",1905,"0,05",www,0
35,0,4,3,1,1,1,"108,05",2129,"0,05",www,1
35,0,1,3,2,2,1,"114,91",2601,"0,05",www,1
32,0,4,3,1,2,1,"106,34",2757,"0,05",www,0
35,0,4,3,4,4,1,"108,80",3452,"0,05",www,0
32,0,1,3,1,1,1,"103,55",3753,"0,05",www,0
32,0,4,3,1,1,1,"105,29",4497,"0,05",www,0
37,0,4,3,2,2,1,"114,55",4596,"0,05",www,1
31,0,4,3,2,2,1,"102,28",4663,"0,05",www,0
37,0,4,3,2,2,1,"113,81",5059,"0,05",www,0
34,0,1,3,1,2,1,"106,47",5123,"0,05",www,0
29,0,1,3,1,1,1,"88,86",6787,"0,05",www,0
30,0,1,3,2,2,1,"99,73",7155,"0,05",www,0
36,0,1,3,1,1,1,"107,71",7254,"0,05",www,1
28,0,4,3,4,4,1,"98,65",7322,"0,05",www,0
36,0,1,3,1,1,1,"106,57",7516,"0,05",www,0
35,0,4,3,4,4,1,"114,05",8085,"0,05",www,0
31,0,4,3,1,2,1,"106,42",8204,"0,05",www,0
32,0,1,3,1,2,1,"99,97",8448,"0,05",www,0
38,0,4,3,1,1,1,"115,58",9581,"0,05",www,0
30,0,1,3,4,4,1,"87,52",9993,"0,05",www,0
33,0,4,3,1,1,2,"104,10",839,"0,05",www,0
28,0,1,3,1,1,2,"97,45",937,"0,05",www,0
33,0,1,3,2,2,0,"95,50",962,"0,05",www,0
33,0,4,3,4,4,2,"101,09",1077,"0,05",www,0
37,0,4,3,1,1,0,"113,71",1135,"0,05",www,0
29,0,4,3,4,4,2,"102,03",1282,"0,05",www,0
36,0,1,3,1,1,2,"110,10",1432,"0,05",www,0
33,0,4,3,1,1,2,"111,10",1879,"0,05",www,0
31,0,4,3,4,4,2,"101,36",2294,"0,05",www,0
37,0,1,3,2,2,3,"115,05",2476,"0,05",www,0
31,0,4,3,1,2,2,"91,13",2617,"0,05",www,0
36,0,1,3,4,4,2,"114,09",2678,"0,05",www,0
32,0,1,3,1,1,0,"102,89",3361,"0,05",www,0
37,0,1,3,1,1,3,"109,66",3409,"0,05",www,0
28,0,1,3,4,4,2,"84,08",3490,"0,05",www,0
32,0,1,3,1,1,0,"96,83",3589,"0,05",www,0
37,0,4,3,2,2,2,"113,42",3702,"0,05",www,0
34,0,1,3,4,4,2,"110,24",3835,"0,05",www,0
29,0,1,3,1,1,3,"98,46",3988,"0,05",www,0
33,0,1,3,1,2,2,"104,37",3989,"0,05",www,0
36,0,4,3,4,4,2,"114,32",4645,"0,05",www,0
34,0,1,3,4,4,0,"104,44",4798,"0,05",www,0
32,0,4,3,1,1,2,"99,90",4971,"0,05",www,0
37,0,4,3,4,4,2,"113,72",5047,"0,05",www,0
36,0,1,3,4,4,2,"108,75",5251,"0,05",www,0
31,0,1,3,1,1,2,"101,16",5511,"0,05",www,0
33,0,4,3,1,1,2,"114,09",5601,"0,05",www,1
33,0,1,3,2,2,2,"105,00",5993,"0,05",www,0
34,0,4,3,4,4,2,"101,56",6575,"0,05",www,0
34,0,4,3,2,2,2,"111,21",6744,"0,05",www,0
29,0,4,3,1,1,2,"95,81",6748,"0,05",www,0
30,0,1,3,1,2,2,"95,16",6874,"0,05",www,0
36,0,1,3,1,1,2,"111,37",6972,"0,05",www,0
37,0,1,3,1,1,0,"111,92",6973,"0,05",www,0
35,0,1,3,4,4,3,"114,90",7297,"0,05",www,0
32,0,4,3,1,2,0,"100,57",7757,"0,05",www,0
35,0,4,3,1,1,0,"105,10",7760,"0,05",www,0
37,0,1,3,1,1,3,"115,91",7974,"0,05",www,0
31,0,4,3,2,2,2,"101,47",8170,"0,05",www,0
32,0,1,3,1,1,2,"111,20",8495,"0,05",www,0
30,0,1,3,4,4,0,"100,12",9054,"0,05",www,0
31,0,1,3,1,2,3,"100,01",9112,"0,05",www,0
34,0,4,3,1,1,2,"105,56",9293,"0,05",www,0
35,0,1,3,4,4,2,"111,45",9976,"0,05",www,0
38,0,4,4,3,3,1,"112,72",15,"0,05",www,0
31,0,4,4,3,3,1,"99,81",770,"0,05",www,0
37,0,1,4,3,3,1,"114,61",1116,"0,05",www,0
31,0,4,4,3,3,1,"99,92",1181,"0,05",www,0
31,0,4,4,3,3,1,"94,97",2775,"0,05",www,1
33,0,1,4,3,3,1,"102,35",3197,"0,05",www,0
36,0,4,4,3,3,1,"112,99",3255,"0,05",www,0
32,0,1,4,3,3,1,"103,89",4201,"0,05",www,0
29,0,1,4,3,3,1,"98,56",4740,"0,05",www,0
28,0,4,4,3,3,1,"81,19",6402,"0,05",www,0
31,0,1,4,3,3,1,"97,57",9478,"0,05",www,0
30,0,1,4,3,3,1,"103,77",9498,"0,05",www,0
31,0,4,4,3,3,0,"98,35",969,"0,05",www,0
31,0,4,4,3,3,2,"99,56",1302,"0,05",www,0
37,0,1,4,3,3,2,"114,01",1996,"0,05",www,1
31,0,4,4,3,3,2,"104,41",2151,"0,05",www,0
35,0,1,4,3,3,2,"114,98",2392,"0,05",www,0
32,0,4,4,3,3,2,"95,12",2537,"0,05",www,0
32,0,4,4,3,3,0,"106,25",3054,"0,05",www,0
33,0,4,4,3,3,0,"107,48",3211,"0,05",www,0
37,0,1,4,3,3,2,"110,62",3640,"0,05",www,1
31,0,4,4,3,3,2,"92,97",5370,"0,05",www,0
33,0,1,4,3,3,0,"102,82",5549,"0,05",www,0
29,0,4,4,3,3,2,"95,30",6524,"0,05",www,0
28,0,1,4,3,3,2,"91,86",6771,"0,05",www,0
31,0,1,4,3,3,0,"97,93",7016,"0,05",www,0
37,0,1,4,3,3,0,"112,93",7374,"0,05",www,0
34,0,4,4,3,3,2,"101,49",7387,"0,05",www,0
33,0,4,4,3,3,0,"106,95",7450,"0,05",www,0
36,0,4,4,3,3,0,"108,72",8139,"0,05",www,0
29,0,4,4,3,3,2,"93,65",8406,"0,05",www,0
35,0,4,4,3,3,2,"110,94",8409,"0,05",www,0
31,0,1,4,3,3,2,"98,07",9173,"0,05",www,0
30,0,1,4,3,3,2,"98,92",9257,"0,05",www,0
29,0,1,4,3,3,2,"99,43",9731,"0,05",www,0
32,0,4,4,3,4,1,"98,79",1735,"0,05",www,0
37,0,1,4,3,4,1,"113,69",3200,"0,05",www,0
35,0,1,4,3,4,1,"107,28",4025,"0,05",www,0
29,0,1,4,3,4,1,"88,78",4501,"0,05",www,0
38,0,1,4,3,4,1,"111,75",5783,"0,05",www,0
33,0,4,4,3,4,1,"106,20",6598,"0,05",www,0
36,0,1,4,3,4,1,"106,98",8553,"0,05",www,0
35,0,1,4,3,4,2,"111,27",340,"0,05",www,0
34,0,1,4,3,4,0,"104,33",2430,"0,05",www,0
31,0,4,4,3,4,2,"101,16",2432,"0,05",www,0
33,0,4,4,3,4,3,"107,14",2998,"0,05",www,0
30,0,4,4,3,4,2,"98,85",3469,"0,05",www,0
28,0,4,4,3,4,0,"97,86",4200,"0,05",www,0
31,0,4,4,3,4,0,"102,04",4584,"0,05",www,0
31,0,4,4,3,4,0,"104,33",6866,"0,05",www,0
32,0,1,4,3,4,2,"102,36",9354,"0,05",www,0
34,0,4,4,3,4,0,"103,02",9399,"0,05",www,0
31,0,4,4,3,4,2,"100,29",9616,"0,05",www,0
32,0,4,4,2,3,1,"101,99",161,"0,05",www,0
34,0,1,4,2,3,1,"113,21",582,"0,05",www,0
32,0,4,4,2,3,1,"107,08",1974,"0,05",www,0
30,0,1,4,2,3,1,"101,25",9690,"0,05",www,0
34,0,1,4,2,3,2,"103,19",3284,"0,05",www,0
37,0,4,4,2,3,3,"114,09",7920,"0,05",www,0
37,0,4,4,2,2,1,"112,98",200,"0,05",www,0
34,0,1,4,1,2,1,"110,13",247,"0,05",www,0
29,0,4,4,1,1,1,"105,63",2062,"0,05",www,0
30,0,4,4,4,4,1,"91,56",2137,"0,05",www,0
35,0,1,4,1,2,1,"104,53",2925,"0,05",www,1
31,0,1,4,1,1,1,"96,14",4071,"0,05",www,0
34,0,1,4,1,1,1,"112,99",4215,"0,05",www,1
33,0,4,4,2,2,1,"104,45",4748,"0,05",www,0
36,0,1,4,4,4,1,"109,56",4773,"0,05",www,0
31,0,4,4,1,1,1,"102,21",4902,"0,05",www,0
34,0,1,4,1,1,1,"100,22",5547,"0,05",www,0
34,0,1,4,1,1,1,"104,94",5612,"0,05",www,0
30,0,1,4,1,2,1,"91,84",6240,"0,05",www,0
29,0,1,4,1,1,1,"96,90",6483,"0,05",www,0
30,0,1,4,2,2,1,"89,24",7146,"0,05",www,0
29,0,1,4,1,1,1,"88,10",7314,"0,05",www,0
32,0,1,4,2,2,1,"101,94",7811,"0,05",www,0
35,0,4,4,2,2,1,"111,13",8133,"0,05",www,0
29,0,4,4,1,1,1,"95,09",8416,"0,05",www,0
33,0,4,4,1,2,1,"102,93",8788,"0,05",www,1
32,0,4,4,1,1,1,"103,54",8909,"0,05",www,0
36,0,1,4,1,2,1,"110,61",9718,"0,05",www,0
33,0,4,4,1,2,1,"101,72",9985,"0,05",www,0
28,0,4,4,4,4,0,"90,92",13,"0,05",www,0
32,0,4,4,2,2,0,"95,82",369,"0,05",www,0
31,0,4,4,1,1,2,"91,70",391,"0,05",www,0
31,0,1,4,1,1,2,"107,08",401,"0,05",www,0
32,0,1,4,2,2,2,"99,83",490,"0,05",www,0
30,0,1,4,4,4,2,"96,63",1072,"0,05",www,0
31,0,4,4,1,1,3,"88,87",1231,"0,05",www,0
33,0,1,4,2,2,0,"103,47",1265,"0,05",www,0
31,0,1,4,1,1,2,"97,26",1509,"0,05",www,0
34,0,4,4,4,4,2,"114,41",1691,"0,05",www,0
31,0,4,4,1,1,0,"101,46",1888,"0,05",www,0
37,0,1,4,4,4,2,"115,42",2682,"0,05",www,0
36,0,4,4,2,2,2,"112,78",2798,"0,05",www,1
28,0,4,4,1,1,3,"94,37",2826,"0,05",www,0
30,0,4,4,1,1,2,"104,38",3084,"0,05",www,0
29,0,4,4,1,1,2,"84,64",3215,"0,05",www,0
35,0,1,4,1,1,0,"115,82",3307,"0,05",www,0
30,0,4,4,4,4,0,"88,87",4260,"0,05",www,0
35,0,4,4,2,2,0,"112,93",4374,"0,05",www,1
33,0,4,4,1,2,0,"110,81",4658,"0,05",www,1
34,0,4,4,1,2,2,"98,54",4810,"0,05",www,0
34,0,1,4,1,1,0,"106,49",4838,"0,05",www,0
32,0,4,4,4,4,2,"100,71",4964,"0,05",www,0
30,0,1,4,2,2,3,"104,79",5088,"0,05",www,0
37,0,1,4,1,1,2,"113,71",5358,"0,05",www,1
32,0,4,4,1,2,2,"100,39",6592,"0,05",www,0
29,0,1,4,4,4,2,"97,96",6692,"0,05",www,0
34,0,4,4,1,1,0,"109,17",6765,"0,05",www,0
36,0,4,4,1,1,0,"109,75",6995,"0,05",www,0
33,0,1,4,1,2,2,"97,06",8081,"0,05",www,0
34,0,1,4,2,2,0,"101,86",8697,"0,05",www,0
30,0,4,4,4,4,2,"97,19",9061,"0,05",www,0
34,0,1,4,1,2,0,"111,43",9108,"0,05",www,0
33,0,4,4,4,4,2,"105,59",9365,"0,05",www,0
30,0,4,4,1,1,2,"94,61",9542,"0,05",www,0
31,0,4,4,4,4,2,"95,34",9638,"0,05",www,0
36,0,1,4,1,1,2,"114,97",9749,"0,05",www,0
35,0,1,4,1,1,2,"111,59",9897,"0,05",www,0
33,0,3,1,3,3,1,"113,36",866,"0,05",www,0
38,0,3,1,3,3,1,"115,08",2193,"0,05",www,0
35,0,3,2,3,3,1,"105,83",3261,"0,05",www,0
35,0,3,1,3,3,1,"99,80",4017,"0,05",www,0
32,0,3,2,3,3,1,"100,36",5543,"0,05",www,0
35,0,3,2,3,3,1,"112,54",5688,"0,05",www,1
30,0,3,1,3,3,1,"90,01",5843,"0,05",www,0
36,0,3,2,3,3,1,"105,94",7283,"0,05",www,0
29,0,3,1,3,3,1,"100,28",7353,"0,05",www,0
35,0,3,2,3,3,1,"107,50",9880,"0,05",www,0
30,0,3,2,3,3,2,"95,63",168,"0,05",www,0
30,0,3,1,3,3,2,"94,94",355,"0,05",www,0
29,0,3,2,3,3,0,"99,49",1121,"0,05",www,0
28,0,3,2,3,3,0,"97,21",1566,"0,05",www,0
30,0,3,2,3,3,2,"95,12",2078,"0,05",www,0
30,0,3,1,3,3,0,"97,61",3098,"0,05",www,0
34,0,3,1,3,3,2,"106,13",3467,"0,05",www,0
35,0,3,2,3,3,0,"115,44",4679,"0,05",www,0
33,0,3,1,3,3,3,"107,35",4743,"0,05",www,0
31,0,3,2,3,3,2,"97,91",4997,"0,05",www,0
30,0,3,2,3,3,2,"94,74",5036,"0,05",www,0
29,0,3,2,3,3,0,"91,72",5037,"0,05",www,0
31,0,3,2,3,3,0,"95,97",5202,"0,05",www,0
32,0,3,1,3,3,2,"98,61",5675,"0,05",www,0
34,0,3,2,3,3,2,"95,76",6164,"0,05",www,0
31,0,3,2,3,3,2,"93,50",6190,"0,05",www,0
37,0,3,2,3,3,2,"113,32",6761,"0,05",www,0
34,0,3,1,3,3,3,"108,63",6793,"0,05",www,0
32,0,3,1,3,3,2,"103,03",7250,"0,05",www,0
31,0,3,1,3,3,0,"96,25",7518,"0,05",www,0
35,0,3,1,3,3,2,"113,78",8418,"0,05",www,0
29,0,3,2,3,3,0,"89,65",8607,"0,05",www,0
29,0,3,1,3,4,1,"94,67",87,"0,05",www,0
31,0,3,1,3,4,1,"108,48",2081,"0,05",www,0
35,0,3,1,3,4,1,"115,31",2676,"0,05",www,0
34,0,3,1,3,4,1,"106,24",3156,"0,05",www,0
32,0,3,2,3,4,1,"97,60",3981,"0,05",www,0
29,0,3,2,3,4,1,"84,59",6121,"0,05",www,0
31,0,3,1,3,4,1,"99,96",6820,"0,05",www,0
33,0,3,1,3,4,1,"104,22",6893,"0,05",www,0
35,0,3,2,3,4,2,"96,68",606,"0,05",www,0
36,0,3,2,3,4,2,"108,70",616,"0,05",www,0
30,0,3,2,3,4,0,"104,24",2724,"0,05",www,0
36,0,3,2,3,4,2,"112,08",2778,"0,05",www,0
31,0,3,2,3,4,0,"96,14",3119,"0,05",www,0
35,0,3,1,3,4,0,"113,06",4657,"0,05",www,0
33,0,3,1,3,4,2,"92,81",6055,"0,05",www,0
31,0,3,1,3,4,2,"101,64",8434,"0,05",www,0
29,0,3,1,3,4,0,"89,44",9899,"0,05",www,0
32,0,3,1,2,3,1,"102,75",93,"0,05",www,1
28,0,3,2,2,3,1,"84,82",1567,"0,05",www,1
34,0,3,2,2,3,2,"104,70",4794,"0,05",www,0
31,0,3,2,2,3,0,"103,81",5173,"0,05",www,0
33,0,3,1,2,3,0,"100,83",6795,"0,05",www,0
31,0,3,1,2,3,2,"97,64",7320,"0,05",www,0
30,0,3,1,1,1,1,"99,34",119,"0,05",www,0
28,0,3,1,1,2,1,"94,73",128,"0,05",www,0
28,0,3,1,1,2,1,"87,82",476,"0,05",www,0
35,0,3,2,1,1,1,"104,06",667,"0,05",www,0
28,0,3,2,1,1,1,"95,35",724,"0,05",www,0
31,0,3,1,1,1,1,"102,53",1366,"0,05",www,0
34,0,3,2,1,2,1,"108,78",1555,"0,05",www,0
29,0,3,1,1,2,1,"92,05",1579,"0,05",www,1
35,0,3,1,1,1,1,"115,03",3009,"0,05",www,0
28,0,3,1,4,4,1,"94,03",3100,"0,05",www,0
29,0,3,1,1,2,1,"91,70",3198,"0,05",www,0
31,0,3,1,1,1,1,"104,98",3459,"0,05",www,0
32,0,3,1,2,2,1,"104,94",3465,"0,05",www,0
37,0,3,1,4,4,1,"112,99",3606,"0,05",www,0
33,0,3,2,1,1,1,"101,69",3674,"0,05",www,0
28,0,3,1,2,2,1,"95,37",4591,"0,05",www,0
29,0,3,1,1,2,1,"86,34",4821,"0,05",www,0
34,0,3,2,4,4,1,"113,59",5094,"0,05",www,0
36,0,3,1,1,1,1,"109,03",5338,"0,05",www,0
34,0,3,2,4,4,1,"105,74",5427,"0,05",www,0
34,0,3,1,1,1,1,"100,34",5439,"0,05",www,0
35,0,3,1,4,4,1,"108,74",5475,"0,05",www,0
33,0,3,2,1,1,1,"105,80",5790,"0,05",www,1
31,0,3,1,4,4,1,"95,38",6078,"0,05",www,0
33,0,3,2,4,4,1,"110,62",6278,"0,05",www,0
35,0,3,1,4,4,1,"112,82",6490,"0,05",www,0
36,0,3,1,1,1,1,"107,53",7138,"0,05",www,0
29,0,3,2,4,4,1,"92,71",7318,"0,05",www,0
31,0,3,1,1,1,1,"96,57",8115,"0,05",www,1
35,0,3,1,2,2,1,"109,46",8303,"0,05",www,1
34,0,3,2,4,4,1,"102,91",8585,"0,05",www,0
37,0,3,1,1,1,1,"110,73",8977,"0,05",www,0
35,0,3,1,4,4,1,"110,93",9247,"0,05",www,1
30,0,3,2,4,4,1,"98,05",9489,"0,05",www,0
34,0,3,2,1,2,1,"104,17",9607,"0,05",www,0
35,0,3,1,2,2,2,"104,23",130,"0,05",www,0
34,0,3,1,1,1,2,"104,38",344,"0,05",www,0
39,0,3,2,4,4,2,"114,52",425,"0,05",www,0
35,0,3,2,4,4,3,"112,04",641,"0,05",www,0
31,0,3,1,4,4,2,"90,80",1140,"0,05",www,0
32,0,3,2,1,1,2,"100,66",1190,"0,05",www,1
28,0,3,1,4,4,2,"91,23",1326,"0,05",www,0
29,0,3,2,2,2,0,"79,00",1540,"0,05",www,1
30,0,3,1,2,2,2,"88,62",1674,"0,05",www,0
29,0,3,2,2,2,0,"98,49",1722,"0,05",www,1
37,0,3,1,4,4,2,"115,75",1898,"0,05",www,0
32,0,3,1,4,4,0,"105,02",2159,"0,05",www,0
36,0,3,1,1,1,2,"105,53",2401,"0,05",www,1
38,0,3,2,1,2,2,"115,89",2527,"0,05",www,0
28,0,3,1,1,1,2,"90,04",2668,"0,05",www,0
34,0,3,1,1,1,3,"104,51",2828,"0,05",www,0
30,0,3,2,4,4,2,"91,73",2930,"0,05",www,0
34,0,3,2,1,1,2,"109,21",3347,"0,05",www,0
34,0,3,2,4,4,3,"110,58",4020,"0,05",www,0
28,0,3,2,1,1,2,"90,35",4212,"0,05",www,0
34,0,3,1,4,4,2,"107,58",4385,"0,05",www,0
35,0,3,2,4,4,2,"108,71",5828,"0,05",www,0
30,0,3,2,2,2,0,"91,73",5963,"0,05",www,1
37,0,3,1,4,4,0,"111,44",6388,"0,05",www,0
31,0,3,2,1,1,0,"96,60",6705,"0,05",www,0
32,0,3,1,4,4,0,"101,75",6799,"0,05",www,0
28,0,3,2,2,2,2,"95,08",7021,"0,05",www,1
34,0,3,2,1,1,0,"108,72",7068,"0,05",www,0
36,0,3,1,1,2,2,"115,22",7139,"0,05",www,0
34,0,3,1,1,2,2,"107,68",7340,"0,05",www,0
32,0,3,2,4,4,2,"103,89",7517,"0,05",www,0
36,0,3,2,1,2,0,"112,77",7648,"0,05",www,0
31,0,3,2,4,4,2,"98,51",7826,"0,05",www,0
30,0,3,2,1,1,2,"101,45",8144,"0,05",www,0
35,0,3,2,1,1,2,"110,58",8523,"0,05",www,0
33,0,3,2,1,1,0,"97,31",8656,"0,05",www,0
34,0,3,1,1,1,0,"106,79",8795,"0,05",www,0
31,0,3,1,1,1,0,"97,18",8892,"0,05",www,0
28,0,3,1,2,2,2,"98,18",8900,"0,05",www,0
32,0,3,2,2,2,2,"95,29",9120,"0,05",www,1
30,0,3,1,4,4,0,"87,23",9917,"0,05",www,0
30,0,3,2,1,1,3,"90,45",9928,"0,05",www,0
34,0,3,3,3,3,1,"103,87",858,"0,05",www,0
34,0,3,3,3,3,1,"106,91",891,"0,05",www,0
30,0,3,3,3,3,1,"102,10",1371,"0,05",www,0
29,0,3,3,3,3,1,"91,32",1673,"0,05",www,0
28,0,3,3,3,3,1,"85,47",4182,"0,05",www,0
34,0,3,3,3,3,1,"109,42",7662,"0,05",www,1
34,0,3,3,3,3,1,"107,54",9807,"0,05",www,0
29,0,3,3,3,3,2,"93,01",367,"0,05",www,0
35,0,3,3,3,3,2,"110,57",3214,"0,05",www,0
35,0,3,3,3,3,0,"104,13",3362,"0,05",www,0
32,0,3,3,3,3,2,"102,00",3575,"0,05",www,0
31,0,3,3,3,3,2,"91,77",4134,"0,05",www,0
36,0,3,3,3,3,2,"113,03",7581,"0,05",www,0
29,0,3,3,3,3,0,"97,77",9083,"0,05",www,0
36,0,3,3,3,3,2,"112,92",9425,"0,05",www,0
31,0,3,3,3,3,2,"90,37",9700,"0,05",www,0
34,0,3,3,3,3,0,"104,05",9847,"0,05",www,0
37,0,3,3,3,4,1,"115,78",237,"0,05",www,0
29,0,3,3,3,4,1,"94,34",2334,"0,05",www,0
30,0,3,3,3,4,1,"97,68",3973,"0,05",www,0
28,0,3,3,3,4,1,"89,49",4155,"0,05",www,0
34,0,3,3,3,4,1,"107,39",8804,"0,05",www,0
35,0,3,3,3,4,2,"110,15",2012,"0,05",www,0
31,0,3,3,3,4,2,"97,76",2877,"0,05",www,0
28,0,3,3,3,4,0,"90,31",7543,"0,05",www,0
33,0,3,3,2,3,1,"104,26",9641,"0,05",www,0
30,0,3,3,2,3,0,"98,59",1011,"0,05",www,0
32,0,3,3,2,3,0,"107,88",1471,"0,05",www,0
31,0,3,3,2,3,0,"95,28",6830,"0,05",www,0
31,0,3,3,2,3,2,"101,63",7882,"0,05",www,0
37,0,3,3,2,3,2,"112,16",9852,"0,05",www,0
29,0,3,3,1,2,1,"99,12",771,"0,05",www,1
32,0,3,3,1,1,1,"100,15",825,"0,05",www,1
30,0,3,3,2,2,1,"97,64",1111,"0,05",www,0
28,0,3,3,1,1,1,"94,66",1581,"0,05",www,0
34,0,3,3,1,1,1,"111,93",2002,"0,05",www,0
34,0,3,3,1,2,1,"110,29",2594,"0,05",www,0
37,0,3,3,1,1,1,"114,63",2905,"0,05",www,0
34,0,3,3,1,1,1,"103,26",3064,"0,05",www,0
35,0,3,3,4,4,1,"106,77",3266,"0,05",www,0
33,0,3,3,2,2,1,"110,80",3787,"0,05",www,0
32,0,3,3,1,1,1,"99,82",3816,"0,05",www,0
32,0,3,3,1,2,1,"100,08",4148,"0,05",www,0
29,0,3,3,1,2,1,"86,16",4379,"0,05",www,0
32,0,3,3,1,1,1,"97,72",5035,"0,05",www,1
34,0,3,3,4,4,1,"109,56",6201,"0,05",www,0
34,0,3,3,1,1,1,"114,34",6674,"0,05",www,1
29,0,3,3,1,1,1,"94,90",7445,"0,05",www,0
37,0,3,3,1,1,1,"112,93",8530,"0,05",www,1
31,0,3,3,1,2,1,"100,98",9384,"0,05",www,0
35,0,3,3,2,2,1,"114,07",9458,"0,05",www,1
31,0,3,3,2,2,2,"97,89",436,"0,05",www,0
34,0,3,3,1,1,2,"113,38",594,"0,05",www,0
36,0,3,3,1,1,2,"114,30",1163,"0,05",www,0
29,0,3,3,1,2,2,"94,94",1583,"0,05",www,0
34,0,3,3,1,1,2,"108,41",4072,"0,05",www,0
34,0,3,3,1,2,2,"107,37",4142,"0,05",www,0
29,0,3,3,1,2,2,"94,56",4550,"0,05",www,0
37,0,3,3,1,1,2,"113,78",4915,"0,05",www,0
37,0,3,3,4,4,3,"113,24",5053,"0,05",www,0
37,0,3,3,1,1,2,"115,55",5142,"0,05",www,0
33,0,3,3,4,4,2,"109,80",5146,"0,05",www,0
28,0,3,3,1,2,3,"87,61",5285,"0,05",www,0
29,0,3,3,1,1,0,"102,43",5559,"0,05",www,0
34,0,3,3,1,1,0,"107,42",6054,"0,05",www,0
29,0,3,3,1,1,3,"103,09",6784,"0,05",www,0
33,0,3,3,1,1,2,"106,74",6821,"0,05",www,0
31,0,3,3,2,2,0,"107,09",6934,"0,05",www,0
34,0,3,3,1,2,2,"111,69",7382,"0,05",www,0
36,0,3,3,1,1,0,"111,16",7593,"0,05",www,0
29,0,3,3,1,1,2,"96,75",8721,"0,05",www,1
35,0,3,3,1,2,2,"114,01",9189,"0,05",www,0
36,0,3,3,4,4,2,"115,43",9524,"0,05",www,0
36,0,3,3,4,4,2,"113,20",9572,"0,05",www,0
33,0,3,3,1,1,2,"99,85",9610,"0,05",www,0
34,0,3,4,3,3,1,"115,82",2529,"0,05",www,0
35,0,3,4,3,3,1,"110,20",7836,"0,05",www,0
32,0,3,4,3,3,1,"99,93",8128,"0,05",www,0
38,0,3,4,3,3,1,"115,40",8351,"0,05",www,0
35,0,3,4,3,3,1,"113,57",9713,"0,05",www,0
31,0,3,4,3,3,0,"105,80",3562,"0,05",www,0
35,0,3,4,3,3,2,"112,20",4506,"0,05",www,0
32,0,3,4,3,3,2,"105,67",5090,"0,05",www,0
35,0,3,4,3,3,2,"111,18",5435,"0,05",www,0
35,0,3,4,3,3,0,"112,32",5537,"0,05",www,0
33,0,3,4,3,3,2,"107,59",5614,"0,05",www,0
35,0,3,4,3,3,2,"114,22",6140,"0,05",www,0
38,0,3,4,3,3,2,"113,66",6426,"0,05",www,0
32,0,3,4,3,3,0,"107,35",6489,"0,05",www,0
35,0,3,4,3,3,2,"113,53",7550,"0,05",www,0
31,0,3,4,3,3,2,"101,58",9004,"0,05",www,0
30,0,3,4,3,3,0,"93,61",9383,"0,05",www,0
34,0,3,4,3,4,1,"100,72",3029,"0,05",www,0
31,0,3,4,3,4,2,"109,10",2742,"0,05",www,0
30,0,3,4,3,4,3,"92,02",4295,"0,05",www,0
36,0,3,4,3,4,2,"115,53",4425,"0,05",www,0
28,0,3,4,3,4,2,"92,75",9131,"0,05",www,0
31,0,3,4,3,4,0,"95,40",9805,"0,05",www,0
33,0,3,4,2,3,2,"105,17",4983,"0,05",www,0
34,0,3,4,2,3,2,"114,79",7564,"0,05",www,0
36,0,3,4,2,3,0,"104,82",9592,"0,05",www,0
36,0,3,4,1,2,1,"112,17",1434,"0,05",www,0
35,0,3,4,1,2,1,"111,30",2460,"0,05",www,0
38,0,3,4,1,1,1,"115,74",2570,"0,05",www,0
33,0,3,4,1,1,1,"101,98",2945,"0,05",www,0
38,0,3,4,2,2,1,"114,93",4163,"0,05",www,0
31,0,3,4,1,1,1,"99,23",5225,"0,05",www,0
31,0,3,4,1,2,1,"98,64",5536,"0,05",www,0
33,0,3,4,1,1,3,"110,82",598,"0,05",www,0
35,0,3,4,1,1,2,"108,75",1154,"0,05",www,0
33,0,3,4,1,1,2,"108,98",1733,"0,05",www,0
34,0,3,4,1,1,0,"103,69",2922,"0,05",www,0
32,0,3,4,1,1,2,"108,17",2985,"0,05",www,0
31,0,3,4,1,1,0,"100,05",3914,"0,05",www,0
33,0,3,4,1,2,0,"106,59",4123,"0,05",www,0
36,0,3,4,1,2,2,"115,32",4248,"0,05",www,0
36,0,3,4,1,1,3,"111,37",4329,"0,05",www,0
30,0,3,4,1,2,0,"96,04",4343,"0,05",www,0
29,0,3,4,1,2,2,"91,15",4639,"0,05",www,0
32,0,3,4,4,4,2,"101,48",5050,"0,05",www,0
32,0,3,4,2,2,2,"110,01",5412,"0,05",www,0
30,0,3,4,4,4,2,"96,70",6286,"0,05",www,0
32,0,3,4,4,4,0,"103,64",7064,"0,05",www,0
37,0,3,4,1,1,0,"114,93",7327,"0,05",www,0
35,0,3,4,1,1,2,"105,07",8671,"0,05",www,0
33,0,3,4,4,4,0,"106,26",8705,"0,05",www,0
32,0,3,4,1,2,0,"98,60",9042,"0,05",www,0
33,0,3,4,1,1,0,"109,92",9341,"0,05",www,0
32,0,3,4,1,1,2,"97,22",9346,"0,05",www,0
36,0,3,4,1,2,2,"103,28",9558,"0,05",www,1
33,0,2,2,3,3,1,"106,71",164,"0,05",www,0
31,0,2,2,3,3,1,"101,57",1148,"0,05",www,0
32,0,2,1,3,3,1,"106,41",2098,"0,05",www,0
33,0,2,2,3,3,1,"108,48",3829,"0,05",www,0
32,0,2,1,3,3,1,"103,12",3996,"0,05",www,0
35,0,2,2,3,3,1,"114,48",4049,"0,05",www,1
34,0,2,1,3,3,1,"113,03",4834,"0,05",www,0
35,0,2,1,3,3,1,"106,75",4850,"0,05",www,0
32,0,2,2,3,3,1,"101,06",5002,"0,05",www,0
30,0,2,1,3,3,1,"97,33",6135,"0,05",www,0
32,0,2,2,3,3,1,"102,92",6208,"0,05",www,0
30,0,2,2,3,3,1,"92,78",7331,"0,05",www,0
37,0,2,2,3,3,2,"115,55",141,"0,05",www,0
32,0,2,1,3,3,2,"108,88",208,"0,05",www,0
33,0,2,2,3,3,2,"110,66",250,"0,05",www,0
31,0,2,1,3,3,2,"102,53",1345,"0,05",www,1
30,0,2,2,3,3,2,"93,13",1531,"0,05",www,0
29,0,2,1,3,3,0,"99,97",2287,"0,05",www,0
28,0,2,2,3,3,2,"81,90",2531,"0,05",www,0
33,0,2,1,3,3,2,"104,73",4300,"0,05",www,0
28,0,2,2,3,3,2,"91,37",4335,"0,05",www,0
34,0,2,1,3,3,0,"113,44",4750,"0,05",www,0
30,0,2,1,3,3,2,"103,76",6017,"0,05",www,0
37,0,2,1,3,3,2,"111,78",6119,"0,05",www,0
36,0,2,1,3,3,2,"115,01",6150,"0,05",www,0
32,0,2,2,3,3,0,"106,28",6724,"0,05",www,0
36,0,2,2,3,3,2,"104,43",7026,"0,05",www,0
32,0,2,1,3,3,0,"112,67",7222,"0,05",www,1
34,0,2,2,3,3,0,"98,10",8025,"0,05",www,0
29,0,2,1,3,3,2,"95,93",8222,"0,05",www,0
29,0,2,2,3,3,0,"92,17",8493,"0,05",www,0
35,0,2,2,3,3,0,"108,10",8743,"0,05",www,0
30,0,2,2,3,3,0,"95,73",9200,"0,05",www,0
29,0,2,2,3,3,2,"86,66",9487,"0,05",www,0
32,0,2,1,3,4,1,"104,30",547,"0,05",www,0
29,0,2,1,3,4,1,"96,34",3836,"0,05",www,0
32,0,2,2,3,4,1,"101,16",5023,"0,05",www,0
28,0,2,1,3,4,1,"93,54",5295,"0,05",www,0
35,0,2,1,3,4,1,"108,89",7098,"0,05",www,0
33,0,2,2,3,4,1,"107,57",9060,"0,05",www,0
32,0,2,2,3,4,0,"108,10",445,"0,05",www,0
31,0,2,1,3,4,2,"92,53",1757,"0,05",www,0
35,0,2,1,3,4,0,"110,10",2040,"0,05",www,0
34,0,2,1,3,4,2,"114,27",2184,"0,05",www,0
32,0,2,2,3,4,0,"109,47",2744,"0,05",www,0
32,0,2,1,3,4,2,"100,51",2989,"0,05",www,0
31,0,2,1,3,4,2,"100,50",4724,"0,05",www,0
34,0,2,2,3,4,3,"114,76",4753,"0,05",www,0
32,0,2,1,3,4,2,"98,88",4913,"0,05",www,0
28,0,2,2,3,4,2,"101,70",5187,"0,05",www,1
32,0,2,2,3,4,2,"100,48",6864,"0,05",www,0
32,0,2,1,3,4,3,"102,70",8404,"0,05",www,0
33,0,2,2,3,4,0,"102,88",8834,"0,05",www,0
33,0,2,2,3,4,0,"112,66",8907,"0,05",www,0
29,0,2,2,3,4,2,"90,89",9299,"0,05",www,0
28,0,2,1,3,4,2,"94,89",9672,"0,05",www,1
36,0,2,1,2,3,1,"112,50",1730,"0,05",www,1
29,0,2,2,2,3,1,"99,02",5588,"0,05",www,0
30,0,2,1,2,3,1,"96,14",6323,"0,05",www,0
29,0,2,1,2,3,1,"95,89",9157,"0,05",www,1
30,0,2,1,2,3,0,"104,89",1607,"0,05",www,0
29,0,2,1,2,3,0,"93,12",2083,"0,05",www,0
35,0,2,2,2,3,2,"115,10",2660,"0,05",www,1
28,0,2,2,1,2,1,"84,14",754,"0,05",www,0
30,0,2,1,1,1,1,"89,55",783,"0,05",www,0
33,0,2,1,4,4,1,"108,68",1335,"0,05",www,0
31,0,2,1,4,4,1,"91,84",2230,"0,05",www,0
34,0,2,2,4,4,1,"112,26",2238,"0,05",www,0
36,0,2,1,2,2,1,"113,86",2677,"0,05",www,0
31,0,2,2,1,1,1,"88,73",3174,"0,05",www,1
32,0,2,1,1,1,1,"107,65",3288,"0,05",www,0
32,0,2,2,4,4,1,"99,36",4037,"0,05",www,0
33,0,2,1,4,4,1,"98,86",4299,"0,05",www,0
31,0,2,1,2,2,1,"88,96",5186,"0,05",www,0
35,0,2,2,1,1,1,"113,64",5356,"0,05",www,0
36,0,2,2,1,2,1,"109,73",5599,"0,05",www,0
28,0,2,2,4,4,1,"92,34",5923,"0,05",www,0
34,0,2,1,1,1,1,"111,84",6452,"0,05",www,1
33,0,2,1,1,1,1,"94,75",6697,"0,05",www,0
34,0,2,2,1,1,1,"104,76",7028,"0,05",www,0
28,0,2,1,1,1,1,"86,79",7288,"0,05",www,0
34,0,2,2,4,4,1,"110,89",7310,"0,05",www,0
31,0,2,1,1,1,1,"89,65",7618,"0,05",www,0
35,0,2,2,2,2,1,"115,99",8704,"0,05",www,0
29,0,2,2,1,1,1,"87,59",8733,"0,05",www,0
33,0,2,1,1,1,1,"105,93",8754,"0,05",www,0
29,0,2,2,1,1,1,"88,84",9047,"0,05",www,1
35,0,2,1,2,2,1,"113,90",9134,"0,05",www,0
28,0,2,1,2,2,1,"88,32",9486,"0,05",www,0
34,0,2,2,1,1,1,"115,61",9559,"0,05",www,1
35,0,2,2,4,4,1,"105,58",9698,"0,05",www,0
30,0,2,2,4,4,1,"103,28",9733,"0,05",www,0
32,0,2,2,2,2,2,"110,96",187,"0,05",www,0
33,0,2,1,1,1,2,"110,50",204,"0,05",www,0
31,0,2,1,4,4,2,"95,19",350,"0,05",www,0
36,0,2,2,1,1,2,"113,39",404,"0,05",www,0
33,0,2,1,4,4,2,"97,99",570,"0,05",www,0
34,0,2,2,1,1,3,"115,11",575,"0,05",www,0
37,0,2,2,1,1,2,"106,45",714,"0,05",www,0
28,0,2,2,1,1,0,"86,78",1200,"0,05",www,0
35,0,2,2,4,4,0,"110,37",1507,"0,05",www,0
30,0,2,1,4,4,2,"89,98",1526,"0,05",www,0
30,0,2,2,4,4,0,"92,97",1816,"0,05",www,0
34,0,2,2,1,1,2,"102,22",1913,"0,05",www,0
30,0,2,2,1,1,2,"93,13",1961,"0,05",www,1
29,0,2,2,2,2,2,"98,42",2006,"0,05",www,0
34,0,2,2,1,1,0,"110,13",2487,"0,05",www,0
32,0,2,1,1,2,2,"85,60",2614,"0,05",www,0
32,0,2,1,1,1,2,"110,45",2918,"0,05",www,0
31,0,2,2,1,1,2,"96,38",4005,"0,05",www,0
30,0,2,2,1,2,0,"107,48",4023,"0,05",www,0
30,0,2,1,4,4,2,"95,18",4165,"0,05",www,0
33,0,2,1,1,2,2,"100,88",4515,"0,05",www,0
37,0,2,2,4,4,0,"113,23",4689,"0,05",www,0
36,0,2,2,1,1,2,"110,08",4696,"0,05",www,0
36,0,2,2,2,2,2,"115,17",4782,"0,05",www,0
33,0,2,1,1,2,3,"110,56",4899,"0,05",www,0
31,0,2,2,1,2,2,"96,02",4940,"0,05",www,0
32,0,2,2,1,1,2,"100,14",5097,"0,05",www,0
35,0,2,2,1,2,2,"109,39",5110,"0,05",www,0
35,0,2,2,2,2,2,"109,75",5263,"0,05",www,0
39,0,2,1,1,2,0,"115,65",5961,"0,05",www,0
34,0,2,1,1,1,2,"105,00",6112,"0,05",www,0
30,0,2,2,4,4,2,"91,85",6581,"0,05",www,0
28,0,2,1,4,4,2,"92,23",6825,"0,05",www,0
29,0,2,2,1,1,3,"94,03",7029,"0,05",www,0
38,0,2,2,1,2,3,"114,66",7069,"0,05",www,0
34,0,2,2,1,1,2,"106,73",7157,"0,05",www,0
30,0,2,1,1,2,0,"94,03",7561,"0,05",www,0
31,0,2,2,1,2,2,"107,06",7716,"0,05",www,0
30,0,2,1,1,1,2,"99,61",7768,"0,05",www,0
32,0,2,1,1,1,2,"94,02",7889,"0,05",www,0
29,0,2,2,2,2,0,"86,10",7906,"0,05",www,0
33,0,2,2,1,2,2,"105,20",8205,"0,05",www,0
31,0,2,2,4,4,0,"107,03",8395,"0,05",www,0
28,0,2,2,1,1,0,"93,94",8649,"0,05",www,1
31,0,2,1,4,4,2,"99,06",9568,"0,05",www,0
35,0,2,3,3,3,1,"113,09",534,"0,05",www,0
31,0,2,3,3,3,1,"100,16",617,"0,05",www,0
28,0,2,3,3,3,1,"84,78",953,"0,05",www,0
36,0,2,3,3,3,1,"114,60",1755,"0,05",www,0
35,0,2,3,3,3,1,"109,70",4411,"0,05",www,0
35,0,2,3,3,3,1,"115,70",7586,"0,05",www,0
36,0,2,3,3,3,1,"112,27",9738,"0,05",www,0
32,0,2,3,3,3,2,"104,60",1075,"0,05",www,0
38,0,2,3,3,3,2,"112,76",1850,"0,05",www,0
33,0,2,3,3,3,0,"94,93",2912,"0,05",www,0
34,0,2,3,3,3,0,"103,43",3501,"0,05",www,0
37,0,2,3,3,3,2,"112,23",5100,"0,05",www,0
28,0,2,3,3,3,2,"98,29",7089,"0,05",www,0
35,0,2,3,3,3,2,"109,43",7514,"0,05",www,0
36,0,2,3,3,3,3,"112,55",7609,"0,05",www,0
33,0,2,3,3,3,2,"106,54",8507,"0,05",www,0
33,0,2,3,3,3,2,"112,59",8866,"0,05",www,0
33,0,2,3,3,3,2,"109,18",9513,"0,05",www,0
33,0,2,3,3,4,1,"106,64",6434,"0,05",www,0
34,0,2,3,3,4,1,"99,67",7470,"0,05",www,0
34,0,2,3,3,4,1,"113,34",9195,"0,05",www,0
30,0,2,3,3,4,2,"93,15",6225,"0,05",www,0
30,0,2,3,3,4,3,"100,53",6311,"0,05",www,0
29,0,2,3,3,4,2,"89,29",7128,"0,05",www,0
37,0,2,3,2,3,1,"115,71",2434,"0,05",www,0
36,0,2,3,2,3,1,"107,19",4330,"0,05",www,0
32,0,2,3,2,3,2,"104,75",8889,"0,05",www,0
35,0,2,3,4,4,1,"111,60",516,"0,05",www,0
34,0,2,3,1,2,1,"99,57",1178,"0,05",www,0
33,0,2,3,4,4,1,"109,52",1495,"0,05",www,0
31,0,2,3,1,1,1,"101,66",2405,"0,05",www,0
35,0,2,3,1,1,1,"115,33",2513,"0,05",www,0
28,0,2,3,1,2,1,"87,28",2530,"0,05",www,0
34,0,2,3,4,4,1,"110,31",2620,"0,05",www,0
33,0,2,3,1,1,1,"106,85",2908,"0,05",www,0
33,0,2,3,1,1,1,"109,11",2988,"0,05",www,0
30,0,2,3,1,1,1,"93,25",3542,"0,05",www,0
32,0,2,3,1,1,1,"103,41",5613,"0,05",www,0
34,0,2,3,1,1,1,"108,62",6444,"0,05",www,0
32,0,2,3,1,1,1,"107,46",8062,"0,05",www,0
31,0,2,3,1,1,1,"104,24",8092,"0,05",www,0
31,0,2,3,1,1,1,"102,89",8543,"0,05",www,0
37,0,2,3,1,2,0,"110,01",253,"0,05",www,0
33,0,2,3,2,2,2,"106,99",796,"0,05",www,0
37,0,2,3,1,1,2,"110,54",1046,"0,05",www,0
29,0,2,3,2,2,2,"99,15",1065,"0,05",www,0
28,0,2,3,1,2,3,"93,39",2571,"0,05",www,0
35,0,2,3,4,4,3,"113,12",2801,"0,05",www,0
34,0,2,3,4,4,2,"107,59",3395,"0,05",www,0
36,0,2,3,1,1,2,"112,42",4436,"0,05",www,0
36,0,2,3,4,4,2,"104,84",5022,"0,05",www,0
36,0,2,3,1,1,0,"113,27",5532,"0,05",www,0
28,0,2,3,1,1,3,"83,37",6075,"0,05",www,0
37,0,2,3,4,4,3,"111,35",6521,"0,05",www,0
28,0,2,3,1,1,2,"81,87",6943,"0,05",www,0
33,0,2,3,1,2,2,"109,37",7282,"0,05",www,0
28,0,2,3,2,2,3,"86,65",7798,"0,05",www,0
31,0,2,3,1,1,2,"99,39",8826,"0,05",www,0
35,0,2,3,1,2,0,"107,47",8864,"0,05",www,0
34,0,2,3,1,2,0,"106,97",9188,"0,05",www,0
29,0,2,3,4,4,2,"98,25",9289,"0,05",www,0
33,0,2,4,3,3,1,"97,12",157,"0,05",www,0
29,0,2,4,3,3,1,"96,50",4244,"0,05",www,0
30,0,2,4,3,3,1,"90,83",4597,"0,05",www,0
35,0,2,4,3,3,1,"109,50",6777,"0,05",www,0
33,0,2,4,3,3,1,"97,92",9033,"0,05",www,0
29,0,2,4,3,3,2,"91,79",501,"0,05",www,0
28,0,2,4,3,3,2,"93,45",967,"0,05",www,0
35,0,2,4,3,3,2,"111,31",1235,"0,05",www,0
30,0,2,4,3,3,2,"99,99",1903,"0,05",www,0
36,0,2,4,3,3,2,"114,99",2089,"0,05",www,0
38,0,2,4,3,3,2,"110,92",2396,"0,05",www,0
31,0,2,4,3,3,0,"108,56",5679,"0,05",www,0
37,0,2,4,3,3,2,"111,16",5951,"0,05",www,0
34,0,2,4,3,3,3,"115,47",5974,"0,05",www,0
28,0,2,4,3,3,0,"81,08",6144,"0,05",www,0
33,0,2,4,3,3,2,"109,83",7113,"0,05",www,0
31,0,2,4,3,3,2,"97,06",7455,"0,05",www,0
39,0,2,4,3,3,0,"112,39",8384,"0,05",www,0
29,0,2,4,3,4,1,"77,20",805,"0,05",www,0
34,0,2,4,3,4,1,"108,02",871,"0,05",www,0
34,0,2,4,3,4,1,"109,37",2399,"0,05",www,0
31,0,2,4,3,4,1,"107,40",7379,"0,05",www,0
29,0,2,4,3,4,1,"88,06",7528,"0,05",www,0
35,0,2,4,3,4,1,"109,26",8322,"0,05",www,0
33,0,2,4,3,4,0,"102,65",30,"0,05",www,0
32,0,2,4,3,4,3,"104,15",881,"0,05",www,0
30,0,2,4,3,4,0,"96,03",1420,"0,05",www,0
33,0,2,4,3,4,2,"106,83",1860,"0,05",www,0
31,0,2,4,3,4,2,"107,87",2381,"0,05",www,0
31,0,2,4,3,4,3,"100,34",8673,"0,05",www,0
32,0,2,4,3,4,2,"102,60",8973,"0,05",www,0
33,0,2,4,3,4,0,"106,29",9370,"0,05",www,0
32,0,2,4,2,3,1,"100,18",4118,"0,05",www,0
33,0,2,4,2,3,1,"110,67",6789,"0,05",www,0
33,0,2,4,4,4,1,"101,16",472,"0,05",www,0
29,0,2,4,4,4,1,"92,69",1074,"0,05",www,0
30,0,2,4,4,4,1,"92,62",1546,"0,05",www,0
34,0,2,4,4,4,1,"108,56",3243,"0,05",www,0
33,0,2,4,1,1,1,"106,86",3593,"0,05",www,0
33,0,2,4,2,2,1,"110,71",3691,"0,05",www,0
28,0,2,4,4,4,1,"93,80",3950,"0,05",www,0
35,0,2,4,1,1,1,"113,80",4210,"0,05",www,0
33,0,2,4,4,4,1,"104,48",5328,"0,05",www,0
32,0,2,4,1,1,1,"107,80",8321,"0,05",www,0
30,0,2,4,2,2,1,"102,03",9315,"0,05",www,0
36,0,2,4,4,4,1,"113,99",9340,"0,05",www,0
34,0,2,4,1,1,1,"105,77",9353,"0,05",www,0
29,0,2,4,4,4,1,"99,33",9401,"0,05",www,0
32,0,2,4,4,4,2,"105,39",229,"0,05",www,0
32,0,2,4,4,4,0,"104,21",1256,"0,05",www,0
35,0,2,4,1,2,2,"111,77",1390,"0,05",www,0
30,0,2,4,2,2,2,"95,61",1489,"0,05",www,0
33,0,2,4,1,2,0,"114,45",1920,"0,05",www,0
30,0,2,4,4,4,2,"95,25",2048,"0,05",www,0
34,0,2,4,1,2,2,"114,13",2161,"0,05",www,0
32,0,2,4,1,2,2,"96,63",2847,"0,05",www,0
31,0,2,4,1,2,2,"101,14",2929,"0,05",www,0
33,0,2,4,2,2,2,"109,45",3432,"0,05",www,0
34,0,2,4,1,1,2,"103,98",3663,"0,05",www,0
38,0,2,4,1,1,2,"113,45",4046,"0,05",www,1
38,0,2,4,4,4,2,"112,25",4076,"0,05",www,0
36,0,2,4,1,1,2,"110,48",4774,"0,05",www,0
35,0,2,4,1,2,2,"107,22",5876,"0,05",www,0
29,0,2,4,1,1,0,"95,81",6195,"0,05",www,0
33,0,2,4,1,1,0,"109,46",8098,"0,05",www,0
30,0,2,4,1,2,0,"93,85",8691,"0,05",www,0
29,0,2,4,1,2,2,"99,31",8716,"0,05",www,0
33,0,2,4,1,2,0,"98,93",8913,"0,05",www,0
35,0,2,4,4,4,2,"111,35",9210,"0,05",www,0
36,0,2,4,1,1,2,"115,43",9216,"0,05",www,0
31,0,2,4,1,1,2,"94,96",9372,"0,05",www,0
32,0,2,4,1,2,2,"104,80",9580,"0,05",www,0
29,1,1,2,3,3,1,"86,68",35,"0,05",www,0
37,1,1,1,3,3,1,"110,92",1724,"0,05",www,0
31,1,1,1,3,3,1,"101,50",2701,"0,05",www,0
34,1,1,2,3,3,1,"95,86",2946,"0,05",www,0
33,1,4,1,3,3,1,"112,89",3295,"0,05",www,0
33,1,1,1,3,3,1,"101,83",4091,"0,05",www,0
36,1,4,1,3,3,1,"107,49",4099,"0,05",www,0
36,1,4,2,3,3,1,"104,04",4523,"0,05",www,0
28,1,1,1,3,3,1,"94,68",4854,"0,05",www,0
30,1,1,2,3,3,1,"91,45",5487,"0,05",www,0
29,1,1,1,3,3,1,"90,78",5931,"0,05",www,0
28,1,4,2,3,3,1,"79,68",6129,"0,05",www,0
30,1,4,1,3,3,1,"91,93",6349,"0,05",www,0
34,1,1,1,3,3,1,"104,23",6750,"0,05",www,0
37,1,1,2,3,3,1,"111,44",7764,"0,05",www,0
34,1,4,1,3,3,1,"112,30",8362,"0,05",www,0
35,1,1,2,3,3,1,"114,21",9687,"0,05",www,0
36,1,1,2,3,3,1,"110,35",9850,"0,05",www,0
31,1,1,2,3,3,1,"100,10",9934,"0,05",www,0
33,1,1,1,3,3,2,"110,62",91,"0,05",www,0
36,1,1,2,3,3,0,"114,06",331,"0,05",www,0
34,1,1,1,3,3,3,"107,12",521,"0,05",www,0
33,1,1,2,3,3,2,"104,00",731,"0,05",www,0
28,1,4,1,3,3,2,"88,11",1230,"0,05",www,0
35,1,4,2,3,3,2,"110,59",1415,"0,05",www,0
30,1,1,2,3,3,2,"91,48",1919,"0,05",www,0
35,1,4,1,3,3,3,"112,02",1924,"0,05",www,0
32,1,4,1,3,3,3,"97,04",1957,"0,05",www,0
34,1,1,2,3,3,0,"112,27",2213,"0,05",www,0
33,1,4,2,3,3,0,"103,21",2259,"0,05",www,0
29,1,4,1,3,3,0,"95,61",2352,"0,05",www,0
33,1,4,1,3,3,3,"104,57",3004,"0,05",www,0
38,1,4,1,3,3,0,"115,08",3332,"0,05",www,0
36,1,4,2,3,3,2,"113,41",3630,"0,05",www,0
30,1,4,1,3,3,2,"99,26",4013,"0,05",www,0
30,1,4,1,3,3,2,"97,10",4130,"0,05",www,0
32,1,4,2,3,3,2,"100,54",4133,"0,05",www,0
35,1,1,2,3,3,2,"106,36",4361,"0,05",www,0
32,1,1,1,3,3,0,"88,27",4404,"0,05",www,0
36,1,4,1,3,3,0,"113,43",4487,"0,05",www,0
35,1,1,1,3,3,0,"109,77",5014,"0,05",www,0
30,1,4,1,3,3,2,"99,48",5032,"0,05",www,0
35,1,4,2,3,3,2,"110,15",5209,"0,05",www,0
36,1,4,1,3,3,0,"113,01",5667,"0,05",www,0
28,1,4,2,3,3,2,"101,59",5808,"0,05",www,0
32,1,4,2,3,3,2,"109,78",6628,"0,05",www,0
35,1,4,2,3,3,2,"114,36",6720,"0,05",www,0
35,1,4,2,3,3,2,"107,96",6897,"0,05",www,0
29,1,1,2,3,3,3,"92,72",6935,"0,05",www,1
33,1,1,1,3,3,2,"107,22",7364,"0,05",www,0
32,1,4,1,3,3,0,"106,35",7407,"0,05",www,0
37,1,4,1,3,3,2,"115,16",7591,"0,05",www,0
28,1,1,2,3,3,0,"93,68",7610,"0,05",www,0
37,1,1,2,3,3,2,"112,11",7786,"0,05",www,0
33,1,4,1,3,3,2,"112,22",7797,"0,05",www,0
31,1,1,2,3,3,2,"96,56",7821,"0,05",www,0
30,1,4,2,3,3,2,"98,01",7930,"0,05",www,0
30,1,1,2,3,3,2,"93,45",8232,"0,05",www,0
29,1,4,1,3,3,0,"93,37",8353,"0,05",www,0
31,1,4,1,3,3,2,"99,94",8500,"0,05",www,0
33,1,1,2,3,3,0,"100,36",8735,"0,05",www,0
34,1,4,2,3,3,2,"108,47",8766,"0,05",www,0
33,1,4,1,3,3,2,"104,70",9570,"0,05",www,0
33,1,4,1,3,3,0,"106,79",9959,"0,05",www,0
34,1,1,1,3,4,1,"111,73",573,"0,05",www,0
29,1,4,2,3,4,1,"92,77",1102,"0,05",www,0
31,1,1,1,3,4,1,"103,64",2128,"0,05",www,0
31,1,4,2,3,4,1,"106,63",2665,"0,05",www,0
35,1,4,1,3,4,1,"109,62",6255,"0,05",www,0
30,1,4,1,3,4,1,"88,95",6760,"0,05",www,0
32,1,4,2,3,4,1,"107,55",7093,"0,05",www,0
33,1,4,2,3,4,1,"109,66",7121,"0,05",www,0
30,1,1,1,3,4,1,"99,44",7189,"0,05",www,0
28,1,1,2,3,4,1,"90,72",7348,"0,05",www,0
38,1,4,1,3,4,1,"111,61",8089,"0,05",www,0
31,1,4,2,3,4,1,"97,33",9967,"0,05",www,0
34,1,1,2,3,4,2,"108,74",62,"0,05",www,0
35,1,1,2,3,4,2,"115,26",449,"0,05",www,0
36,1,4,2,3,4,2,"108,28",1233,"0,05",www,0
29,1,4,1,3,4,3,"94,44",1285,"0,05",www,0
35,1,1,1,3,4,2,"104,78",1658,"0,05",www,1
37,1,4,2,3,4,2,"115,38",1828,"0,05",www,0
36,1,1,2,3,4,2,"108,59",2063,"0,05",www,0
37,1,1,1,3,4,0,"114,44",2914,"0,05",www,0
30,1,1,1,3,4,2,"96,68",3581,"0,05",www,0
31,1,1,1,3,4,0,"108,50",4315,"0,05",www,0
35,1,1,2,3,4,2,"110,90",4857,"0,05",www,0
33,1,4,2,3,4,0,"96,82",5126,"0,05",www,0
29,1,1,1,3,4,0,"88,99",5197,"0,05",www,0
38,1,1,1,3,4,0,"115,15",5606,"0,05",www,0
37,1,4,2,3,4,2,"115,23",5937,"0,05",www,0
37,1,1,2,3,4,2,"111,20",6686,"0,05",www,0
34,1,4,2,3,4,2,"107,10",7509,"0,05",www,0
34,1,1,2,3,4,2,"101,69",7589,"0,05",www,0
36,1,1,1,3,4,0,"111,57",7751,"0,05",www,0
32,1,1,2,3,4,0,"101,04",7775,"0,05",www,0
36,1,1,2,3,4,2,"114,44",7957,"0,05",www,0
38,1,4,2,3,4,2,"110,33",8109,"0,05",www,0
30,1,4,2,3,4,2,"97,33",8918,"0,05",www,0
34,1,4,2,3,4,3,"108,63",9601,"0,05",www,0
32,1,1,2,2,3,1,"105,98",2504,"0,05",www,0
37,1,1,2,2,3,1,"110,88",7993,"0,05",www,0
38,1,4,1,2,3,1,"113,26",9954,"0,05",www,0
36,1,1,1,2,3,2,"107,48",2427,"0,05",www,0
32,1,1,2,2,3,2,"100,21",3249,"0,05",www,0
35,1,4,1,2,3,0,"109,63",4419,"0,05",www,0
32,1,4,2,2,3,2,"108,12",7073,"0,05",www,0
28,1,4,1,2,3,0,"86,93",7105,"0,05",www,0
35,1,4,1,2,3,2,"106,60",7342,"0,05",www,0
32,1,1,2,2,3,2,"99,98",7478,"0,05",www,0
31,1,1,1,2,3,0,"91,43",7705,"0,05",www,0
33,1,4,1,2,3,2,"97,94",8870,"0,05",www,0
36,1,4,1,2,3,2,"115,49",9209,"0,05",www,0
30,1,4,2,4,4,1,"91,76",56,"0,05",www,0
35,1,1,1,1,1,1,"110,64",198,"0,05",www,0
33,1,1,1,1,1,1,"101,06",443,"0,05",www,0
29,1,4,1,4,4,1,"103,22",633,"0,05",www,0
34,1,4,1,2,2,1,"113,55",883,"0,05",www,0
30,1,4,1,4,4,1,"96,91",942,"0,05",www,0
34,1,4,2,2,2,1,"107,92",1083,"0,05",www,0
34,1,4,2,1,1,1,"113,67",1226,"0,05",www,1
28,1,1,1,2,2,1,"80,50",1268,"0,05",www,0
28,1,4,2,4,4,1,"87,73",1480,"0,05",www,0
32,1,1,2,2,2,1,"101,66",1664,"0,05",www,0
34,1,1,2,2,2,1,"113,52",1804,"0,05",www,0
28,1,4,2,4,4,1,"96,17",1836,"0,05",www,0
30,1,1,1,1,2,1,"98,97",2208,"0,05",www,0
34,1,4,1,1,1,1,"106,25",2445,"0,05",www,0
28,1,4,1,4,4,1,"91,50",2477,"0,05",www,0
33,1,4,1,1,1,1,"100,88",2510,"0,05",www,0
34,1,1,2,2,2,1,"111,76",2550,"0,05",www,1
31,1,1,2,4,4,1,"101,24",2706,"0,05",www,0
29,1,4,2,1,1,1,"98,66",3536,"0,05",www,0
35,1,4,1,1,1,1,"112,00",3902,"0,05",www,0
34,1,1,2,1,1,1,"111,93",4222,"0,05",www,0
31,1,1,1,1,1,1,"103,38",4255,"0,05",www,0
31,1,4,1,1,1,1,"96,79",4441,"0,05",www,0
33,1,4,2,1,1,1,"107,63",4842,"0,05",www,0
32,1,1,1,1,2,1,"100,91",5160,"0,05",www,0
30,1,4,2,1,1,1,"101,89",5229,"0,05",www,0
34,1,4,1,2,2,1,"114,39",5344,"0,05",www,0
33,1,4,1,4,4,1,"110,82",5431,"0,05",www,0
31,1,1,1,4,4,1,"98,19",5749,"0,05",www,0
34,1,4,1,1,2,1,"110,82",5826,"0,05",www,0
32,1,1,1,1,2,1,"105,74",6103,"0,05",www,0
34,1,4,2,1,1,1,"109,99",6513,"0,05",www,0
33,1,4,1,1,1,1,"115,73",6882,"0,05",www,1
36,1,1,1,1,1,1,"114,64",6966,"0,05",www,0
33,1,1,1,1,1,1,"102,12",6971,"0,05",www,0
32,1,1,2,2,2,1,"95,16",7355,"0,05",www,0
31,1,4,1,2,2,1,"96,16",7457,"0,05",www,0
35,1,1,1,1,2,1,"113,43",7599,"0,05",www,0
31,1,1,1,1,1,1,"95,74",7684,"0,05",www,0
36,1,1,1,1,1,1,"114,20",7691,"0,05",www,0
30,1,1,1,4,4,1,"95,92",7708,"0,05",www,0
31,1,4,2,1,1,1,"101,24",7904,"0,05",www,0
33,1,4,2,1,2,1,"105,36",8148,"0,05",www,0
31,1,1,1,4,4,1,"99,49",8245,"0,05",www,0
36,1,1,2,2,2,1,"110,02",8373,"0,05",www,0
32,1,4,1,2,2,1,"108,40",8955,"0,05",www,0
39,1,4,1,4,4,1,"114,81",9010,"0,05",www,0
31,1,1,1,1,2,1,"97,17",9163,"0,05",www,0
29,1,1,2,1,1,1,"84,32",9237,"0,05",www,0
30,1,4,1,1,2,1,"90,15",9371,"0,05",www,0
36,1,1,1,1,1,1,"114,94",9378,"0,05",www,1
36,1,4,1,4,4,1,"112,24",9440,"0,05",www,0
34,1,4,1,4,4,1,"111,15",9543,"0,05",www,0
28,1,4,1,4,4,1,"99,93",9625,"0,05",www,0
34,1,4,2,1,1,1,"104,80",9922,"0,05",www,0
32,1,4,2,1,1,1,"104,15",9968,"0,05",www,0
34,1,1,2,4,4,1,"110,21",9997,"0,05",www,0
29,1,1,2,1,1,0,"89,61",132,"0,05",www,0
31,1,4,1,4,4,2,"102,17",155,"0,05",www,0
31,1,4,2,1,2,2,"95,89",159,"0,05",www,0
28,1,1,1,4,4,0,"86,33",226,"0,05",www,0
37,1,1,1,1,1,0,"111,93",438,"0,05",www,0
33,1,1,1,1,1,2,"98,39",440,"0,05",www,0
36,1,4,1,1,1,0,"111,52",675,"0,05",www,0
35,1,4,1,1,1,2,"105,08",1055,"0,05",www,0
35,1,4,1,1,2,2,"114,59",1062,"0,05",www,0
31,1,1,1,1,2,2,"96,09",1078,"0,05",www,0
34,1,4,2,2,2,0,"107,22",1109,"0,05",www,0
31,1,1,2,4,4,2,"102,50",1279,"0,05",www,0
39,1,1,2,1,1,2,"115,99",1321,"0,05",www,0
29,1,4,1,2,2,3,"96,79",1350,"0,05",www,0
35,1,4,2,2,2,2,"113,95",1380,"0,05",www,0
31,1,1,2,4,4,0,"98,52",1393,"0,05",www,0
34,1,1,2,2,2,0,"113,04",1441,"0,05",www,0
31,1,1,1,1,1,2,"101,12",1518,"0,05",www,0
38,1,1,1,4,4,2,"110,65",1563,"0,05",www,0
30,1,1,2,4,4,2,"93,26",1683,"0,05",www,0
33,1,4,1,4,4,0,"99,78",1923,"0,05",www,0
28,1,1,2,1,1,2,"88,55",1976,"0,05",www,0
33,1,4,1,2,2,2,"101,26",1982,"0,05",www,0
34,1,4,1,4,4,2,"112,29",2079,"0,05",www,0
30,1,4,2,2,2,2,"100,07",2242,"0,05",www,0
34,1,1,2,1,1,2,"107,65",2369,"0,05",www,0
31,1,4,2,2,2,0,"106,93",2486,"0,05",www,0
36,1,1,2,4,4,0,"111,87",2770,"0,05",www,0
37,1,4,1,1,1,2,"109,79",2783,"0,05",www,0
34,1,4,2,4,4,2,"108,41",2785,"0,05",www,1
35,1,4,1,2,2,2,"113,21",2810,"0,05",www,0
32,1,1,2,1,1,2,"106,50",2814,"0,05",www,0
29,1,4,1,1,1,2,"100,37",2873,"0,05",www,0
32,1,1,2,4,4,0,"94,74",2895,"0,05",www,0
34,1,1,1,2,2,0,"114,69",3358,"0,05",www,0
38,1,1,2,1,2,2,"109,36",3584,"0,05",www,0
35,1,1,1,1,1,2,"104,62",3976,"0,05",www,0
37,1,4,2,1,2,3,"112,63",3991,"0,05",www,0
33,1,4,1,1,1,2,"110,89",4042,"0,05",www,0
36,1,1,1,1,1,2,"114,72",4089,"0,05",www,0
37,1,4,1,1,2,2,"115,44",4116,"0,05",www,0
29,1,1,1,1,1,2,"95,19",4290,"0,05",www,1
35,1,1,2,1,2,2,"109,79",4320,"0,05",www,1
31,1,4,1,1,1,2,"100,17",4389,"0,05",www,0
31,1,4,2,2,2,2,"103,21",4437,"0,05",www,0
28,1,1,2,4,4,2,"92,51",4498,"0,05",www,0
31,1,1,1,1,1,2,"104,64",4790,"0,05",www,0
33,1,4,1,4,4,2,"100,10",4907,"0,05",www,0
34,1,4,2,1,2,2,"102,11",4927,"0,05",www,0
29,1,1,1,1,2,0,"83,26",5147,"0,05",www,0
32,1,1,1,2,2,2,"102,15",5362,"0,05",www,0
32,1,4,2,1,1,0,"105,16",5620,"0,05",www,0
30,1,4,1,2,2,2,"95,97",5670,"0,05",www,0
36,1,4,1,2,2,3,"111,48",5709,"0,05",www,0
34,1,1,1,1,2,2,"107,61",5715,"0,05",www,0
29,1,4,2,1,1,0,"90,31",5779,"0,05",www,0
35,1,4,1,1,2,2,"112,75",6053,"0,05",www,0
31,1,1,2,1,1,0,"90,71",6071,"0,05",www,0
29,1,1,1,2,2,0,"97,55",6182,"0,05",www,0
34,1,4,2,4,4,2,"102,38",6254,"0,05",www,0
35,1,4,1,1,2,0,"107,52",6405,"0,05",www,0
36,1,1,2,1,2,2,"115,82",6551,"0,05",www,0
30,1,1,2,1,1,2,"104,42",6896,"0,05",www,0
28,1,4,1,4,4,2,"88,67",6908,"0,05",www,0
28,1,1,2,1,1,2,"91,04",7023,"0,05",www,0
30,1,1,2,4,4,0,"90,41",7141,"0,05",www,0
33,1,1,2,2,2,0,"108,16",7286,"0,05",www,1
32,1,4,1,4,4,2,"91,86",7301,"0,05",www,0
32,1,1,2,1,1,2,"100,02",7519,"0,05",www,0
34,1,1,1,1,2,0,"98,90",7569,"0,05",www,0
35,1,4,1,1,2,2,"113,26",7608,"0,05",www,0
33,1,1,1,1,1,2,"98,52",7749,"0,05",www,0
31,1,4,1,4,4,0,"87,29",7783,"0,05",www,0
31,1,4,1,1,1,2,"107,48",7804,"0,05",www,1
37,1,1,1,1,1,2,"111,58",7870,"0,05",www,0
35,1,1,2,2,2,2,"104,10",7945,"0,05",www,0
28,1,4,2,1,1,2,"91,63",7977,"0,05",www,0
30,1,1,2,2,2,0,"90,55",8211,"0,05",www,0
32,1,4,2,1,2,2,"100,39",8243,"0,05",www,0
34,1,1,2,1,2,0,"108,87",8308,"0,05",www,0
28,1,4,1,4,4,2,"89,82",8436,"0,05",www,0
36,1,1,1,1,2,0,"110,48",8615,"0,05",www,0
29,1,1,1,4,4,2,"97,86",8960,"0,05",www,0
31,1,1,1,4,4,2,"103,97",9059,"0,05",www,0
30,1,1,2,4,4,2,"110,38",9119,"0,05",www,0
39,1,4,2,2,2,0,"114,42",9334,"0,05",www,0
35,1,4,2,1,2,2,"109,84",9526,"0,05",www,0
33,1,4,2,1,2,2,"111,71",9768,"0,05",www,0
33,1,4,2,4,4,2,"107,58",9861,"0,05",www,0
34,1,1,3,3,3,1,"110,29",387,"0,05",www,0
37,1,4,3,3,3,1,"110,54",2042,"0,05",www,0
31,1,1,3,3,3,1,"93,10",2372,"0,05",www,0
30,1,4,3,3,3,1,"108,96",3622,"0,05",www,0
36,1,1,3,3,3,1,"112,49",5318,"0,05",www,0
30,1,1,3,3,3,1,"97,45",6267,"0,05",www,0
34,1,4,3,3,3,1,"105,27",6343,"0,05",www,0
31,1,4,3,3,3,1,"98,11",6851,"0,05",www,0
31,1,1,3,3,3,1,"108,59",7192,"0,05",www,0
33,1,4,3,3,3,1,"104,06",8064,"0,05",www,0
39,1,4,3,3,3,0,"115,84",511,"0,05",www,0
28,1,1,3,3,3,0,"83,27",1202,"0,05",www,0
36,1,1,3,3,3,0,"113,74",1806,"0,05",www,0
35,1,4,3,3,3,2,"102,13",2071,"0,05",www,0
35,1,1,3,3,3,0,"115,89",2092,"0,05",www,0
34,1,4,3,3,3,2,"105,82",2436,"0,05",www,0
37,1,4,3,3,3,2,"108,60",2986,"0,05",www,0
36,1,4,3,3,3,2,"106,53",3055,"0,05",www,0
32,1,1,3,3,3,2,"101,10",3529,"0,05",www,0
29,1,4,3,3,3,2,"92,71",3709,"0,05",www,0
32,1,1,3,3,3,2,"101,66",4147,"0,05",www,0
35,1,4,3,3,3,2,"102,66",4294,"0,05",www,0
32,1,1,3,3,3,2,"96,76",4386,"0,05",www,0
33,1,4,3,3,3,2,"105,15",4987,"0,05",www,0
32,1,4,3,3,3,2,"102,39",5219,"0,05",www,0
31,1,1,3,3,3,2,"98,95",5442,"0,05",www,0
32,1,1,3,3,3,2,"105,25",5674,"0,05",www,0
34,1,1,3,3,3,2,"104,91",6458,"0,05",www,0
29,1,1,3,3,3,2,"92,32",7053,"0,05",www,0
28,1,4,3,3,3,0,"94,59",7785,"0,05",www,0
31,1,4,3,3,3,2,"94,17",7942,"0,05",www,0
34,1,4,3,3,3,3,"108,23",8514,"0,05",www,1
34,1,4,3,3,3,0,"106,77",8665,"0,05",www,0
38,1,1,3,3,3,0,"113,58",8690,"0,05",www,0
34,1,4,3,3,4,1,"100,65",5,"0,05",www,0
35,1,1,3,3,4,1,"114,68",4728,"0,05",www,0
31,1,4,3,3,4,1,"97,55",8274,"0,05",www,0
31,1,1,3,3,4,1,"102,33",8477,"0,05",www,0
30,1,4,3,3,4,2,"99,22",469,"0,05",www,0
34,1,1,3,3,4,2,"104,13",695,"0,05",www,0
30,1,1,3,3,4,2,"95,18",994,"0,05",www,0
32,1,1,3,3,4,2,"97,43",1184,"0,05",www,0
34,1,4,3,3,4,2,"103,95",1464,"0,05",www,0
30,1,4,3,3,4,2,"93,88",1538,"0,05",www,0
35,1,1,3,3,4,0,"112,97",1640,"0,05",www,0
32,1,4,3,3,4,2,"110,37",1968,"0,05",www,0
28,1,4,3,3,4,2,"97,30",2365,"0,05",www,0
37,1,4,3,3,4,2,"114,75",3684,"0,05",www,0
32,1,1,3,3,4,2,"101,30",3817,"0,05",www,0
31,1,1,3,3,4,0,"94,75",3878,"0,05",www,0
30,1,1,3,3,4,2,"98,50",4341,"0,05",www,0
37,1,4,3,3,4,2,"109,49",4397,"0,05",www,0
32,1,4,3,3,4,2,"97,94",4893,"0,05",www,0
31,1,4,3,3,4,2,"97,27",5062,"0,05",www,0
36,1,4,3,3,4,2,"112,65",5078,"0,05",www,0
35,1,1,3,3,4,2,"111,12",5238,"0,05",www,0
31,1,4,3,3,4,0,"106,27",6400,"0,05",www,0
30,1,1,3,3,4,0,"98,76",6601,"0,05",www,0
28,1,4,3,3,4,2,"93,79",7805,"0,05",www,0
37,1,4,3,3,4,2,"115,84",7918,"0,05",www,0
35,1,4,3,3,4,2,"105,70",7992,"0,05",www,0
30,1,1,3,2,3,1,"93,05",7724,"0,05",www,0
38,1,4,3,2,3,0,"115,35",377,"0,05",www,0
32,1,4,3,2,3,2,"105,83",990,"0,05",www,0
39,1,1,3,2,3,2,"112,15",1542,"0,05",www,0
33,1,1,3,2,3,0,"107,10",2138,"0,05",www,0
31,1,4,3,2,3,0,"97,61",2488,"0,05",www,0
36,1,4,3,2,3,3,"112,46",4797,"0,05",www,0
35,1,4,3,2,3,2,"113,59",6033,"0,05",www,0
37,1,1,3,2,3,0,"113,85",6558,"0,05",www,0
29,1,1,3,2,3,2,"89,60",8641,"0,05",www,0
35,1,4,3,2,3,0,"110,54",8643,"0,05",www,0
39,1,1,3,1,1,1,"114,12",193,"0,05",www,0
32,1,4,3,1,2,1,"106,63",884,"0,05",www,0
30,1,1,3,2,2,1,"101,94",1558,"0,05",www,0
31,1,4,3,2,2,1,"103,30",1831,"0,05",www,0
29,1,1,3,1,2,1,"89,35",3065,"0,05",www,0
28,1,4,3,1,2,1,"91,27",3184,"0,05",www,0
30,1,4,3,4,4,1,"90,64",3365,"0,05",www,0
36,1,4,3,1,1,1,"114,54",3585,"0,05",www,0
37,1,1,3,2,2,1,"111,98",3711,"0,05",www,0
28,1,1,3,1,1,1,"90,86",3962,"0,05",www,0
35,1,4,3,1,1,1,"103,74",4205,"0,05",www,0
34,1,4,3,4,4,1,"101,67",4282,"0,05",www,0
34,1,1,3,1,1,1,"111,51",4297,"0,05",www,0
29,1,4,3,4,4,1,"90,72",4307,"0,05",www,0
33,1,1,3,1,1,1,"112,46",4788,"0,05",www,0
32,1,4,3,4,4,1,"102,36",5235,"0,05",www,0
32,1,4,3,1,1,1,"106,32",5924,"0,05",www,0
34,1,1,3,4,4,1,"101,03",6326,"0,05",www,0
28,1,4,3,2,2,1,"83,81",6651,"0,05",www,0
29,1,4,3,1,1,1,"97,31",7109,"0,05",www,0
36,1,1,3,2,2,1,"109,62",7762,"0,05",www,0
33,1,1,3,1,1,1,"102,44",8162,"0,05",www,0
34,1,4,3,4,4,1,"106,15",8953,"0,05",www,0
32,1,4,3,1,1,1,"98,94",8965,"0,05",www,0
36,1,1,3,1,1,1,"114,30",9139,"0,05",www,0
31,1,4,3,1,1,1,"96,26",9537,"0,05",www,0
30,1,4,3,1,1,2,"95,67",153,"0,05",www,0
32,1,1,3,4,4,2,"101,01",270,"0,05",www,0
34,1,1,3,2,2,0,"110,97",286,"0,05",www,0
30,1,4,3,1,1,2,"90,21",640,"0,05",www,0
29,1,1,3,2,2,2,"82,54",682,"0,05",www,0
28,1,1,3,1,2,0,"93,60",711,"0,05",www,0
35,1,1,3,1,2,0,"110,41",774,"0,05",www,0
34,1,4,3,1,1,2,"110,69",786,"0,05",www,0
28,1,1,3,1,1,2,"100,24",814,"0,05",www,0
37,1,4,3,4,4,2,"107,48",846,"0,05",www,0
35,1,1,3,1,1,3,"111,19",1013,"0,05",www,0
37,1,1,3,1,1,0,"107,83",1044,"0,05",www,0
34,1,4,3,1,1,0,"105,04",1153,"0,05",www,0
35,1,4,3,1,2,0,"105,80",1457,"0,05",www,0
32,1,4,3,1,2,0,"102,62",1911,"0,05",www,1
34,1,4,3,1,2,2,"106,39",2177,"0,05",www,0
28,1,4,3,2,2,3,"88,57",2195,"0,05",www,0
29,1,1,3,2,2,2,"95,78",2420,"0,05",www,0
34,1,4,3,4,4,2,"107,86",2590,"0,05",www,0
30,1,1,3,1,2,0,"94,92",2843,"0,05",www,0
33,1,1,3,4,4,2,"104,30",2909,"0,05",www,0
29,1,1,3,2,2,2,"82,85",2949,"0,05",www,0
32,1,1,3,1,1,0,"101,12",3000,"0,05",www,0
36,1,4,3,2,2,2,"111,93",3254,"0,05",www,0
34,1,4,3,4,4,0,"114,47",3276,"0,05",www,0
35,1,4,3,1,2,2,"107,48",3720,"0,05",www,0
30,1,4,3,4,4,2,"90,27",3743,"0,05",www,0
31,1,4,3,2,2,2,"97,25",3770,"0,05",www,0
33,1,1,3,4,4,2,"107,27",3777,"0,05",www,0
32,1,1,3,1,1,2,"97,74",4150,"0,05",www,0
30,1,4,3,4,4,2,"93,65",4424,"0,05",www,0
29,1,4,3,1,1,2,"95,43",4609,"0,05",www,0
31,1,1,3,2,2,2,"105,36",4613,"0,05",www,0
31,1,1,3,1,1,2,"99,92",5433,"0,05",www,0
33,1,4,3,1,1,2,"109,21",5517,"0,05",www,0
29,1,4,3,1,1,0,"97,35",5721,"0,05",www,0
28,1,1,3,4,4,0,"96,28",6083,"0,05",www,0
31,1,1,3,1,2,2,"97,83",6499,"0,05",www,0
30,1,4,3,1,1,2,"100,68",6885,"0,05",www,0
30,1,4,3,1,1,2,"89,80",6891,"0,05",www,0
36,1,1,3,1,1,2,"112,88",7131,"0,05",www,0
32,1,4,3,1,2,3,"95,92",7178,"0,05",www,0
31,1,4,3,4,4,2,"100,81",7504,"0,05",www,0
34,1,4,3,1,1,2,"106,16",7657,"0,05",www,0
36,1,1,3,4,4,2,"112,39",8124,"0,05",www,0
35,1,4,3,4,4,2,"107,67",8694,"0,05",www,0
34,1,4,3,1,1,2,"113,28",8723,"0,05",www,0
32,1,1,3,1,1,2,"96,85",8810,"0,05",www,0
29,1,4,3,2,2,2,"80,38",9111,"0,05",www,0
36,1,4,3,1,1,0,"103,23",9472,"0,05",www,1
35,1,4,3,2,2,2,"114,78",9567,"0,05",www,0
29,1,4,4,3,3,1,"87,19",255,"0,05",www,0
36,1,4,4,3,3,1,"113,24",1259,"0,05",www,0
33,1,4,4,3,3,1,"106,06",1450,"0,05",www,0
35,1,4,4,3,3,1,"114,94",1855,"0,05",www,0
32,1,4,4,3,3,1,"104,45",2350,"0,05",www,0
31,1,4,4,3,3,1,"104,78",2673,"0,05",www,0
39,1,4,4,3,3,1,"114,67",3596,"0,05",www,0
31,1,1,4,3,3,1,"100,71",4533,"0,05",www,0
31,1,1,4,3,3,1,"100,04",5357,"0,05",www,0
32,1,1,4,3,3,1,"98,10",6292,"0,05",www,0
35,1,1,4,3,3,1,"104,81",6584,"0,05",www,0
35,1,4,4,3,3,1,"104,19",6595,"0,05",www,0
32,1,4,4,3,3,1,"104,85",6612,"0,05",www,0
33,1,1,4,3,3,1,"100,52",8146,"0,05",www,0
33,1,4,4,3,3,2,"98,50",16,"0,05",www,0
28,1,4,4,3,3,2,"86,14",249,"0,05",www,0
35,1,4,4,3,3,2,"108,18",279,"0,05",www,0
34,1,4,4,3,3,0,"100,79",530,"0,05",www,0
31,1,1,4,3,3,0,"93,93",1556,"0,05",www,0
31,1,1,4,3,3,0,"100,92",1598,"0,05",www,0
37,1,4,4,3,3,2,"115,44",3152,"0,05",www,0
37,1,4,4,3,3,2,"115,85",3230,"0,05",www,0
35,1,4,4,3,3,2,"112,98",3509,"0,05",www,0
35,1,1,4,3,3,0,"107,52",4094,"0,05",www,0
30,1,1,4,3,3,2,"92,05",4817,"0,05",www,0
30,1,1,4,3,3,2,"95,85",4847,"0,05",www,0
33,1,4,4,3,3,0,"103,83",5096,"0,05",www,0
31,1,1,4,3,3,2,"97,71",5250,"0,05",www,0
31,1,1,4,3,3,2,"104,57",5652,"0,05",www,0
28,1,4,4,3,3,2,"90,18",5714,"0,05",www,0
31,1,1,4,3,3,0,"99,96",5728,"0,05",www,0
28,1,4,4,3,3,2,"89,22",6506,"0,05",www,0
28,1,4,4,3,3,0,"94,71",6640,"0,05",www,0
36,1,1,4,3,3,0,"103,32",6676,"0,05",www,0
32,1,1,4,3,3,0,"105,18",7176,"0,05",www,0
35,1,4,4,3,3,2,"106,66",7309,"0,05",www,0
34,1,1,4,3,3,0,"102,09",7728,"0,05",www,0
32,1,4,4,3,3,0,"98,10",8485,"0,05",www,0
36,1,1,4,3,3,2,"111,84",8560,"0,05",www,0
32,1,1,4,3,3,2,"104,97",9410,"0,05",www,0
30,1,1,4,3,3,2,"94,89",9501,"0,05",www,0
33,1,1,4,3,4,1,"101,34",4298,"0,05",www,0
29,1,4,4,3,4,1,"93,14",4825,"0,05",www,0
30,1,1,4,3,4,1,"93,38",5254,"0,05",www,0
37,1,4,4,3,4,1,"110,95",5940,"0,05",www,0
32,1,1,4,3,4,1,"105,90",7137,"0,05",www,0
35,1,1,4,3,4,1,"114,92",7622,"0,05",www,0
29,1,4,4,3,4,1,"86,08",7707,"0,05",www,0
30,1,4,4,3,4,1,"94,65",7984,"0,05",www,0
30,1,1,4,3,4,2,"91,67",1869,"0,05",www,0
29,1,1,4,3,4,2,"91,01",1955,"0,05",www,0
28,1,4,4,3,4,2,"89,89",3526,"0,05",www,0
36,1,4,4,3,4,2,"112,86",5912,"0,05",www,0
36,1,4,4,3,4,2,"113,21",6730,"0,05",www,0
32,1,4,4,3,4,2,"96,16",7111,"0,05",www,0
35,1,1,4,3,4,0,"110,31",8277,"0,05",www,0
31,1,4,4,3,4,2,"106,57",8625,"0,05",www,0
31,1,4,4,3,4,2,"97,52",8912,"0,05",www,0
31,1,4,4,3,4,0,"102,14",9631,"0,05",www,0
29,1,4,4,2,3,1,"92,92",6046,"0,05",www,0
29,1,4,4,2,3,1,"91,71",6856,"0,05",www,0
30,1,4,4,2,3,3,"92,01",1527,"0,05",www,0
35,1,1,4,2,3,2,"112,86",4895,"0,05",www,0
31,1,4,4,2,3,0,"109,10",5319,"0,05",www,0
33,1,1,4,2,3,2,"100,56",5730,"0,05",www,0
28,1,4,4,1,2,1,"91,21",424,"0,05",www,0
37,1,4,4,4,4,1,"112,98",649,"0,05",www,0
33,1,4,4,1,1,1,"106,12",2125,"0,05",www,0
32,1,4,4,1,2,1,"111,53",2419,"0,05",www,0
29,1,1,4,4,4,1,"91,59",3135,"0,05",www,0
31,1,1,4,1,2,1,"97,17",4325,"0,05",www,0
36,1,4,4,1,2,1,"114,84",4349,"0,05",www,0
34,1,1,4,1,1,1,"106,85",4669,"0,05",www,0
35,1,1,4,1,1,1,"109,14",5371,"0,05",www,0
35,1,4,4,1,2,1,"110,99",6912,"0,05",www,0
30,1,4,4,2,2,1,"98,14",7385,"0,05",www,0
33,1,1,4,1,1,1,"100,41",7458,"0,05",www,0
29,1,1,4,1,1,1,"93,92",7472,"0,05",www,0
33,1,1,4,1,1,1,"102,41",7640,"0,05",www,0
34,1,1,4,1,1,1,"110,47",7905,"0,05",www,0
29,1,1,4,2,2,1,"95,81",8617,"0,05",www,0
32,1,4,4,1,1,1,"103,17",8771,"0,05",www,0
34,1,1,4,1,2,1,"112,02",9679,"0,05",www,0
29,1,4,4,1,2,0,"91,69",21,"0,05",www,0
29,1,4,4,4,4,2,"87,06",66,"0,05",www,0
30,1,1,4,4,4,0,"104,43",103,"0,05",www,0
30,1,1,4,4,4,2,"90,71",343,"0,05",www,0
30,1,4,4,1,2,0,"89,76",496,"0,05",www,0
30,1,4,4,4,4,0,"95,75",554,"0,05",www,0
31,1,4,4,4,4,2,"111,90",597,"0,05",www,0
30,1,4,4,1,1,2,"99,13",992,"0,05",www,0
33,1,4,4,1,1,2,"98,61",1242,"0,05",www,0
32,1,4,4,2,2,2,"98,62",1398,"0,05",www,0
34,1,1,4,2,2,0,"111,09",1844,"0,05",www,0
34,1,1,4,1,1,2,"104,54",2840,"0,05",www,0
33,1,4,4,1,1,0,"98,94",3553,"0,05",www,0
29,1,4,4,2,2,2,"91,11",3887,"0,05",www,0
31,1,1,4,2,2,2,"98,71",4011,"0,05",www,0
37,1,4,4,1,1,0,"108,95",4050,"0,05",www,0
33,1,1,4,1,2,0,"112,25",4230,"0,05",www,0
35,1,1,4,1,2,2,"111,43",4380,"0,05",www,0
35,1,4,4,1,1,2,"104,23",4981,"0,05",www,0
28,1,4,4,1,2,0,"93,85",5315,"0,05",www,0
32,1,4,4,1,2,2,"100,75",5457,"0,05",www,0
34,1,4,4,4,4,0,"104,34",6076,"0,05",www,0
32,1,4,4,1,1,2,"93,33",6088,"0,05",www,0
36,1,4,4,1,2,2,"111,92",6153,"0,05",www,0
33,1,1,4,2,2,0,"100,90",6534,"0,05",www,0
37,1,1,4,1,1,2,"112,60",7070,"0,05",www,0
34,1,4,4,1,1,2,"103,44",7122,"0,05",www,0
37,1,4,4,1,1,2,"108,03",7395,"0,05",www,0
31,1,1,4,4,4,2,"93,28",7451,"0,05",www,0
35,1,4,4,4,4,2,"107,41",7492,"0,05",www,0
33,1,4,4,4,4,2,"105,96",8285,"0,05",www,0
28,1,4,4,1,1,0,"89,07",8520,"0,05",www,0
31,1,1,4,1,1,0,"103,35",8863,"0,05",www,0
32,1,4,4,4,4,2,"103,01",9145,"0,05",www,0
36,1,4,4,4,4,2,"115,65",9485,"0,05",www,0
36,1,1,4,1,2,3,"109,61",9741,"0,05",www,0
28,1,1,4,4,4,2,"90,80",9782,"0,05",www,0
29,1,3,2,3,3,1,"97,53",25,"0,05",www,0
31,1,3,2,3,3,1,"111,81",949,"0,05",www,0
36,1,3,2,3,3,1,"112,23",2097,"0,05",www,0
29,1,3,1,3,3,1,"99,43",3120,"0,05",www,0
32,1,3,1,3,3,1,"110,06",3259,"0,05",www,0
28,1,3,2,3,3,1,"91,68",6114,"0,05",www,0
30,1,3,2,3,3,1,"98,09",7522,"0,05",www,0
34,1,3,2,3,3,1,"105,72",8013,"0,05",www,0
28,1,3,2,3,3,1,"97,69",8847,"0,05",www,0
35,1,3,1,3,3,1,"110,62",9397,"0,05",www,0
31,1,3,1,3,3,0,"95,29",532,"0,05",www,0
33,1,3,1,3,3,2,"102,92",1344,"0,05",www,0
31,1,3,1,3,3,0,"97,10",1794,"0,05",www,0
37,1,3,1,3,3,2,"115,44",2265,"0,05",www,0
31,1,3,2,3,3,2,"97,54",3166,"0,05",www,0
29,1,3,2,3,3,0,"88,91",4252,"0,05",www,0
30,1,3,2,3,3,2,"94,68",4268,"0,05",www,0
30,1,3,1,3,3,2,"100,82",4336,"0,05",www,0
28,1,3,1,3,3,2,"94,09",4815,"0,05",www,0
32,1,3,1,3,3,2,"97,21",4941,"0,05",www,0
28,1,3,2,3,3,0,"94,54",6375,"0,05",www,0
32,1,3,1,3,3,2,"98,36",9049,"0,05",www,0
38,1,3,2,3,3,2,"114,24",9156,"0,05",www,0
28,1,3,2,3,3,0,"81,21",9374,"0,05",www,0
32,1,3,1,3,3,2,"98,74",9545,"0,05",www,0
31,1,3,2,3,4,1,"93,45",50,"0,05",www,0
30,1,3,2,3,4,1,"104,84",330,"0,05",www,0
37,1,3,1,3,4,1,"115,27",855,"0,05",www,0
32,1,3,1,3,4,1,"88,32",1213,"0,05",www,0
30,1,3,2,3,4,1,"88,84",1983,"0,05",www,0
31,1,3,1,3,4,1,"100,65",2011,"0,05",www,0
31,1,3,2,3,4,1,"93,76",2380,"0,05",www,0
29,1,3,2,3,4,1,"95,49",8223,"0,05",www,0
29,1,3,2,3,4,2,"94,19",365,"0,05",www,0
36,1,3,1,3,4,2,"111,94",393,"0,05",www,0
32,1,3,1,3,4,2,"109,36",1015,"0,05",www,0
29,1,3,2,3,4,0,"86,47",1810,"0,05",www,0
35,1,3,1,3,4,2,"109,71",3265,"0,05",www,0
29,1,3,2,3,4,0,"103,99",3388,"0,05",www,0
30,1,3,2,3,4,0,"94,58",4718,"0,05",www,0
36,1,3,2,3,4,0,"112,01",5759,"0,05",www,0
34,1,3,1,3,4,2,"105,73",5793,"0,05",www,0
34,1,3,1,3,4,2,"111,83",5980,"0,05",www,0
35,1,3,2,3,4,0,"101,57",8552,"0,05",www,0
33,1,3,2,2,3,1,"100,83",1172,"0,05",www,0
35,1,3,1,2,3,1,"114,53",3379,"0,05",www,0
28,1,3,1,2,3,2,"85,86",2269,"0,05",www,0
33,1,3,1,2,3,2,"98,12",4114,"0,05",www,0
28,1,3,1,2,3,2,"85,34",6482,"0,05",www,0
31,1,3,1,2,3,3,"93,26",9966,"0,05",www,0
34,1,3,1,4,4,1,"105,10",36,"0,05",www,0
28,1,3,2,1,1,1,"85,43",950,"0,05",www,0
36,1,3,1,1,1,1,"115,35",1748,"0,05",www,0
30,1,3,2,4,4,1,"101,84",1985,"0,05",www,0
29,1,3,1,1,2,1,"84,04",2545,"0,05",www,0
35,1,3,2,4,4,1,"113,83",2822,"0,05",www,0
35,1,3,2,4,4,1,"110,42",3899,"0,05",www,0
30,1,3,2,4,4,1,"91,89",3946,"0,05",www,0
32,1,3,1,4,4,1,"94,89",4513,"0,05",www,0
32,1,3,2,4,4,1,"98,36",4980,"0,05",www,0
33,1,3,2,1,2,1,"108,94",5587,"0,05",www,0
34,1,3,1,1,1,1,"106,33",5691,"0,05",www,0
33,1,3,1,4,4,1,"104,76",5917,"0,05",www,0
34,1,3,1,1,1,1,"108,84",5996,"0,05",www,0
34,1,3,1,1,2,1,"112,82",6438,"0,05",www,1
31,1,3,2,1,1,1,"96,50",7927,"0,05",www,0
30,1,3,2,1,1,1,"92,53",8516,"0,05",www,1
37,1,3,1,4,4,1,"112,75",8612,"0,05",www,0
36,1,3,1,1,2,1,"106,96",8885,"0,05",www,0
35,1,3,2,1,1,1,"109,70",9943,"0,05",www,0
33,1,3,2,1,1,2,"102,36",117,"0,05",www,0
33,1,3,2,1,2,2,"105,97",273,"0,05",www,0
34,1,3,1,1,1,2,"113,04",333,"0,05",www,0
32,1,3,1,1,1,2,"99,34",756,"0,05",www,0
31,1,3,2,2,2,2,"92,05",939,"0,05",www,0
36,1,3,1,4,4,0,"107,90",1059,"0,05",www,0
31,1,3,1,1,1,2,"96,80",1409,"0,05",www,0
35,1,3,1,1,2,2,"104,53",1515,"0,05",www,0
37,1,3,1,1,1,2,"111,15",1681,"0,05",www,0
33,1,3,2,1,1,2,"107,31",1778,"0,05",www,0
35,1,3,1,1,1,2,"109,67",2024,"0,05",www,0
29,1,3,2,2,2,2,"87,26",2688,"0,05",www,0
37,1,3,2,1,1,0,"115,83",2761,"0,05",www,0
32,1,3,2,1,1,3,"106,70",2892,"0,05",www,0
34,1,3,2,1,1,0,"103,68",2893,"0,05",www,0
32,1,3,1,1,1,2,"89,73",3080,"0,05",www,0
29,1,3,2,4,4,2,"103,34",3153,"0,05",www,0
35,1,3,2,1,2,2,"105,46",3733,"0,05",www,0
31,1,3,1,2,2,3,"99,84",3773,"0,05",www,0
36,1,3,1,1,1,2,"110,21",4713,"0,05",www,0
38,1,3,1,2,2,3,"112,34",4824,"0,05",www,0
32,1,3,2,4,4,2,"102,86",5326,"0,05",www,0
29,1,3,2,1,1,2,"90,49",5380,"0,05",www,0
34,1,3,2,2,2,2,"101,37",5491,"0,05",www,0
30,1,3,2,1,1,2,"99,96",5552,"0,05",www,0
36,1,3,1,1,1,2,"114,39",5574,"0,05",www,0
34,1,3,1,1,1,2,"108,02",5795,"0,05",www,0
29,1,3,1,4,4,0,"92,12",5895,"0,05",www,0
32,1,3,2,1,1,2,"91,63",5986,"0,05",www,0
31,1,3,1,1,1,0,"97,51",6317,"0,05",www,0
29,1,3,1,4,4,3,"95,43",6451,"0,05",www,0
28,1,3,2,2,2,2,"81,52",6517,"0,05",www,0
34,1,3,1,2,2,2,"111,81",6627,"0,05",www,0
32,1,3,2,1,1,0,"101,17",6672,"0,05",www,0
32,1,3,1,1,1,2,"108,12",6837,"0,05",www,0
35,1,3,2,4,4,0,"113,75",6852,"0,05",www,0
35,1,3,2,2,2,2,"109,57",6906,"0,05",www,0
35,1,3,2,2,2,3,"114,87",6956,"0,05",www,0
31,1,3,1,1,1,2,"98,61",7041,"0,05",www,0
32,1,3,2,1,2,3,"99,71",7054,"0,05",www,0
36,1,3,1,1,2,0,"110,36",7135,"0,05",www,0
36,1,3,1,4,4,2,"112,75",7292,"0,05",www,0
29,1,3,1,4,4,2,"94,75",7443,"0,05",www,0
35,1,3,2,1,2,2,"105,83",7747,"0,05",www,1
31,1,3,2,1,2,2,"103,56",7864,"0,05",www,0
34,1,3,2,1,1,3,"106,84",8383,"0,05",www,0
29,1,3,1,2,2,2,"93,95",8468,"0,05",www,0
31,1,3,2,4,4,0,"105,06",8943,"0,05",www,0
35,1,3,2,4,4,2,"106,76",9084,"0,05",www,0
32,1,3,1,1,1,2,"105,21",9169,"0,05",www,0
29,1,3,2,1,1,0,"89,47",9300,"0,05",www,0
36,1,3,2,4,4,3,"111,77",9584,"0,05",www,1
30,1,3,2,4,4,0,"102,41",9703,"0,05",www,1
33,1,3,2,1,1,0,"105,48",9828,"0,05",www,0
34,1,3,1,1,2,0,"99,53",9866,"0,05",www,0
31,1,3,3,3,3,1,"101,14",892,"0,05",www,0
34,1,3,3,3,3,1,"110,40",1016,"0,05",www,0
34,1,3,3,3,3,1,"100,81",1147,"0,05",www,0
28,1,3,3,3,3,1,"97,17",3918,"0,05",www,0
30,1,3,3,3,3,1,"99,42",5646,"0,05",www,0
28,1,3,3,3,3,0,"89,50",453,"0,05",www,0
35,1,3,3,3,3,2,"103,92",504,"0,05",www,0
31,1,3,3,3,3,0,"95,87",2255,"0,05",www,0
35,1,3,3,3,3,2,"103,38",2819,"0,05",www,0
35,1,3,3,3,3,2,"113,69",2869,"0,05",www,0
29,1,3,3,3,3,2,"90,91",4463,"0,05",www,0
33,1,3,3,3,3,2,"104,27",7712,"0,05",www,0
36,1,3,3,3,3,0,"114,93",7813,"0,05",www,0
35,1,3,3,3,3,2,"106,81",9106,"0,05",www,0
37,1,3,3,3,3,2,"112,11",9883,"0,05",www,0
31,1,3,3,3,4,1,"101,13",2836,"0,05",www,0
35,1,3,3,3,4,1,"104,06",3977,"0,05",www,0
34,1,3,3,3,4,1,"100,81",7045,"0,05",www,0
37,1,3,3,3,4,1,"111,07",9067,"0,05",www,0
31,1,3,3,3,4,1,"99,10",9716,"0,05",www,0
34,1,3,3,3,4,2,"105,23",1532,"0,05",www,0
33,1,3,3,3,4,0,"108,37",1624,"0,05",www,0
32,1,3,3,3,4,2,"115,56",3199,"0,05",www,0
31,1,3,3,3,4,0,"109,04",3317,"0,05",www,0
34,1,3,3,3,4,2,"109,71",3883,"0,05",www,0
36,1,3,3,3,4,2,"111,07",3898,"0,05",www,0
38,1,3,3,2,3,0,"110,14",423,"0,05",www,0
33,1,3,3,2,3,2,"105,48",1085,"0,05",www,0
33,1,3,3,2,3,2,"102,52",1502,"0,05",www,0
28,1,3,3,2,3,0,"85,42",4162,"0,05",www,0
29,1,3,3,2,3,2,"88,29",7107,"0,05",www,0
32,1,3,3,2,3,2,"104,24",7967,"0,05",www,0
29,1,3,3,4,4,1,"92,38",853,"0,05",www,0
33,1,3,3,2,2,1,"104,93",1401,"0,05",www,0
31,1,3,3,1,1,1,"101,41",2362,"0,05",www,0
37,1,3,3,2,2,1,"112,92",3590,"0,05",www,0
35,1,3,3,1,1,1,"113,10",3609,"0,05",www,0
33,1,3,3,1,2,1,"106,81",3731,"0,05",www,0
33,1,3,3,1,2,1,"102,32",3852,"0,05",www,0
34,1,3,3,1,1,1,"108,13",3901,"0,05",www,0
29,1,3,3,1,1,1,"93,30",6997,"0,05",www,0
34,1,3,3,1,1,1,"101,75",8895,"0,05",www,0
33,1,3,3,2,2,1,"99,27",9948,"0,05",www,0
30,1,3,3,1,2,2,"96,02",268,"0,05",www,0
29,1,3,3,1,2,0,"90,59",305,"0,05",www,0
37,1,3,3,1,2,2,"110,31",1946,"0,05",www,0
32,1,3,3,2,2,2,"102,90",1979,"0,05",www,0
33,1,3,3,1,1,0,"101,64",2347,"0,05",www,0
38,1,3,3,2,2,0,"109,43",3164,"0,05",www,0
35,1,3,3,4,4,2,"112,00",3252,"0,05",www,0
34,1,3,3,1,1,2,"110,79",3671,"0,05",www,0
32,1,3,3,1,1,2,"100,16",3675,"0,05",www,0
34,1,3,3,2,2,0,"103,56",4109,"0,05",www,0
29,1,3,3,1,1,2,"91,92",4293,"0,05",www,0
36,1,3,3,2,2,0,"109,76",4846,"0,05",www,0
31,1,3,3,1,1,2,"102,35",6464,"0,05",www,0
33,1,3,3,1,1,0,"105,57",6715,"0,05",www,0
28,1,3,3,4,4,0,"90,32",6987,"0,05",www,0
34,1,3,3,4,4,0,"109,47",7129,"0,05",www,0
31,1,3,3,1,1,2,"102,53",7232,"0,05",www,0
28,1,3,3,4,4,2,"91,13",8458,"0,05",www,0
31,1,3,4,3,3,1,"102,12",4727,"0,05",www,0
34,1,3,4,3,3,2,"110,58",54,"0,05",www,0
36,1,3,4,3,3,0,"108,38",189,"0,05",www,0
34,1,3,4,3,3,0,"105,43",316,"0,05",www,0
34,1,3,4,3,3,2,"102,54",2755,"0,05",www,0
30,1,3,4,3,3,0,"104,35",3934,"0,05",www,0
34,1,3,4,3,3,2,"111,75",5581,"0,05",www,0
28,1,3,4,3,3,2,"84,94",6264,"0,05",www,0
28,1,3,4,3,3,0,"99,29",6791,"0,05",www,0
29,1,3,4,3,3,2,"98,78",7672,"0,05",www,0
37,1,3,4,3,3,2,"115,31",8145,"0,05",www,0
30,1,3,4,3,3,2,"97,97",8182,"0,05",www,0
37,1,3,4,3,3,0,"113,77",9029,"0,05",www,0
35,1,3,4,3,3,0,"102,00",9887,"0,05",www,0
38,1,3,4,3,4,1,"112,14",1246,"0,05",www,0
29,1,3,4,3,4,1,"91,01",3306,"0,05",www,0
31,1,3,4,3,4,1,"105,75",4527,"0,05",www,0
37,1,3,4,3,4,1,"110,19",6337,"0,05",www,0
35,1,3,4,3,4,0,"111,07",840,"0,05",www,0
35,1,3,4,3,4,0,"111,63",981,"0,05",www,0
33,1,3,4,3,4,2,"98,31",1050,"0,05",www,0
29,1,3,4,3,4,2,"88,16",2055,"0,05",www,0
33,1,3,4,3,4,3,"99,74",4008,"0,05",www,0
32,1,3,4,3,4,0,"109,98",5774,"0,05",www,0
32,1,3,4,3,4,2,"93,87",7264,"0,05",www,0
32,1,3,4,3,4,2,"100,14",9099,"0,05",www,0
31,1,3,4,3,4,2,"100,93",9295,"0,05",www,0
39,1,3,4,2,3,0,"112,04",705,"0,05",www,0
35,1,3,4,2,2,1,"115,03",1481,"0,05",www,0
34,1,3,4,4,4,1,"104,12",2498,"0,05",www,0
35,1,3,4,1,2,1,"114,63",2897,"0,05",www,0
33,1,3,4,1,1,1,"99,90",3194,"0,05",www,0
28,1,3,4,1,1,1,"91,26",3612,"0,05",www,0
34,1,3,4,4,4,1,"107,95",3945,"0,05",www,0
33,1,3,4,2,2,1,"107,30",4890,"0,05",www,0
36,1,3,4,2,2,1,"109,13",6693,"0,05",www,0
30,1,3,4,1,1,1,"90,86",6930,"0,05",www,0
33,1,3,4,1,2,1,"106,18",6936,"0,05",www,0
33,1,3,4,1,2,1,"98,14",7215,"0,05",www,0
35,1,3,4,1,1,1,"113,52",8307,"0,05",www,0
35,1,3,4,4,4,1,"97,04",8460,"0,05",www,0
29,1,3,4,1,1,1,"85,01",8929,"0,05",www,0
34,1,3,4,1,2,1,"104,36",9800,"0,05",www,0
35,1,3,4,1,1,1,"114,03",9822,"0,05",www,0
29,1,3,4,1,1,0,"88,62",913,"0,05",www,0
36,1,3,4,4,4,2,"110,13",1017,"0,05",www,0
35,1,3,4,1,1,2,"111,96",1054,"0,05",www,0
31,1,3,4,1,2,2,"99,65",2391,"0,05",www,0
32,1,3,4,1,1,2,"107,12",2512,"0,05",www,0
30,1,3,4,1,2,3,"102,01",2669,"0,05",www,0
37,1,3,4,2,2,3,"115,54",2733,"0,05",www,0
29,1,3,4,1,2,2,"88,50",2811,"0,05",www,0
28,1,3,4,1,1,0,"84,02",3439,"0,05",www,0
35,1,3,4,1,2,2,"113,28",3886,"0,05",www,0
32,1,3,4,1,1,2,"103,22",3997,"0,05",www,0
29,1,3,4,4,4,0,"81,94",4468,"0,05",www,0
32,1,3,4,1,1,2,"101,52",5157,"0,05",www,0
31,1,3,4,1,1,2,"96,39",5332,"0,05",www,0
37,1,3,4,1,1,2,"111,73",5434,"0,05",www,0
33,1,3,4,1,1,2,"100,51",5561,"0,05",www,0
32,1,3,4,4,4,2,"100,40",5731,"0,05",www,0
32,1,3,4,1,1,2,"103,58",6072,"0,05",www,0
34,1,3,4,1,1,0,"114,29",7237,"0,05",www,0
32,1,3,4,1,2,0,"110,20",7241,"0,05",www,0
34,1,3,4,1,1,0,"106,66",7573,"0,05",www,0
31,1,3,4,1,1,3,"103,71",8921,"0,05",www,0
35,1,3,4,2,2,0,"101,48",8932,"0,05",www,0
33,1,3,4,1,1,2,"97,23",9104,"0,05",www,0
33,1,3,4,2,2,2,"96,00",9471,"0,05",www,0
35,1,3,4,2,2,2,"109,34",9907,"0,05",www,0
35,1,3,4,4,4,2,"105,10",9932,"0,05",www,0
36,1,2,2,3,3,1,"114,66",639,"0,05",www,0
32,1,2,2,3,3,1,"99,51",1041,"0,05",www,0
37,1,2,1,3,3,1,"112,57",1379,"0,05",www,0
33,1,2,1,3,3,1,"99,70",1679,"0,05",www,0
28,1,2,1,3,3,1,"84,42",2987,"0,05",www,0
31,1,2,1,3,3,1,"103,67",4362,"0,05",www,0
34,1,2,2,3,3,1,"99,98",4381,"0,05",www,0
29,1,2,1,3,3,1,"96,06",4634,"0,05",www,0
31,1,2,2,3,3,1,"95,81",4721,"0,05",www,0
37,1,2,2,3,3,1,"111,02",5417,"0,05",www,0
29,1,2,1,3,3,1,"95,43",5831,"0,05",www,0
35,1,2,2,3,3,1,"109,34",6358,"0,05",www,0
35,1,2,2,3,3,1,"102,82",7184,"0,05",www,0
30,1,2,2,3,3,1,"90,79",8156,"0,05",www,0
31,1,2,1,3,3,1,"92,75",8272,"0,05",www,0
30,1,2,2,3,3,1,"101,77",8526,"0,05",www,0
30,1,2,2,3,3,1,"96,89",8610,"0,05",www,0
29,1,2,1,3,3,0,"92,72",45,"0,05",www,0
30,1,2,1,3,3,2,"99,21",144,"0,05",www,0
33,1,2,2,3,3,0,"113,87",375,"0,05",www,0
30,1,2,2,3,3,0,"96,65",1056,"0,05",www,0
35,1,2,2,3,3,2,"112,18",1329,"0,05",www,0
35,1,2,1,3,3,0,"115,89",2026,"0,05",www,0
30,1,2,2,3,3,2,"89,77",2186,"0,05",www,0
35,1,2,2,3,3,0,"103,62",2250,"0,05",www,0
33,1,2,1,3,3,0,"108,24",2406,"0,05",www,0
29,1,2,1,3,3,2,"92,94",3338,"0,05",www,0
31,1,2,2,3,3,2,"98,21",3605,"0,05",www,0
34,1,2,1,3,3,3,"105,38",3936,"0,05",www,0
35,1,2,2,3,3,2,"109,71",4100,"0,05",www,0
33,1,2,1,3,3,0,"103,33",4732,"0,05",www,0
37,1,2,1,3,3,0,"114,84",4742,"0,05",www,0
29,1,2,2,3,3,2,"92,79",5204,"0,05",www,0
28,1,2,1,3,3,2,"102,03",5259,"0,05",www,0
35,1,2,2,3,3,2,"112,35",5305,"0,05",www,0
37,1,2,2,3,3,2,"112,33",6841,"0,05",www,0
31,1,2,2,3,3,2,"100,24",6907,"0,05",www,0
31,1,2,1,3,3,2,"93,62",8336,"0,05",www,0
35,1,2,2,3,3,2,"104,56",8819,"0,05",www,0
28,1,2,2,3,3,0,"94,83",8908,"0,05",www,0
29,1,2,2,3,3,2,"96,69",8927,"0,05",www,0
28,1,2,1,3,3,2,"89,83",9070,"0,05",www,0
28,1,2,1,3,3,2,"98,85",9213,"0,05",www,0
28,1,2,2,3,3,2,"82,95",9465,"0,05",www,0
35,1,2,1,3,4,1,"113,71",69,"0,05",www,0
31,1,2,2,3,4,1,"101,58",475,"0,05",www,0
33,1,2,2,3,4,1,"107,40",2001,"0,05",www,0
34,1,2,2,3,4,1,"114,88",2233,"0,05",www,0
29,1,2,1,3,4,1,"95,69",3176,"0,05",www,0
29,1,2,1,3,4,1,"97,07",3710,"0,05",www,0
38,1,2,1,3,4,1,"109,93",6643,"0,05",www,0
29,1,2,2,3,4,1,"94,23",7646,"0,05",www,0
29,1,2,2,3,4,1,"83,89",8366,"0,05",www,0
28,1,2,1,3,4,1,"90,63",8400,"0,05",www,0
35,1,2,2,3,4,3,"107,98",907,"0,05",www,0
32,1,2,2,3,4,2,"101,46",1205,"0,05",www,0
29,1,2,2,3,4,2,"101,86",4887,"0,05",www,0
33,1,2,2,3,4,0,"105,56",5851,"0,05",www,0
32,1,2,2,3,4,2,"97,09",6949,"0,05",www,0
36,1,2,2,3,4,2,"108,92",7432,"0,05",www,0
37,1,2,2,2,3,1,"112,55",317,"0,05",www,0
33,1,2,2,2,3,1,"105,84",9352,"0,05",www,0
34,1,2,2,2,3,1,"100,56",9769,"0,05",www,0
34,1,2,2,2,3,2,"108,67",3133,"0,05",www,0
38,1,2,2,2,3,2,"111,73",7239,"0,05",www,0
30,1,2,2,2,3,2,"95,37",8786,"0,05",www,0
28,1,2,2,4,4,1,"93,10",73,"0,05",www,0
32,1,2,1,1,2,1,"101,29",210,"0,05",www,0
32,1,2,1,4,4,1,"97,77",217,"0,05",www,0
36,1,2,1,1,2,1,"110,81",288,"0,05",www,0
28,1,2,2,1,2,1,"86,17",294,"0,05",www,0
31,1,2,1,1,2,1,"92,03",301,"0,05",www,0
36,1,2,1,2,2,1,"105,69",409,"0,05",www,0
37,1,2,2,1,1,1,"114,34",498,"0,05",www,0
36,1,2,2,1,2,1,"113,17",745,"0,05",www,0
35,1,2,2,4,4,1,"114,32",924,"0,05",www,0
36,1,2,2,2,2,1,"110,56",1569,"0,05",www,0
35,1,2,2,4,4,1,"105,54",3226,"0,05",www,0
30,1,2,1,2,2,1,"103,37",4125,"0,05",www,0
36,1,2,2,1,1,1,"113,92",4382,"0,05",www,0
36,1,2,2,2,2,1,"114,17",4749,"0,05",www,0
35,1,2,2,1,2,1,"115,66",5103,"0,05",www,0
35,1,2,2,2,2,1,"107,48",5507,"0,05",www,0
32,1,2,2,1,1,1,"91,29",5804,"0,05",www,0
30,1,2,2,4,4,1,"91,99",5855,"0,05",www,0
33,1,2,2,1,1,1,"113,49",6005,"0,05",www,0
34,1,2,1,4,4,1,"112,31",6435,"0,05",www,0
29,1,2,2,1,1,1,"83,27",7577,"0,05",www,0
36,1,2,2,1,2,1,"112,86",8095,"0,05",www,0
34,1,2,1,1,1,1,"106,02",8432,"0,05",www,0
35,1,2,1,1,1,1,"110,43",8588,"0,05",www,0
31,1,2,2,1,1,1,"106,68",8618,"0,05",www,0
34,1,2,1,1,2,1,"112,88",8674,"0,05",www,0
30,1,2,2,4,4,1,"91,79",8812,"0,05",www,0
35,1,2,1,1,1,0,"112,58",256,"0,05",www,0
34,1,2,1,1,2,2,"109,18",276,"0,05",www,0
30,1,2,1,4,4,2,"90,97",287,"0,05",www,0
34,1,2,2,4,4,0,"111,77",358,"0,05",www,0
35,1,2,1,4,4,0,"115,02",389,"0,05",www,0
34,1,2,2,1,2,2,"104,97",723,"0,05",www,0
29,1,2,1,4,4,0,"97,30",1156,"0,05",www,0
28,1,2,1,1,1,2,"90,75",1180,"0,05",www,0
32,1,2,1,4,4,2,"102,94",1220,"0,05",www,0
30,1,2,1,1,1,0,"101,97",1854,"0,05",www,0
35,1,2,1,4,4,2,"105,48",2447,"0,05",www,0
37,1,2,1,2,2,2,"111,15",2482,"0,05",www,0
33,1,2,1,4,4,2,"99,92",2906,"0,05",www,0
36,1,2,1,4,4,0,"108,49",3001,"0,05",www,0
35,1,2,2,1,2,2,"110,20",3368,"0,05",www,0
32,1,2,1,1,2,0,"93,52",4138,"0,05",www,0
34,1,2,2,1,2,0,"106,08",4354,"0,05",www,0
31,1,2,1,2,2,0,"97,54",4453,"0,05",www,0
32,1,2,1,1,1,0,"102,97",4671,"0,05",www,0
31,1,2,1,1,1,0,"92,78",4858,"0,05",www,1
38,1,2,1,2,2,2,"110,92",4976,"0,05",www,0
28,1,2,2,4,4,2,"83,41",5055,"0,05",www,0
33,1,2,1,4,4,2,"110,14",5069,"0,05",www,0
37,1,2,2,1,2,2,"115,71",5568,"0,05",www,0
28,1,2,1,4,4,2,"93,67",5640,"0,05",www,0
30,1,2,2,2,2,2,"101,40",5778,"0,05",www,0
30,1,2,2,4,4,2,"94,80",5938,"0,05",www,0
35,1,2,1,1,2,0,"112,57",6065,"0,05",www,0
33,1,2,2,1,1,2,"101,77",6570,"0,05",www,0
35,1,2,2,4,4,0,"114,93",7873,"0,05",www,0
38,1,2,2,1,1,0,"112,56",7968,"0,05",www,0
38,1,2,2,4,4,2,"110,37",8035,"0,05",www,0
34,1,2,1,1,2,0,"105,06",8247,"0,05",www,0
35,1,2,1,4,4,0,"107,15",8464,"0,05",www,0
34,1,2,1,4,4,2,"112,84",8718,"0,05",www,0
34,1,2,2,1,1,2,"105,47",8720,"0,05",www,0
30,1,2,2,1,1,2,"88,60",8738,"0,05",www,0
35,1,2,1,1,1,2,"99,16",9087,"0,05",www,0
29,1,2,2,2,2,2,"94,03",9253,"0,05",www,0
36,1,2,2,4,4,2,"111,49",9361,"0,05",www,0
35,1,2,2,1,1,0,"113,35",9481,"0,05",www,0
29,1,2,1,1,1,0,"84,61",9732,"0,05",www,0
30,1,2,2,1,2,2,"99,07",9747,"0,05",www,0
33,1,2,3,3,3,1,"104,06",2303,"0,05",www,0
36,1,2,3,3,3,1,"108,43",2933,"0,05",www,0
35,1,2,3,3,3,1,"112,93",4720,"0,05",www,0
30,1,2,3,3,3,1,"100,16",6047,"0,05",www,0
28,1,2,3,3,3,1,"90,25",6393,"0,05",www,0
31,1,2,3,3,3,1,"100,05",6648,"0,05",www,0
34,1,2,3,3,3,1,"98,18",6881,"0,05",www,0
30,1,2,3,3,3,0,"93,94",1407,"0,05",www,0
30,1,2,3,3,3,0,"93,06",8135,"0,05",www,0
33,1,2,3,3,3,0,"105,90",8550,"0,05",www,0
29,1,2,3,3,3,2,"94,33",8941,"0,05",www,0
32,1,2,3,3,3,2,"101,60",9268,"0,05",www,0
39,1,2,3,3,3,0,"115,41",9499,"0,05",www,0
31,1,2,3,3,4,1,"98,85",3324,"0,05",www,0
33,1,2,3,3,4,1,"99,43",8311,"0,05",www,0
31,1,2,3,3,4,2,"99,44",60,"0,05",www,0
35,1,2,3,3,4,2,"115,29",347,"0,05",www,0
30,1,2,3,3,4,2,"86,26",1948,"0,05",www,0
30,1,2,3,3,4,0,"103,80",2726,"0,05",www,0
35,1,2,3,3,4,3,"107,69",3540,"0,05",www,0
34,1,2,3,3,4,0,"101,10",6023,"0,05",www,0
31,1,2,3,3,4,2,"97,61",8022,"0,05",www,0
37,1,2,3,3,4,0,"115,72",9232,"0,05",www,0
33,1,2,3,3,4,0,"106,60",9504,"0,05",www,0
36,1,2,3,2,3,0,"114,53",4990,"0,05",www,0
33,1,2,3,2,3,0,"115,64",8142,"0,05",www,0
29,1,2,3,2,2,1,"104,42",580,"0,05",www,0
36,1,2,3,1,1,1,"110,36",2619,"0,05",www,0
34,1,2,3,2,2,1,"101,88",2741,"0,05",www,0
33,1,2,3,1,1,1,"105,02",3304,"0,05",www,0
37,1,2,3,4,4,1,"115,34",4992,"0,05",www,0
34,1,2,3,4,4,1,"98,30",5785,"0,05",www,0
28,1,2,3,2,2,1,"100,44",7731,"0,05",www,0
31,1,2,3,4,4,1,"103,13",8220,"0,05",www,0
29,1,2,3,2,2,1,"92,76",8597,"0,05",www,0
31,1,2,3,1,1,1,"102,36",9069,"0,05",www,0
31,1,2,3,1,1,1,"99,17",9279,"0,05",www,0
35,1,2,3,1,1,2,"112,90",111,"0,05",www,0
31,1,2,3,1,2,3,"102,72",591,"0,05",www,0
36,1,2,3,4,4,2,"115,84",1851,"0,05",www,0
28,1,2,3,2,2,0,"92,30",2428,"0,05",www,0
30,1,2,3,4,4,0,"97,33",3287,"0,05",www,0
35,1,2,3,4,4,0,"115,83",3289,"0,05",www,0
36,1,2,3,4,4,2,"109,57",4196,"0,05",www,0
33,1,2,3,1,1,2,"103,95",4333,"0,05",www,0
32,1,2,3,2,2,2,"97,43",5174,"0,05",www,0
38,1,2,3,1,2,2,"114,87",5189,"0,05",www,0
31,1,2,3,4,4,2,"94,08",5373,"0,05",www,0
31,1,2,3,1,2,2,"88,81",5926,"0,05",www,0
32,1,2,3,2,2,2,"112,68",6016,"0,05",www,0
30,1,2,3,4,4,0,"95,83",6199,"0,05",www,0
30,1,2,3,4,4,2,"88,69",6968,"0,05",www,0
31,1,2,3,4,4,0,"100,03",7311,"0,05",www,0
33,1,2,3,4,4,2,"95,99",8422,"0,05",www,0
30,1,2,3,1,1,0,"97,86",8605,"0,05",www,0
32,1,2,3,1,1,2,"109,21",9089,"0,05",www,0
34,1,2,3,1,1,2,"102,69",9105,"0,05",www,0
32,1,2,4,3,3,1,"102,09",451,"0,05",www,0
30,1,2,4,3,3,1,"95,50",2748,"0,05",www,0
36,1,2,4,3,3,1,"109,67",3625,"0,05",www,0
29,1,2,4,3,3,1,"95,41",3685,"0,05",www,0
28,1,2,4,3,3,1,"93,79",7165,"0,05",www,0
30,1,2,4,3,3,1,"86,57",8662,"0,05",www,0
33,1,2,4,3,3,1,"100,67",9894,"0,05",www,0
32,1,2,4,3,3,3,"104,02",1221,"0,05",www,0
32,1,2,4,3,3,0,"101,20",1652,"0,05",www,0
28,1,2,4,3,3,2,"88,80",2126,"0,05",www,0
34,1,2,4,3,3,2,"107,35",2144,"0,05",www,0
37,1,2,4,3,3,2,"113,90",3088,"0,05",www,0
29,1,2,4,3,3,0,"88,54",3371,"0,05",www,0
35,1,2,4,3,3,0,"109,71",5512,"0,05",www,0
36,1,2,4,3,3,3,"109,64",5997,"0,05",www,0
28,1,2,4,3,3,0,"91,51",7584,"0,05",www,0
32,1,2,4,3,3,0,"96,29",8664,"0,05",www,0
30,1,2,4,3,4,1,"100,40",5221,"0,05",www,0
35,1,2,4,3,4,2,"108,90",488,"0,05",www,0
28,1,2,4,3,4,2,"98,06",1807,"0,05",www,0
28,1,2,4,3,4,3,"94,41",4192,"0,05",www,0
31,1,2,4,3,4,2,"90,39",5324,"0,05",www,0
34,1,2,4,3,4,2,"106,57",7202,"0,05",www,0
32,1,2,4,3,4,0,"107,92",7628,"0,05",www,0
31,1,2,4,3,4,0,"98,70",9879,"0,05",www,0
29,1,2,4,2,3,1,"93,40",1010,"0,05",www,0
31,1,2,4,2,3,1,"98,55",9492,"0,05",www,0
35,1,2,4,1,2,1,"114,85",282,"0,05",www,0
35,1,2,4,4,4,1,"105,25",851,"0,05",www,0
39,1,2,4,1,1,1,"110,75",1454,"0,05",www,0
32,1,2,4,4,4,1,"103,49",1565,"0,05",www,0
30,1,2,4,1,2,1,"94,90",2780,"0,05",www,0
32,1,2,4,1,1,1,"106,90",2999,"0,05",www,0
28,1,2,4,1,1,1,"95,22",4958,"0,05",www,0
28,1,2,4,4,4,1,"87,86",6123,"0,05",www,0
35,1,2,4,4,4,1,"109,93",6857,"0,05",www,0
28,1,2,4,1,2,1,"81,10",8600,"0,05",www,0
29,1,2,4,1,1,1,"96,88",9829,"0,05",www,0
29,1,2,4,1,2,0,"91,23",354,"0,05",www,0
35,1,2,4,4,4,2,"109,04",1203,"0,05",www,0
32,1,2,4,1,1,3,"104,57",1525,"0,05",www,0
30,1,2,4,1,1,2,"89,36",2525,"0,05",www,0
37,1,2,4,1,2,2,"114,50",3028,"0,05",www,0
30,1,2,4,2,2,2,"96,51",4038,"0,05",www,0
31,1,2,4,2,2,0,"95,49",4292,"0,05",www,0
29,1,2,4,1,1,2,"93,13",5244,"0,05",www,0
32,1,2,4,1,1,0,"98,17",5962,"0,05",www,0
28,1,2,4,4,4,3,"88,73",6079,"0,05",www,0
32,1,2,4,1,2,2,"109,50",6143,"0,05",www,0
37,1,2,4,1,2,2,"111,50",6472,"0,05",www,0
37,1,2,4,4,4,0,"111,08",6597,"0,05",www,0
34,1,2,4,1,2,2,"114,29",6656,"0,05",www,0
29,1,2,4,4,4,2,"96,08",7123,"0,05",www,0
37,1,2,4,1,2,2,"113,28",7221,"0,05",www,0
28,1,2,4,4,4,0,"89,47",8426,"0,05",www,0
32,1,2,4,1,2,2,"97,26",9116,"0,05",www,0
35,1,2,4,4,4,2,"112,85",9325,"0,05",www,0
35,1,2,4,2,2,0,"108,49",9743,"0,05",www,0
29,1,2,4,1,1,2,"94,61",9771,"0,05",www,0
40,0,1,1,2,2,2,"113,40",4822,"0,05",www,0
40,0,1,3,1,2,1,"115,82",2329,"0,05",www,0
40,0,3,4,3,3,2,"115,53",5438,"0,05",www,0
40,0,2,1,4,4,0,"114,89",8775,"0,05",www,0
40,0,2,3,3,3,1,"115,70",7343,"0,05",www,0
40,0,2,3,4,4,2,"115,93",926,"0,05",www,0
40,1,1,1,1,2,2,"115,35",4711,"0,05",www,0
40,1,4,1,1,2,0,"115,90",8047,"0,05",www,0
40,1,1,2,1,1,2,"115,23",9845,"0,05",www,0
41,1,1,4,1,1,2,"115,44",46,"0,05",Broker,0
40,1,2,1,1,2,2,"115,04",5634,"0,05",www,0
39,0,1,1,3,3,1,"118,22",216,"0,05",www,0
39,0,1,2,3,3,1,"127,70",224,"0,05",Facebook,0
38,0,4,1,3,3,1,"119,59",701,"0,05",www,0
37,0,1,1,3,3,1,"119,12",3715,"0,05",www,0
38,0,1,1,3,3,1,"124,76",3942,"0,05",Facebook,0
37,0,1,2,3,3,1,"126,71",4107,"0,05",Facebook,0
39,0,4,2,3,3,1,"126,24",4393,"0,05",Facebook,0
35,0,4,1,3,3,1,"119,64",4706,"0,05",www,0
39,0,4,2,3,3,1,"120,62",5693,"0,05",Facebook,0
37,0,4,1,3,3,1,"117,33",8147,"0,05",www,0
37,0,4,1,3,3,2,"121,07",63,"0,05",Facebook,0
37,0,1,2,3,3,2,"121,04",485,"0,05",Facebook,1
39,0,1,1,3,3,2,"125,38",792,"0,05",Facebook,0
39,0,4,1,3,3,2,"119,51",1601,"0,05",www,0
37,0,4,1,3,3,2,"118,13",2367,"0,05",www,0
39,0,4,2,3,3,2,"118,61",2417,"0,05",www,1
39,0,4,1,3,3,2,"126,48",2964,"0,05",Facebook,0
36,0,1,2,3,3,2,"122,08",3097,"0,05",Facebook,0
37,0,4,2,3,3,2,"128,99",3204,"0,05",Facebook,0
37,0,1,2,3,3,2,"116,61",3225,"0,05",www,0
37,0,1,1,3,3,3,"120,73",3907,"0,05",Facebook,0
38,0,4,1,3,3,2,"123,58",4589,"0,05",Facebook,0
38,0,1,2,3,3,2,"117,61",6104,"0,05",www,0
39,0,1,2,3,3,2,"131,42",6148,"0,05",Facebook,0
38,0,1,1,3,3,2,"126,90",6978,"0,05",Facebook,0
39,0,4,2,3,3,0,"122,50",8168,"0,05",Facebook,1
36,0,4,1,3,3,2,"118,35",8401,"0,05",www,0
38,0,1,2,3,3,2,"122,98",9020,"0,05",Facebook,0
38,0,4,1,3,3,2,"116,74",9670,"0,05",www,0
38,0,1,1,3,4,1,"119,24",470,"0,05",www,0
35,0,1,1,3,4,1,"119,14",5420,"0,05",www,0
38,0,1,1,3,4,1,"124,46",6364,"0,05",Facebook,1
39,0,1,1,3,4,0,"120,23",2397,"0,05",Facebook,0
38,0,4,2,3,4,2,"128,56",3412,"0,05",Facebook,1
37,0,1,1,3,4,0,"123,55",3789,"0,05",Facebook,0
37,0,1,2,3,4,3,"117,91",4587,"0,05",www,0
35,0,4,2,3,4,2,"118,37",4602,"0,05",www,0
35,0,4,1,3,4,2,"117,22",6060,"0,05",www,0
35,0,1,2,3,4,2,"118,27",7108,"0,05",www,1
37,0,4,1,3,4,2,"116,76",8337,"0,05",www,1
38,0,4,2,2,3,2,"118,58",3160,"0,050358775",www,0
38,0,1,1,2,3,0,"116,06",6591,"0,050358775",www,0
39,0,1,2,2,3,0,"116,92",7066,"0,050358775",www,0
39,0,4,2,4,4,1,"120,54",1113,"0,06440379",Facebook,0
39,0,4,2,2,2,1,"122,59",1588,"0,06440379",Facebook,0
39,0,1,1,2,2,1,"128,70",1689,"0,06440379",Facebook,0
39,0,4,2,4,4,1,"117,69",1856,"0,06440379",www,0
36,0,1,1,1,2,1,"117,06",3427,"0,06440379",www,1
37,0,4,1,1,1,1,"117,62",4080,"0,06440379",www,1
39,0,4,1,1,2,1,"122,87",4935,"0,06440379",Facebook,1
39,0,4,1,1,1,1,"124,94",5692,"0,06440379",Facebook,0
37,0,4,1,1,2,1,"123,64",6056,"0,06440379",Facebook,1
37,0,4,1,1,1,1,"122,96",6519,"0,06440379",Facebook,1
39,0,1,2,1,2,1,"127,99",6668,"0,06440379",Facebook,0
38,0,4,2,1,2,1,"118,70",7106,"0,06440379",www,1
38,0,1,1,1,1,1,"120,84",8141,"0,06440379",Facebook,1
37,0,4,1,1,2,1,"118,78",8226,"0,06440379",www,1
38,0,1,2,1,1,1,"126,01",8638,"0,06440379",Facebook,1
38,0,1,1,2,2,1,"116,17",9090,"0,06440379",www,0
38,0,4,1,1,1,1,"124,03",9426,"0,06440379",Facebook,0
38,0,4,1,1,1,1,"119,94",9554,"0,06440379",www,1
38,0,4,1,2,2,1,"120,36",9895,"0,06440379",Facebook,0
39,0,1,1,1,1,0,"121,89",222,"0,06440379",Facebook,1
34,0,1,1,1,1,2,"116,66",502,"0,06440379",www,1
39,0,1,1,1,1,0,"122,74",520,"0,06440379",Facebook,1
36,0,1,2,2,2,2,"122,63",536,"0,06440379",Facebook,1
38,0,1,2,2,2,2,"120,49",622,"0,06440379",Facebook,0
37,0,4,2,2,2,3,"120,22",718,"0,06440379",Facebook,0
37,0,1,2,1,1,2,"125,59",1964,"0,06440379",Facebook,0
34,0,1,1,4,4,2,"116,99",2258,"0,06440379",www,0
38,0,1,2,1,1,2,"116,74",2271,"0,06440379",www,1
38,0,4,2,1,1,2,"118,42",2328,"0,06440379",www,0
38,0,1,1,1,1,2,"123,66",2549,"0,06440379",Facebook,1
38,0,4,2,1,2,2,"125,89",2779,"0,06440379",Facebook,1
37,0,4,1,4,4,0,"117,18",3545,"0,06440379",www,0
39,0,4,1,1,2,2,"127,44",4070,"0,06440379",Facebook,0
39,0,1,2,1,1,2,"123,58",4348,"0,06440379",Facebook,0
39,0,1,1,2,2,0,"122,15",6192,"0,06440379",Facebook,1
37,0,4,1,1,2,0,"124,71",6235,"0,06440379",Facebook,1
38,0,1,2,2,2,0,"120,54",6685,"0,06440379",Facebook,0
39,0,1,1,1,1,2,"119,46",6853,"0,06440379",www,1
38,0,4,2,4,4,2,"124,53",7401,"0,06440379",Facebook,0
39,0,1,2,1,2,2,"121,25",7623,"0,06440379",Facebook,0
36,0,4,1,1,1,2,"119,34",7626,"0,06440379",www,0
39,0,1,2,2,2,0,"128,20",7823,"0,06440379",Facebook,0
33,0,4,2,2,2,2,"116,29",7952,"0,06440379",www,0
39,0,4,1,1,1,3,"124,92",8149,"0,06440379",Facebook,0
37,0,1,1,2,2,0,"121,43",8653,"0,06440379",Facebook,0
37,0,1,1,1,1,2,"119,87",8709,"0,06440379",www,0
39,0,4,2,1,2,3,"122,11",8748,"0,06440379",Facebook,0
37,0,1,2,1,2,2,"125,80",8995,"0,06440379",Facebook,1
39,0,4,2,1,1,2,"124,51",9055,"0,06440379",Facebook,0
38,0,4,2,1,2,2,"118,54",9148,"0,06440379",www,0
37,0,1,1,1,1,2,"119,17",9152,"0,06440379",www,0
36,0,1,2,4,4,0,"120,20",9196,"0,06440379",Facebook,0
39,0,4,3,3,3,1,"116,31",565,"0,05",www,0
38,0,4,3,3,3,1,"118,14",5541,"0,05",www,0
37,0,1,3,3,3,1,"121,78",7404,"0,05",Facebook,0
38,0,4,3,3,3,1,"116,07",7600,"0,05",www,0
37,0,1,3,3,3,1,"122,34",8324,"0,05",Facebook,0
38,0,1,3,3,3,1,"119,24",9434,"0,05",www,0
39,0,4,3,3,3,2,"129,32",112,"0,05",Facebook,0
39,0,4,3,3,3,2,"120,99",1367,"0,05",Facebook,0
37,0,4,3,3,3,2,"124,90",2522,"0,05",Facebook,0
37,0,1,3,3,3,2,"116,91",5372,"0,05",www,0
39,0,4,3,3,3,2,"123,26",5590,"0,05",Facebook,0
39,0,4,3,3,3,2,"126,25",8392,"0,05",Facebook,0
37,0,4,3,3,3,0,"119,68",9795,"0,05",www,0
37,0,4,3,3,4,1,"118,32",3913,"0,05",www,0
39,0,1,3,3,4,1,"127,12",4177,"0,05",Facebook,0
38,0,4,3,3,4,1,"123,04",4278,"0,05",Facebook,0
39,0,4,3,3,4,1,"116,31",4302,"0,05",www,0
39,0,1,3,3,4,1,"121,48",5455,"0,05",Facebook,0
38,0,4,3,3,4,2,"118,93",2363,"0,05",www,0
39,0,4,3,3,4,0,"118,08",8113,"0,05",www,0
36,0,4,3,3,4,2,"119,01",9040,"0,05",www,0
39,0,1,3,3,4,2,"123,50",9781,"0,05",Facebook,0
38,0,1,3,2,3,2,"120,82",6922,"0,05",Facebook,0
37,0,1,3,4,4,1,"117,95",64,"0,05",www,0
38,0,4,3,1,2,1,"123,12",487,"0,05",Facebook,0
39,0,1,3,1,2,1,"127,68",1309,"0,05",Facebook,0
39,0,1,3,1,1,1,"129,58",1476,"0,05",Facebook,0
37,0,4,3,1,1,1,"117,43",2278,"0,05",www,0
37,0,1,3,1,1,1,"121,81",2480,"0,05",Facebook,0
39,0,1,3,1,1,1,"124,43",2659,"0,05",Facebook,0
38,0,4,3,1,2,1,"130,01",3797,"0,05",Facebook,0
38,0,4,3,4,4,1,"126,50",4849,"0,05",Facebook,0
38,0,4,3,1,1,1,"123,70",5483,"0,05",Facebook,0
39,0,4,3,4,4,1,"117,77",5712,"0,05",www,0
37,0,1,3,4,4,1,"126,94",7654,"0,05",Facebook,0
39,0,4,3,2,2,1,"128,65",7715,"0,05",Facebook,0
36,0,1,3,2,2,0,"116,06",77,"0,05",www,1
36,0,4,3,2,2,2,"120,30",1610,"0,05",Facebook,0
36,0,1,3,4,4,0,"121,63",3322,"0,05",Facebook,0
39,0,4,3,2,2,2,"117,83",5118,"0,05",www,0
39,0,1,3,1,1,0,"121,65",5705,"0,05",Facebook,0
36,0,1,3,1,1,2,"120,04",5726,"0,05",Facebook,0
36,0,1,3,1,1,2,"121,10",6415,"0,05",Facebook,0
38,0,4,3,4,4,0,"118,53",6594,"0,05",www,0
39,0,1,3,1,1,2,"116,12",7624,"0,05",www,0
39,0,4,3,4,4,2,"121,53",8640,"0,05",Facebook,0
37,0,1,3,2,2,2,"117,77",9320,"0,05",www,0
35,0,1,4,3,3,1,"118,54",1876,"0,05",www,0
39,0,4,4,3,3,1,"120,61",2412,"0,05",Facebook,0
39,0,4,4,3,3,1,"122,95",4144,"0,05",Facebook,0
38,0,1,4,3,3,1,"117,70",4776,"0,05",www,0
38,0,4,4,3,3,1,"118,80",6871,"0,05",www,0
38,0,1,4,3,3,1,"120,44",8134,"0,05",Facebook,0
34,0,4,4,3,3,1,"122,11",9170,"0,05",Facebook,0
39,0,4,4,3,3,1,"119,96",9398,"0,05",www,0
38,0,4,4,3,3,2,"121,51",2188,"0,05",Facebook,0
37,0,4,4,3,3,2,"117,77",7637,"0,05",www,0
36,0,4,4,3,3,0,"120,54",7833,"0,05",Facebook,0
38,0,1,4,3,3,2,"128,47",8815,"0,05",Facebook,0
39,0,4,4,3,3,2,"131,12",9617,"0,05",Facebook,0
39,0,4,4,3,3,2,"116,97",9969,"0,05",www,0
39,0,1,4,3,4,1,"124,07",1048,"0,05",Facebook,0
38,0,1,4,3,4,1,"121,16",6516,"0,05",Facebook,0
39,0,4,4,3,4,1,"119,61",7329,"0,05",www,0
36,0,4,4,3,4,2,"117,17",1021,"0,05",www,0
35,0,1,4,3,4,2,"117,35",1293,"0,05",www,0
37,0,4,4,3,4,0,"117,40",2879,"0,05",www,0
38,0,1,4,3,4,2,"116,63",3159,"0,05",www,0
37,0,1,4,3,4,0,"117,75",3786,"0,05",www,0
38,0,4,4,3,4,0,"129,56",4936,"0,05",Facebook,0
39,0,1,4,3,4,0,"123,36",7210,"0,05",Facebook,0
38,0,1,4,3,4,0,"118,78",7602,"0,05",www,0
39,0,1,4,3,4,2,"118,55",8397,"0,05",www,0
39,0,1,4,1,1,1,"129,67",4112,"0,05",Facebook,0
37,0,4,4,1,1,1,"116,15",6281,"0,05",www,0
39,0,4,4,1,1,1,"124,06",6290,"0,05",Facebook,0
39,0,4,4,1,2,1,"126,99",6569,"0,05",Facebook,0
36,0,4,4,1,2,1,"118,69",7204,"0,05",www,0
37,0,1,4,4,4,1,"118,94",8329,"0,05",www,0
38,0,4,4,1,1,1,"125,67",8445,"0,05",Facebook,0
39,0,4,4,1,1,1,"122,73",8584,"0,05",Facebook,0
39,0,1,4,2,2,1,"124,83",8751,"0,05",Facebook,0
38,0,1,4,4,4,2,"120,22",2774,"0,05",Facebook,0
37,0,1,4,1,1,2,"117,22",3620,"0,05",www,0
37,0,4,4,1,2,2,"121,41",3778,"0,05",Facebook,0
37,0,1,4,2,2,0,"119,91",4018,"0,05",www,1
37,0,4,4,1,2,3,"119,45",4399,"0,05",www,0
38,0,4,4,4,4,0,"119,06",4452,"0,05",www,0
39,0,1,4,2,2,0,"120,28",4643,"0,05",Facebook,0
38,0,1,4,1,2,0,"124,96",5052,"0,05",Facebook,1
39,0,1,4,4,4,2,"117,44",5082,"0,05",www,0
37,0,4,4,1,2,0,"116,10",5416,"0,05",www,0
36,0,4,4,2,2,0,"117,02",6437,"0,05",www,0
39,0,1,4,1,1,2,"123,03",6746,"0,05",Facebook,0
36,0,4,4,1,2,2,"119,19",8310,"0,05",www,0
38,0,1,4,1,1,2,"121,40",8479,"0,05",Facebook,1
38,0,1,4,4,4,2,"120,25",9149,"0,05",Facebook,0
39,0,4,4,1,2,2,"116,94",9918,"0,05",www,0
39,0,3,2,3,3,1,"122,34",2472,"0,05",Facebook,0
39,0,3,1,3,3,1,"120,74",3676,"0,05",Facebook,0
39,0,3,1,3,3,1,"126,78",7219,"0,05",Facebook,0
37,0,3,1,3,3,1,"119,09",8004,"0,05",www,0
37,0,3,2,3,3,1,"118,23",8698,"0,05",www,0
39,0,3,2,3,3,2,"124,47",332,"0,05",Facebook,0
39,0,3,2,3,3,0,"128,13",1680,"0,05",Facebook,0
39,0,3,1,3,3,2,"118,35",2337,"0,05",www,0
37,0,3,1,3,3,0,"122,78",2859,"0,05",Facebook,0
38,0,3,1,3,3,2,"124,80",6540,"0,05",Facebook,0
38,0,3,1,3,3,3,"121,53",6702,"0,05",Facebook,0
39,0,3,1,3,3,0,"124,84",7296,"0,05",Facebook,0
38,0,3,1,3,3,0,"125,53",9220,"0,05",Facebook,0
36,0,3,2,3,3,2,"119,39",9389,"0,05",www,0
36,0,3,2,3,4,1,"117,50",2049,"0,05",www,0
35,0,3,2,3,4,1,"122,26",2876,"0,05",Facebook,0
37,0,3,2,3,4,1,"126,16",4867,"0,05",Facebook,0
37,0,3,2,3,4,1,"124,65",7110,"0,05",Facebook,0
39,0,3,2,3,4,0,"124,80",4082,"0,05",Facebook,0
38,0,3,2,3,4,2,"122,90",5131,"0,05",Facebook,0
39,0,3,2,3,4,2,"124,93",5827,"0,05",Facebook,0
37,0,3,2,3,4,2,"119,23",7880,"0,05",www,0
39,0,3,1,2,3,1,"121,54",9274,"0,05",Facebook,0
36,0,3,2,2,3,3,"121,58",9867,"0,05",Facebook,0
39,0,3,1,2,2,1,"116,65",20,"0,05",www,0
39,0,3,1,1,2,1,"122,53",503,"0,05",Facebook,1
37,0,3,2,2,2,1,"121,03",835,"0,05",Facebook,0
35,0,3,2,2,2,1,"120,37",1014,"0,05",Facebook,1
36,0,3,1,1,1,1,"120,28",1750,"0,05",Facebook,1
36,0,3,2,4,4,1,"116,01",3023,"0,05",www,0
37,0,3,1,2,2,1,"121,67",3407,"0,05",Facebook,0
38,0,3,2,1,1,1,"130,05",3783,"0,05",Facebook,1
39,0,3,2,1,2,1,"121,13",4285,"0,05",Facebook,1
36,0,3,2,2,2,1,"118,02",7262,"0,05",www,1
38,0,3,1,1,1,2,"120,06",791,"0,05",Facebook,0
38,0,3,2,4,4,2,"120,90",1756,"0,05",Facebook,0
39,0,3,1,1,1,2,"124,92",2606,"0,05",Facebook,0
39,0,3,2,1,1,2,"124,97",2856,"0,05",Facebook,1
39,0,3,2,1,2,0,"121,27",3477,"0,05",Facebook,1
39,0,3,1,2,2,2,"122,46",4075,"0,05",Facebook,0
38,0,3,2,4,4,2,"123,88",4220,"0,05",Facebook,0
36,0,3,2,4,4,0,"120,73",4703,"0,05",Facebook,0
37,0,3,2,2,2,2,"118,47",4800,"0,05",www,0
35,0,3,2,1,1,2,"123,32",5976,"0,05",Facebook,0
34,0,3,2,4,4,2,"116,06",6089,"0,05",www,0
39,0,3,2,1,2,2,"136,06",7611,"0,05",Facebook,0
38,0,3,1,1,1,0,"124,14",7778,"0,05",Facebook,0
39,0,3,1,2,2,0,"122,87",9031,"0,05",Facebook,0
39,0,3,1,4,4,2,"128,74",9577,"0,05",Facebook,0
39,0,3,1,4,4,0,"126,79",9633,"0,05",Facebook,0
37,0,3,3,3,3,1,"120,35",7679,"0,05",Facebook,0
38,0,3,3,3,3,2,"118,94",1292,"0,05",www,0
36,0,3,3,3,3,0,"118,78",2341,"0,05",www,0
37,0,3,3,3,3,2,"117,57",2707,"0,05",www,0
37,0,3,3,3,3,0,"122,46",4417,"0,05",Facebook,0
36,0,3,3,3,3,0,"117,51",5482,"0,05",www,0
37,0,3,3,3,3,0,"117,07",8028,"0,05",www,0
39,0,3,3,3,3,0,"123,89",8345,"0,05",Facebook,0
39,0,3,3,3,3,2,"125,98",9611,"0,05",Facebook,0
38,0,3,3,3,4,1,"124,87",3058,"0,05",Facebook,0
39,0,3,3,3,4,1,"121,13",5658,"0,05",Facebook,0
35,0,3,3,3,4,2,"116,61",3303,"0,05",www,0
38,0,3,3,2,3,0,"129,59",506,"0,05",Facebook,0
38,0,3,3,2,3,2,"122,12",4015,"0,05",Facebook,0
39,0,3,3,2,3,0,"122,89",9165,"0,05",Facebook,0
38,0,3,3,1,1,1,"119,47",2710,"0,05",www,0
39,0,3,3,1,2,1,"131,18",4947,"0,05",Facebook,0
36,0,3,3,4,4,1,"119,78",4977,"0,05",www,0
34,0,3,3,1,2,1,"117,02",6880,"0,05",www,0
37,0,3,3,1,2,1,"122,61",7177,"0,05",Facebook,0
39,0,3,3,1,1,1,"127,29",9901,"0,05",Facebook,0
37,0,3,3,2,2,0,"122,55",800,"0,05",Facebook,0
38,0,3,3,4,4,2,"118,36",1114,"0,05",www,0
39,0,3,3,4,4,2,"125,55",3632,"0,05",Facebook,0
37,0,3,3,1,2,2,"116,22",4433,"0,05",www,0
39,0,3,3,2,2,0,"127,96",4823,"0,05",Facebook,0
37,0,3,3,2,2,0,"117,63",5112,"0,05",www,0
39,0,3,3,1,1,0,"122,97",5498,"0,05",Facebook,0
37,0,3,3,1,1,3,"127,22",6559,"0,05",Facebook,0
38,0,3,3,4,4,2,"117,97",7515,"0,05",www,0
39,0,3,3,4,4,2,"126,06",8389,"0,05",Facebook,0
38,0,3,3,1,2,2,"126,17",8598,"0,05",Facebook,0
36,0,3,3,4,4,2,"116,95",9664,"0,05",www,0
39,0,3,4,3,3,1,"127,73",1194,"0,05",Facebook,0
36,0,3,4,3,3,1,"119,29",4284,"0,05",www,0
37,0,3,4,3,3,1,"117,50",7144,"0,05",www,0
39,0,3,4,3,3,0,"122,74",4175,"0,05",Facebook,0
37,0,3,4,3,4,1,"118,81",2842,"0,05",www,0
37,0,3,4,3,4,2,"124,41",23,"0,05",Facebook,0
39,0,3,4,3,4,0,"125,84",4803,"0,05",Facebook,0
37,0,3,4,3,4,0,"116,01",9367,"0,05",www,0
35,0,3,4,1,1,1,"119,52",3998,"0,05",www,0
39,0,3,4,2,2,1,"120,57",6775,"0,05",Facebook,0
39,0,3,4,2,2,2,"120,41",402,"0,05",Facebook,0
39,0,3,4,1,1,2,"121,89",3518,"0,05",Facebook,0
36,0,3,4,4,4,2,"117,38",3966,"0,05",www,0
39,0,3,4,1,1,0,"127,63",4044,"0,05",Facebook,0
39,0,3,4,1,1,2,"125,59",4475,"0,05",Facebook,0
38,0,2,2,3,3,1,"123,09",2541,"0,05",Facebook,0
38,0,2,1,3,3,1,"124,07",4577,"0,05",Facebook,1
38,0,2,1,3,3,1,"123,12",6580,"0,05",Facebook,0
38,0,2,2,3,3,1,"123,94",8595,"0,05",Facebook,0
38,0,2,1,3,3,2,"118,34",4481,"0,05",www,0
37,0,2,2,3,3,0,"118,40",5145,"0,05",www,0
38,0,2,2,3,3,2,"119,04",6165,"0,05",www,0
39,0,2,2,3,3,2,"124,59",6909,"0,05",Facebook,1
35,0,2,2,3,3,2,"116,65",7253,"0,05",www,0
36,0,2,2,3,3,2,"118,12",7268,"0,05",www,0
39,0,2,1,3,3,2,"126,86",7736,"0,05",Facebook,0
38,0,2,2,3,3,0,"124,28",8268,"0,05",Facebook,0
38,0,2,1,3,3,2,"118,02",9050,"0,05",www,0
39,0,2,1,3,3,2,"122,06",9920,"0,05",Facebook,0
39,0,2,2,3,4,1,"129,70",3539,"0,05",Facebook,0
39,0,2,2,3,4,1,"130,44",6137,"0,05",Facebook,0
38,0,2,2,3,4,2,"118,22",688,"0,05",www,0
38,0,2,2,3,4,2,"127,60",5058,"0,05",Facebook,0
35,0,2,2,3,4,0,"116,29",6084,"0,05",www,0
37,0,2,2,3,4,0,"118,99",7235,"0,05",www,0
39,0,2,2,3,4,0,"125,10",9394,"0,05",Facebook,0
36,0,2,2,2,3,1,"117,08",2252,"0,05",www,0
37,0,2,2,2,3,2,"124,24",3608,"0,05",Facebook,0
36,0,2,1,2,3,0,"116,01",4831,"0,05",www,0
36,0,2,1,2,3,2,"127,74",7413,"0,05",Facebook,0
38,0,2,1,4,4,1,"118,25",845,"0,05",www,0
38,0,2,1,2,2,1,"118,52",1468,"0,05",www,0
38,0,2,1,1,1,1,"119,87",2825,"0,05",www,1
35,0,2,1,1,1,1,"117,81",2938,"0,05",www,0
37,0,2,1,1,2,1,"118,11",3208,"0,05",www,0
39,0,2,2,4,4,1,"120,43",3775,"0,05",Facebook,0
38,0,2,1,1,1,1,"117,96",3785,"0,05",www,0
38,0,2,2,1,2,1,"118,83",4159,"0,05",www,0
37,0,2,1,1,1,1,"116,40",5737,"0,05",www,1
39,0,2,1,1,2,1,"124,13",6115,"0,05",Facebook,0
38,0,2,1,4,4,1,"116,92",6698,"0,05",www,0
35,0,2,1,1,1,1,"116,63",6727,"0,05",www,0
37,0,2,2,1,1,1,"118,33",7166,"0,05",www,0
37,0,2,2,1,1,1,"122,55",8519,"0,05",Facebook,0
38,0,2,2,4,4,0,"117,29",96,"0,05",www,0
39,0,2,2,1,1,2,"134,26",113,"0,05",Facebook,0
39,0,2,2,1,2,2,"139,26",272,"0,05",Facebook,0
38,0,2,2,2,2,0,"124,19",510,"0,05",Facebook,0
39,0,2,2,1,1,2,"120,05",1097,"0,05",Facebook,0
37,0,2,2,4,4,0,"122,00",1263,"0,05",Facebook,0
39,0,2,2,1,1,2,"126,85",1981,"0,05",Facebook,0
39,0,2,2,2,2,0,"126,47",2056,"0,05",Facebook,0
39,0,2,2,1,2,2,"127,92",2133,"0,05",Facebook,0
39,0,2,2,1,1,2,"124,63",2719,"0,05",Facebook,0
37,0,2,1,4,4,2,"116,58",3115,"0,05",www,0
36,0,2,2,2,2,2,"116,20",3652,"0,05",www,0
39,0,2,2,2,2,2,"116,80",4337,"0,05",www,1
38,0,2,1,4,4,2,"128,62",4449,"0,05",Facebook,0
38,0,2,2,4,4,2,"123,47",5638,"0,05",Facebook,0
36,0,2,2,1,2,2,"116,62",6209,"0,05",www,0
37,0,2,1,2,2,0,"120,64",7562,"0,05",Facebook,1
36,0,2,1,1,2,3,"117,99",8573,"0,05",www,0
38,0,2,2,4,4,2,"126,37",9555,"0,05",Facebook,0
37,0,2,1,1,2,2,"123,69",9999,"0,05",Facebook,0
37,0,2,3,3,3,1,"118,16",5918,"0,05",www,0
36,0,2,3,3,3,1,"120,71",6708,"0,05",Facebook,0
36,0,2,3,3,3,1,"122,21",9599,"0,05",Facebook,0
37,0,2,3,3,3,2,"118,67",748,"0,05",www,0
38,0,2,3,3,3,2,"120,77",2656,"0,05",Facebook,0
39,0,2,3,3,3,2,"123,28",5150,"0,05",Facebook,0
39,0,2,3,3,4,2,"126,85",2249,"0,05",Facebook,0
38,0,2,3,3,4,2,"127,33",9269,"0,05",Facebook,0
39,0,2,3,3,4,2,"117,54",9366,"0,05",www,0
39,0,2,3,2,3,1,"117,61",2153,"0,05",www,0
38,0,2,3,2,3,1,"121,30",8449,"0,05",Facebook,0
36,0,2,3,2,3,2,"122,55",7907,"0,05",Facebook,0
32,0,2,3,4,4,1,"117,75",1643,"0,05",www,0
37,0,2,3,4,4,1,"116,54",2804,"0,05",www,0
37,0,2,3,2,2,1,"118,01",5544,"0,05",www,0
39,0,2,3,1,1,1,"122,21",9987,"0,05",Facebook,0
38,0,2,3,1,2,0,"129,56",323,"0,05",Facebook,0
38,0,2,3,1,2,2,"125,82",1118,"0,05",Facebook,0
38,0,2,3,1,1,0,"123,14",1975,"0,05",Facebook,0
37,0,2,3,4,4,2,"116,94",4614,"0,05",www,0
39,0,2,3,1,1,0,"127,72",5743,"0,05",Facebook,0
36,0,2,3,1,1,0,"127,54",5823,"0,05",Facebook,0
39,0,2,3,1,1,0,"127,95",6780,"0,05",Facebook,0
39,0,2,3,1,1,2,"120,95",6802,"0,05",Facebook,0
34,0,2,3,4,4,0,"118,62",7271,"0,05",www,0
35,0,2,4,3,3,1,"118,51",3374,"0,05",www,0
36,0,2,4,3,3,1,"119,84",4097,"0,05",www,0
38,0,2,4,3,3,1,"122,42",5065,"0,05",Facebook,0
38,0,2,4,3,3,2,"124,68",2495,"0,05",Facebook,0
39,0,2,4,3,3,0,"123,63",2589,"0,05",Facebook,0
37,0,2,4,3,3,3,"119,88",3377,"0,05",www,0
36,0,2,4,3,3,2,"116,04",5076,"0,05",www,0
34,0,2,4,3,3,2,"123,09",5193,"0,05",Facebook,0
39,0,2,4,3,3,0,"123,95",6468,"0,05",Facebook,0
38,0,2,4,3,3,2,"125,71",9699,"0,05",Facebook,0
37,0,2,4,3,3,2,"123,37",9717,"0,05",Facebook,0
39,0,2,4,3,4,1,"130,02",3216,"0,05",Facebook,0
38,0,2,4,3,4,1,"121,75",5154,"0,05",Facebook,0
39,0,2,4,3,4,1,"126,90",5437,"0,05",Facebook,0
37,0,2,4,3,4,2,"117,63",4786,"0,05",www,0
38,0,2,4,3,4,2,"120,77",7279,"0,05",Facebook,0
38,0,2,4,3,4,2,"119,72",9596,"0,05",www,0
38,0,2,4,4,4,1,"130,53",2725,"0,05",Facebook,0
37,0,2,4,4,4,1,"123,54",5268,"0,05",Facebook,0
39,0,2,4,4,4,2,"130,65",1642,"0,05",Facebook,0
39,0,2,4,1,2,3,"122,15",3283,"0,05",Facebook,0
39,0,2,4,1,2,2,"118,60",3747,"0,05",www,0
36,0,2,4,2,2,2,"124,65",4633,"0,05",Facebook,1
39,0,2,4,1,2,2,"119,04",4664,"0,05",www,0
38,0,2,4,1,1,2,"119,36",6722,"0,05",www,0
37,0,2,4,4,4,2,"122,80",8123,"0,05",Facebook,0
37,0,2,4,1,2,0,"117,58",8242,"0,05",www,0
37,1,4,2,3,3,1,"117,24",543,"0,05",www,0
37,1,1,1,3,3,1,"118,85",1004,"0,05",www,0
38,1,1,1,3,3,1,"124,23",2727,"0,05",Facebook,0
37,1,4,1,3,3,1,"118,40",7431,"0,05",www,0
38,1,1,2,3,3,1,"116,39",7535,"0,05",www,0
39,1,4,1,3,3,1,"120,78",8217,"0,05",Facebook,0
38,1,1,2,3,3,0,"123,66",2004,"0,05",Facebook,0
36,1,1,2,3,3,2,"123,84",3631,"0,05",Facebook,0
38,1,4,2,3,3,2,"119,05",4568,"0,05",www,0
39,1,4,1,3,3,2,"124,10",5799,"0,05",Facebook,0
36,1,1,1,3,3,2,"116,83",5913,"0,05",www,0
37,1,1,1,3,3,2,"119,20",6920,"0,05",www,0
39,1,4,1,3,3,2,"121,38",8037,"0,05",Facebook,0
38,1,1,2,3,3,3,"118,14",9198,"0,05",www,0
38,1,4,1,3,3,0,"127,74",9359,"0,05",Facebook,0
39,1,1,1,3,3,2,"119,43",9470,"0,05",www,0
36,1,4,1,3,3,2,"118,50",9892,"0,05",www,0
38,1,1,1,3,4,1,"118,87",1561,"0,05",www,0
39,1,4,2,3,4,1,"116,16",1775,"0,05",www,0
39,1,4,2,3,4,1,"121,94",2433,"0,05",Facebook,0
38,1,1,2,3,4,1,"117,60",5817,"0,05",www,0
39,1,1,2,3,4,1,"124,97",6301,"0,05",Facebook,0
39,1,4,2,3,4,1,"120,90",7744,"0,05",Facebook,0
37,1,4,1,3,4,1,"123,58",9727,"0,05",Facebook,0
37,1,4,2,3,4,2,"123,74",214,"0,05",Facebook,0
35,1,4,1,3,4,2,"118,92",1412,"0,05",www,0
38,1,4,1,3,4,2,"122,58",2390,"0,05",Facebook,0
39,1,4,2,3,4,0,"127,70",3763,"0,05",Facebook,0
36,1,4,1,3,4,2,"119,55",4077,"0,05",www,0
37,1,4,1,3,4,2,"117,08",5347,"0,05",www,1
39,1,1,1,3,4,0,"126,67",8949,"0,05",Facebook,0
39,1,1,2,2,3,1,"131,90",51,"0,05",Facebook,0
39,1,1,2,2,3,0,"121,40",230,"0,05",Facebook,0
37,1,4,1,2,3,3,"121,35",3436,"0,05",Facebook,0
39,1,1,1,2,3,0,"125,31",8429,"0,05",Facebook,0
39,1,4,1,2,3,2,"126,90",8811,"0,05",Facebook,0
39,1,1,1,2,2,1,"121,89",1958,"0,05",Facebook,0
37,1,4,1,4,4,1,"117,33",2831,"0,05",www,0
39,1,4,1,1,1,1,"120,43",3002,"0,05",Facebook,1
36,1,1,2,1,1,1,"118,13",3512,"0,05",www,0
39,1,1,2,2,2,1,"116,04",3718,"0,05",www,0
36,1,4,2,4,4,1,"118,81",4476,"0,05",www,0
39,1,4,1,2,2,1,"123,99",4764,"0,05",Facebook,0
35,1,4,1,4,4,1,"130,78",5502,"0,05",Facebook,0
37,1,1,2,2,2,1,"116,98",5760,"0,05",www,0
37,1,4,2,1,1,1,"117,11",6002,"0,05",www,0
39,1,4,1,2,2,1,"116,68",6249,"0,05",www,1
38,1,4,1,1,1,1,"116,50",6332,"0,05",www,0
39,1,1,2,1,2,1,"121,58",7261,"0,05",Facebook,0
39,1,1,1,1,1,1,"121,95",7336,"0,05",Facebook,0
39,1,1,2,4,4,1,"123,58",7498,"0,05",Facebook,0
38,1,4,1,4,4,1,"126,59",8816,"0,05",Facebook,0
39,1,1,2,1,1,1,"125,53",9021,"0,05",Facebook,0
38,1,1,1,1,1,1,"124,89",9072,"0,05",Facebook,0
39,1,1,1,1,2,1,"117,37",9183,"0,05",www,0
39,1,1,2,2,2,1,"122,82",9503,"0,05",Facebook,0
38,1,1,1,4,4,1,"122,99",9646,"0,05",Facebook,0
38,1,4,1,4,4,1,"123,16",9868,"0,05",Facebook,0
39,1,4,1,1,2,3,"124,83",68,"0,05",Facebook,0
38,1,4,1,1,1,0,"127,11",671,"0,05",Facebook,0
33,1,4,1,1,1,2,"120,74",933,"0,05",Facebook,0
38,1,4,1,1,2,2,"120,47",1071,"0,05",Facebook,1
36,1,1,2,4,4,2,"118,91",1079,"0,05",www,0
38,1,1,2,2,2,3,"124,36",1123,"0,05",Facebook,0
38,1,4,2,4,4,2,"125,39",1192,"0,05",Facebook,0
39,1,1,1,4,4,2,"120,34",1731,"0,05",Facebook,0
35,1,4,2,4,4,2,"117,47",1769,"0,05",www,0
34,1,1,1,2,2,2,"116,27",2841,"0,05",www,0
37,1,1,1,2,2,3,"123,52",2948,"0,05",Facebook,1
36,1,1,1,2,2,2,"123,72",2951,"0,05",Facebook,0
38,1,4,1,1,1,0,"117,89",2982,"0,05",www,0
39,1,4,2,2,2,0,"122,94",3177,"0,05",Facebook,0
38,1,4,1,1,1,0,"127,03",4484,"0,05",Facebook,0
37,1,4,2,4,4,0,"117,93",4642,"0,05",www,0
34,1,1,1,1,1,3,"119,85",5040,"0,05",www,0
37,1,1,1,1,2,0,"118,13",5546,"0,05",www,0
39,1,4,1,4,4,2,"124,09",5734,"0,05",Facebook,0
37,1,4,2,1,1,0,"123,27",5933,"0,05",Facebook,0
36,1,1,1,2,2,0,"116,94",6377,"0,05",www,0
38,1,4,2,2,2,2,"116,83",6589,"0,05",www,0
38,1,4,1,1,2,2,"117,13",7030,"0,05",www,0
35,1,4,2,1,1,0,"116,37",7663,"0,05",www,0
38,1,4,2,4,4,3,"122,65",7683,"0,05",Facebook,0
38,1,4,1,1,1,2,"127,23",7971,"0,05",Facebook,0
37,1,4,1,2,2,0,"119,90",8008,"0,05",www,0
36,1,1,1,2,2,0,"119,97",8427,"0,05",www,0
39,1,1,2,1,2,2,"124,31",8923,"0,05",Facebook,0
38,1,1,1,1,1,0,"118,79",9100,"0,05",www,0
37,1,4,2,2,2,2,"116,36",9427,"0,05",www,0
39,1,1,1,1,2,2,"120,23",9583,"0,05",Facebook,0
37,1,1,2,2,2,2,"123,81",9615,"0,05",Facebook,0
38,1,1,1,1,2,2,"118,53",9668,"0,05",www,0
38,1,1,3,3,3,1,"122,64",861,"0,05",Facebook,0
39,1,1,3,3,3,1,"123,03",1312,"0,05",Facebook,0
39,1,4,3,3,3,1,"129,07",3645,"0,05",Facebook,0
36,1,4,3,3,3,1,"125,05",5306,"0,05",Facebook,0
38,1,1,3,3,3,1,"118,88",6447,"0,05",www,0
37,1,4,3,3,3,2,"119,83",94,"0,05",www,0
38,1,1,3,3,3,2,"117,36",1276,"0,05",www,0
39,1,4,3,3,3,0,"121,03",1381,"0,05",Facebook,0
36,1,4,3,3,3,0,"120,75",1793,"0,05",Facebook,0
38,1,4,3,3,3,0,"126,52",7700,"0,05",Facebook,0
39,1,1,3,3,3,2,"127,80",8435,"0,05",Facebook,0
36,1,1,3,3,3,2,"120,30",8901,"0,05",Facebook,0
38,1,4,3,3,3,0,"120,25",9494,"0,05",Facebook,0
36,1,4,3,3,4,1,"120,28",1634,"0,05",Facebook,0
38,1,1,3,3,4,1,"122,56",6778,"0,05",Facebook,0
39,1,4,3,3,4,1,"118,99",9870,"0,05",www,0
34,1,1,3,3,4,2,"117,21",2059,"0,05",www,0
36,1,4,3,3,4,2,"117,69",5747,"0,05",www,0
37,1,4,3,3,4,2,"116,48",5896,"0,05",www,0
38,1,1,3,3,4,2,"118,48",8284,"0,05",www,0
39,1,1,3,2,3,1,"119,91",8210,"0,05",www,0
38,1,4,3,2,3,1,"125,87",8335,"0,05",Facebook,0
39,1,1,3,2,3,2,"127,46",439,"0,05",Facebook,0
36,1,1,3,2,3,2,"125,21",1881,"0,05",Facebook,0
37,1,1,3,2,3,2,"123,79",4965,"0,05",Facebook,0
38,1,4,3,2,3,0,"125,97",8403,"0,05",Facebook,0
39,1,4,3,1,2,1,"121,61",100,"0,05",Facebook,0
37,1,4,3,1,1,1,"117,02",662,"0,05",www,0
39,1,1,3,1,2,1,"128,24",862,"0,05",Facebook,0
38,1,1,3,4,4,1,"121,02",870,"0,05",Facebook,0
37,1,1,3,1,1,1,"126,40",3827,"0,05",Facebook,0
37,1,4,3,1,2,1,"120,27",4816,"0,05",Facebook,0
39,1,4,3,1,2,1,"121,56",5741,"0,05",Facebook,0
36,1,4,3,4,4,1,"117,69",6300,"0,05",www,0
36,1,1,3,4,4,1,"116,00",7475,"0,05",www,0
39,1,1,3,4,4,1,"123,87",7738,"0,05",Facebook,0
39,1,4,3,1,1,1,"119,70",8059,"0,05",www,0
36,1,1,3,1,1,2,"125,26",241,"0,05",Facebook,0
39,1,1,3,1,2,0,"125,08",947,"0,05",Facebook,0
36,1,4,3,2,2,3,"116,94",2384,"0,05",www,0
37,1,1,3,2,2,2,"120,73",3025,"0,05",Facebook,0
38,1,4,3,1,1,2,"127,44",3681,"0,05",Facebook,0
37,1,1,3,1,1,2,"122,96",6611,"0,05",Facebook,0
39,1,1,3,4,4,0,"120,32",6862,"0,05",Facebook,0
37,1,4,3,1,1,0,"117,88",6989,"0,05",www,0
38,1,4,3,2,2,2,"122,07",7120,"0,05",Facebook,0
34,1,1,3,1,1,0,"116,62",7344,"0,05",www,0
35,1,4,3,1,2,2,"122,11",7696,"0,05",Facebook,0
38,1,1,3,1,1,0,"123,76",8542,"0,05",Facebook,0
39,1,4,3,1,1,2,"120,10",9393,"0,05",Facebook,0
36,1,4,3,4,4,0,"117,17",9818,"0,05",www,0
39,1,4,4,3,3,1,"122,60",1519,"0,05",Facebook,0
38,1,1,4,3,3,1,"122,10",2542,"0,05",Facebook,0
38,1,4,4,3,3,1,"123,06",2604,"0,05",Facebook,0
36,1,4,4,3,3,1,"116,29",2661,"0,05",www,0
38,1,4,4,3,3,1,"125,78",3062,"0,05",Facebook,0
38,1,1,4,3,3,1,"116,69",7639,"0,05",www,0
38,1,1,4,3,3,1,"121,91",9935,"0,05",Facebook,0
38,1,4,4,3,3,2,"118,69",52,"0,05",www,0
38,1,4,4,3,3,2,"125,42",1332,"0,05",Facebook,0
39,1,4,4,3,3,2,"121,53",2047,"0,05",Facebook,0
39,1,1,4,3,3,2,"134,25",2702,"0,05",Facebook,0
39,1,1,4,3,3,0,"131,82",3070,"0,05",Facebook,0
38,1,1,4,3,3,0,"119,35",3850,"0,05",www,0
39,1,1,4,3,3,0,"128,97",4525,"0,05",Facebook,0
38,1,1,4,3,3,2,"122,90",5865,"0,05",Facebook,0
36,1,4,4,3,3,2,"117,59",7013,"0,05",www,0
39,1,1,4,3,3,2,"123,87",8130,"0,05",Facebook,0
39,1,1,4,3,3,3,"119,13",8369,"0,05",www,0
39,1,1,4,3,3,0,"127,55",9387,"0,05",Facebook,0
39,1,4,4,3,4,1,"117,74",115,"0,05",www,0
38,1,4,4,3,4,1,"126,68",843,"0,05",Facebook,0
37,1,1,4,3,4,1,"121,18",3621,"0,05",Facebook,0
38,1,1,4,3,4,0,"127,71",345,"0,05",Facebook,0
37,1,1,4,3,4,2,"125,14",696,"0,05",Facebook,0
38,1,1,4,3,4,2,"118,57",4950,"0,05",www,0
38,1,1,4,3,4,2,"116,93",7019,"0,05",www,0
35,1,4,4,3,4,2,"120,62",8203,"0,05",Facebook,0
39,1,1,4,2,3,2,"121,30",3236,"0,05",Facebook,0
39,1,4,4,2,3,0,"123,74",3482,"0,05",Facebook,0
39,1,4,4,4,4,1,"123,16",1630,"0,05",Facebook,0
38,1,4,4,1,1,1,"122,63",1914,"0,05",Facebook,0
38,1,1,4,1,2,1,"119,47",1932,"0,05",www,0
39,1,4,4,1,1,1,"125,64",3356,"0,05",Facebook,0
36,1,1,4,1,1,1,"118,95",4249,"0,05",www,0
39,1,1,4,4,4,1,"120,06",6390,"0,05",Facebook,0
38,1,4,4,1,1,1,"120,22",6608,"0,05",Facebook,0
36,1,4,4,4,4,1,"119,33",7771,"0,05",www,0
38,1,4,4,1,1,1,"119,24",7909,"0,05",www,0
39,1,4,4,4,4,1,"130,21",8283,"0,05",Facebook,0
39,1,1,4,1,2,1,"127,06",8583,"0,05",Facebook,0
39,1,1,4,2,2,2,"117,60",307,"0,05",www,0
39,1,1,4,4,4,2,"119,47",495,"0,05",www,0
39,1,4,4,4,4,2,"125,12",1463,"0,05",Facebook,0
38,1,4,4,4,4,2,"120,46",1930,"0,05",Facebook,0
36,1,1,4,1,1,2,"117,41",4574,"0,05",www,0
36,1,4,4,1,1,2,"117,10",5232,"0,05",www,0
39,1,4,4,1,2,2,"129,95",5526,"0,05",Facebook,0
34,1,1,4,1,2,0,"116,47",5754,"0,05",www,0
39,1,4,4,2,2,2,"127,15",5870,"0,05",Facebook,0
36,1,4,4,4,4,2,"119,68",6456,"0,05",www,0
38,1,1,4,1,1,2,"118,98",6520,"0,05",www,0
38,1,4,4,1,1,2,"119,39",6576,"0,05",www,0
35,1,1,4,4,4,2,"116,63",7183,"0,05",www,0
35,1,4,4,4,4,2,"116,40",7337,"0,05",www,0
39,1,4,4,4,4,2,"125,93",8571,"0,05",Facebook,0
38,1,1,4,2,2,0,"123,15",9722,"0,05",Facebook,0
38,1,3,1,3,3,1,"121,30",2359,"0,05",Facebook,0
39,1,3,1,3,3,1,"124,85",3528,"0,05",Facebook,0
39,1,3,2,3,3,1,"125,19",3791,"0,05",Facebook,0
36,1,3,1,3,3,1,"116,84",4440,"0,05",www,0
38,1,3,1,3,3,1,"127,55",6475,"0,05",Facebook,0
39,1,3,2,3,3,2,"119,96",285,"0,05",www,0
34,1,3,1,3,3,0,"117,50",2568,"0,05",www,0
39,1,3,1,3,3,3,"129,82",4322,"0,05",Facebook,0
37,1,3,2,3,3,3,"120,84",4491,"0,05",Facebook,0
37,1,3,2,3,3,0,"124,56",4725,"0,05",Facebook,0
39,1,3,2,3,3,0,"124,88",5387,"0,05",Facebook,0
36,1,3,1,3,3,0,"123,20",5791,"0,05",Facebook,0
37,1,3,2,3,3,2,"117,42",7619,"0,05",www,0
37,1,3,2,3,3,2,"118,28",9176,"0,05",www,0
37,1,3,2,3,3,2,"128,56",9236,"0,05",Facebook,0
38,1,3,1,3,4,1,"117,75",558,"0,05",www,0
38,1,3,1,3,4,1,"118,96",1956,"0,05",www,0
38,1,3,1,3,4,1,"127,22",3117,"0,05",Facebook,0
36,1,3,2,3,4,1,"120,95",4027,"0,05",Facebook,0
39,1,3,2,3,4,1,"126,13",8620,"0,05",Facebook,0
36,1,3,2,3,4,1,"121,65",9212,"0,05",Facebook,0
39,1,3,2,3,4,0,"123,71",917,"0,05",Facebook,0
39,1,3,1,3,4,2,"121,89",2494,"0,05",Facebook,0
38,1,3,1,3,4,2,"123,65",4206,"0,05",Facebook,0
37,1,3,1,3,4,0,"121,02",4603,"0,05",Facebook,0
39,1,3,2,3,4,2,"120,30",6980,"0,05",Facebook,0
39,1,3,1,3,4,2,"119,49",8360,"0,05",www,0
38,1,3,2,2,3,1,"124,23",1413,"0,05",Facebook,0
38,1,3,2,2,3,1,"131,69",9844,"0,05",Facebook,0
38,1,3,1,1,2,1,"118,27",43,"0,05",www,0
38,1,3,1,4,4,1,"121,92",894,"0,05",Facebook,0
38,1,3,2,1,2,1,"117,11",957,"0,05",www,0
38,1,3,2,1,1,1,"124,35",1383,"0,05",Facebook,0
38,1,3,1,2,2,1,"119,83",2299,"0,05",www,0
38,1,3,1,2,2,1,"128,77",2343,"0,05",Facebook,0
38,1,3,1,4,4,1,"116,46",2630,"0,05",www,0
36,1,3,1,1,1,1,"118,04",3523,"0,05",www,0
37,1,3,2,2,2,1,"119,07",4608,"0,05",www,0
39,1,3,1,4,4,1,"127,27",5690,"0,05",Facebook,0
39,1,3,2,1,2,1,"124,08",8558,"0,05",Facebook,0
39,1,3,2,1,2,1,"122,61",8787,"0,05",Facebook,0
39,1,3,1,1,1,1,"125,48",8984,"0,05",Facebook,0
37,1,3,2,1,2,0,"119,09",1049,"0,05",www,0
38,1,3,2,1,1,2,"121,83",1099,"0,05",Facebook,1
37,1,3,2,1,2,0,"122,51",1298,"0,05",Facebook,0
38,1,3,2,2,2,2,"117,94",1557,"0,05",www,0
39,1,3,1,4,4,2,"118,72",4928,"0,05",www,0
36,1,3,1,1,1,2,"122,93",5386,"0,05",Facebook,0
37,1,3,2,1,2,2,"119,21",5485,"0,05",www,0
38,1,3,1,2,2,2,"121,32",6509,"0,05",Facebook,0
38,1,3,2,2,2,0,"124,75",6633,"0,05",Facebook,0
38,1,3,2,1,1,2,"127,39",6836,"0,05",Facebook,0
34,1,3,2,2,2,2,"116,49",9407,"0,05",www,0
37,1,3,1,1,1,2,"118,60",9751,"0,05",www,0
39,1,3,3,3,3,1,"125,65",5297,"0,05",Facebook,0
37,1,3,3,3,3,1,"118,99",9725,"0,05",www,0
38,1,3,3,3,3,2,"122,11",818,"0,05",Facebook,0
37,1,3,3,3,3,0,"116,10",1103,"0,05",www,0
39,1,3,3,3,3,2,"116,33",2954,"0,05",www,0
37,1,3,3,3,3,2,"123,00",3421,"0,05",Facebook,0
38,1,3,3,3,3,2,"120,15",5011,"0,05",Facebook,0
38,1,3,3,3,3,0,"120,67",6246,"0,05",Facebook,0
38,1,3,3,3,4,1,"118,82",2469,"0,05",www,0
39,1,3,3,3,4,1,"127,08",2506,"0,05",Facebook,0
38,1,3,3,3,4,0,"121,53",454,"0,05",Facebook,0
39,1,3,3,3,4,2,"129,80",4860,"0,05",Facebook,0
39,1,3,3,3,4,2,"123,90",7399,"0,05",Facebook,0
34,1,3,3,3,4,2,"119,26",7660,"0,05",www,0
38,1,3,3,2,3,1,"117,60",2534,"0,05",www,0
39,1,3,3,1,2,1,"121,32",3157,"0,05",Facebook,0
39,1,3,3,1,1,1,"127,58",5267,"0,05",Facebook,0
38,1,3,3,2,2,1,"116,22",5769,"0,05",www,0
38,1,3,3,1,2,1,"123,39",6523,"0,05",Facebook,0
37,1,3,3,1,1,2,"129,66",919,"0,05",Facebook,0
38,1,3,3,1,1,2,"116,23",1944,"0,05",www,0
39,1,3,3,1,1,0,"127,08",3190,"0,05",Facebook,0
34,1,3,3,1,2,2,"116,68",4769,"0,05",www,0
39,1,3,3,4,4,2,"119,60",7913,"0,05",www,0
38,1,3,3,1,1,2,"132,15",8989,"0,05",Facebook,0
36,1,3,4,3,3,1,"124,20",1304,"0,05",Facebook,0
38,1,3,4,3,3,1,"118,40",6669,"0,05",www,0
38,1,3,4,3,3,1,"117,09",8501,"0,05",www,0
39,1,3,4,3,3,1,"128,83",9919,"0,05",Facebook,0
37,1,3,4,3,3,0,"122,59",360,"0,05",Facebook,0
38,1,3,4,3,3,2,"128,02",2022,"0,05",Facebook,0
37,1,3,4,3,3,2,"123,77",2794,"0,05",Facebook,0
35,1,3,4,3,3,2,"116,73",8570,"0,05",www,0
36,1,3,4,3,4,0,"119,01",2896,"0,05",www,0
37,1,3,4,3,4,2,"121,90",7057,"0,05",Facebook,0
35,1,3,4,3,4,2,"117,59",8096,"0,05",www,0
39,1,3,4,2,2,1,"117,45",2772,"0,05",www,0
39,1,3,4,1,2,1,"128,58",4211,"0,05",Facebook,0
39,1,3,4,1,1,1,"122,70",5026,"0,05",Facebook,1
38,1,3,4,4,4,1,"123,01",6357,"0,05",Facebook,0
39,1,3,4,1,1,2,"116,21",549,"0,05",www,0
37,1,3,4,1,1,2,"119,29",2326,"0,05",www,0
37,1,3,4,1,1,0,"118,18",2446,"0,05",www,1
39,1,3,4,4,4,0,"120,76",3948,"0,05",Facebook,0
38,1,3,4,1,2,0,"116,30",6487,"0,05",www,0
38,1,3,4,2,2,2,"120,55",7193,"0,05",Facebook,0
38,1,2,1,3,3,1,"116,34",890,"0,05",www,0
38,1,2,1,3,3,1,"129,89",1294,"0,05",Facebook,0
39,1,2,1,3,3,1,"127,04",5909,"0,05",Facebook,0
39,1,2,1,3,3,1,"126,76",7897,"0,05",Facebook,0
37,1,2,1,3,3,1,"116,37",8306,"0,05",www,0
37,1,2,2,3,3,0,"117,56",2474,"0,05",www,0
38,1,2,2,3,3,0,"124,91",4035,"0,05",Facebook,0
38,1,2,2,3,3,0,"127,56",4316,"0,05",Facebook,0
37,1,2,2,3,3,3,"119,74",7894,"0,05",www,0
39,1,2,2,3,3,2,"121,51",7919,"0,05",Facebook,0
37,1,2,2,3,3,0,"120,38",8555,"0,05",Facebook,0
39,1,2,2,3,3,2,"124,83",9227,"0,05",Facebook,0
37,1,2,1,3,3,0,"117,86",9390,"0,05",www,0
38,1,2,1,3,3,2,"120,79",9439,"0,05",Facebook,0
38,1,2,1,3,3,2,"117,99",9937,"0,05",www,0
38,1,2,1,3,4,1,"120,07",357,"0,05",Facebook,0
37,1,2,2,3,4,1,"128,45",3534,"0,05",Facebook,0
39,1,2,1,3,4,1,"125,61",5522,"0,05",Facebook,0
39,1,2,1,3,4,1,"122,97",8777,"0,05",Facebook,0
39,1,2,1,3,4,1,"123,24",9306,"0,05",Facebook,0
39,1,2,1,3,4,3,"122,58",1662,"0,05",Facebook,0
36,1,2,1,3,4,0,"124,78",3532,"0,05",Facebook,0
38,1,2,2,3,4,2,"119,53",4652,"0,05",www,0
39,1,2,2,3,4,2,"120,14",6043,"0,05",Facebook,0
36,1,2,1,3,4,2,"118,68",8522,"0,05",www,0
36,1,2,1,2,3,2,"119,65",6296,"0,05",www,0
38,1,2,2,1,1,1,"123,78",991,"0,05",Facebook,0
36,1,2,2,1,2,1,"116,55",1053,"0,05",www,0
39,1,2,1,1,2,1,"123,23",1362,"0,05",Facebook,0
36,1,2,1,1,1,1,"116,28",1935,"0,05",www,1
37,1,2,2,2,2,1,"117,08",2147,"0,05",www,0
36,1,2,1,4,4,1,"116,36",3335,"0,05",www,0
36,1,2,2,1,1,1,"117,73",3704,"0,05",www,0
37,1,2,2,1,2,1,"119,55",4195,"0,05",www,0
35,1,2,1,4,4,1,"122,80",4918,"0,05",Facebook,0
37,1,2,2,1,1,1,"124,72",5382,"0,05",Facebook,0
37,1,2,1,1,1,1,"122,66",5474,"0,05",Facebook,0
37,1,2,1,1,1,1,"117,03",6197,"0,05",www,0
39,1,2,2,1,2,1,"127,30",6445,"0,05",Facebook,0
38,1,2,1,4,4,0,"124,75",123,"0,05",Facebook,0
39,1,2,1,1,1,2,"116,44",382,"0,05",www,0
39,1,2,2,4,4,2,"133,05",456,"0,05",Facebook,0
37,1,2,1,1,1,2,"121,01",746,"0,05",Facebook,0
39,1,2,1,2,2,2,"119,06",854,"0,05",www,0
38,1,2,2,1,1,2,"121,21",1682,"0,05",Facebook,0
38,1,2,2,2,2,2,"124,50",1870,"0,05",Facebook,0
39,1,2,1,1,2,0,"118,67",2029,"0,05",www,0
39,1,2,2,4,4,2,"125,94",2211,"0,05",Facebook,0
39,1,2,1,4,4,2,"132,57",2821,"0,05",Facebook,0
39,1,2,1,1,2,2,"123,52",3366,"0,05",Facebook,0
38,1,2,2,1,1,0,"119,16",5504,"0,05",www,0
38,1,2,1,4,4,2,"124,24",5762,"0,05",Facebook,0
35,1,2,1,1,2,2,"116,24",6299,"0,05",www,0
38,1,2,1,1,1,2,"124,12",6366,"0,05",Facebook,0
36,1,2,2,4,4,2,"117,90",6508,"0,05",www,0
39,1,2,2,1,1,0,"132,22",7061,"0,05",Facebook,0
39,1,2,1,1,2,2,"121,96",7306,"0,05",Facebook,0
39,1,2,1,4,4,0,"121,19",7560,"0,05",Facebook,0
37,1,2,1,4,4,2,"118,19",7896,"0,05",www,0
37,1,2,2,1,2,2,"123,73",7996,"0,05",Facebook,0
37,1,2,2,1,2,2,"123,72",8087,"0,05",Facebook,0
39,1,2,1,2,2,3,"130,50",8883,"0,05",Facebook,0
35,1,2,2,1,2,0,"119,69",8970,"0,05",www,0
37,1,2,2,1,1,2,"119,30",9510,"0,05",www,0
39,1,2,1,4,4,0,"121,71",9851,"0,05",Facebook,0
37,1,2,3,3,3,2,"122,19",364,"0,05",Facebook,0
37,1,2,3,3,3,0,"117,32",1483,"0,05",www,0
37,1,2,3,3,3,2,"117,64",2442,"0,05",www,0
36,1,2,3,3,3,2,"116,17",3286,"0,05",www,0
37,1,2,3,3,3,3,"119,82",4808,"0,05",www,0
35,1,2,3,3,3,0,"116,16",7824,"0,05",www,0
38,1,2,3,3,3,2,"121,76",8535,"0,05",Facebook,0
37,1,2,3,3,4,1,"118,92",979,"0,05",www,0
37,1,2,3,3,4,1,"120,34",7649,"0,05",Facebook,0
38,1,2,3,3,4,2,"120,02",2018,"0,05",Facebook,0
36,1,2,3,3,4,2,"119,44",2807,"0,05",www,0
37,1,2,3,3,4,2,"129,50",8566,"0,05",Facebook,0
38,1,2,3,3,4,0,"119,77",9942,"0,05",www,0
39,1,2,3,2,3,1,"129,21",9058,"0,05",Facebook,0
38,1,2,3,2,3,2,"126,37",7025,"0,05",Facebook,0
35,1,2,3,2,3,2,"119,35",9659,"0,05",www,0
37,1,2,3,1,2,1,"124,34",17,"0,05",Facebook,0
38,1,2,3,1,1,1,"126,99",1560,"0,05",Facebook,0
38,1,2,3,1,2,1,"125,96",1611,"0,05",Facebook,0
39,1,2,3,1,1,1,"122,16",7209,"0,05",Facebook,0
39,1,2,3,1,2,1,"118,51",8208,"0,05",www,0
36,1,2,3,2,2,1,"117,19",8256,"0,05",www,0
39,1,2,3,1,1,1,"121,31",8450,"0,05",Facebook,0
39,1,2,3,1,2,1,"126,89",8527,"0,05",Facebook,0
38,1,2,3,1,1,0,"121,38",2421,"0,05",Facebook,0
37,1,2,3,1,1,2,"120,48",2731,"0,05",Facebook,0
38,1,2,3,4,4,2,"118,40",3755,"0,05",www,0
38,1,2,3,4,4,2,"117,08",6411,"0,05",www,0
38,1,2,3,1,1,2,"118,45",6976,"0,05",www,0
39,1,2,3,2,2,2,"122,31",7170,"0,05",Facebook,0
39,1,2,3,1,1,2,"128,30",7793,"0,05",Facebook,0
38,1,2,3,2,2,0,"120,51",8745,"0,05",Facebook,0
36,1,2,3,4,4,2,"116,67",9284,"0,05",www,0
39,1,2,4,3,3,1,"118,20",528,"0,05",www,0
39,1,2,4,3,3,2,"126,64",1571,"0,05",Facebook,0
37,1,2,4,3,3,2,"122,57",1900,"0,05",Facebook,0
39,1,2,4,3,3,2,"122,32",5039,"0,05",Facebook,0
38,1,2,4,3,4,1,"123,04",2579,"0,05",Facebook,0
35,1,2,4,3,4,1,"116,25",6977,"0,05",www,0
39,1,2,4,3,4,1,"120,56",8740,"0,05",Facebook,0
35,1,2,4,3,4,2,"126,70",1776,"0,05",Facebook,0
36,1,2,4,3,4,0,"119,00",2520,"0,05",www,0
38,1,2,4,3,4,2,"124,99",2641,"0,05",Facebook,0
39,1,2,4,3,4,2,"133,15",3471,"0,05",Facebook,0
37,1,2,4,3,4,0,"116,89",3941,"0,05",www,1
36,1,2,4,3,4,0,"119,83",7133,"0,05",www,0
35,1,2,4,2,3,0,"120,06",3316,"0,05",Facebook,0
33,1,2,4,1,1,1,"116,65",434,"0,05",www,0
38,1,2,4,4,4,1,"122,36",1625,"0,05",Facebook,0
38,1,2,4,2,2,1,"126,39",2182,"0,05",Facebook,0
35,1,2,4,1,1,1,"119,99",2587,"0,05",www,0
39,1,2,4,1,1,1,"123,64",4396,"0,05",Facebook,0
39,1,2,4,1,1,1,"125,87",5138,"0,05",Facebook,0
38,1,2,4,2,2,1,"123,94",7485,"0,05",Facebook,0
39,1,2,4,4,4,2,"127,39",165,"0,05",Facebook,0
37,1,2,4,1,1,2,"125,44",182,"0,05",Facebook,0
39,1,2,4,1,1,2,"117,78",1297,"0,05",www,0
39,1,2,4,1,2,2,"118,46",1941,"0,05",www,0
38,1,2,4,1,1,3,"127,00",2864,"0,05",Facebook,0
37,1,2,4,1,2,0,"117,92",4421,"0,05",www,0
39,1,2,4,1,1,2,"120,80",4569,"0,05",Facebook,0
36,1,2,4,4,4,2,"119,64",8380,"0,05",www,0
36,1,2,4,2,2,0,"119,61",8645,"0,05",www,0
37,1,2,4,4,4,2,"119,05",9133,"0,05",www,0
48,0,4,2,3,3,1,"147,64",79,"0,05",Broker,0
45,0,1,2,3,3,1,"135,36",179,"0,05",Broker,0
54,0,1,1,3,3,1,"166,66",199,"0,05",Broker,0
42,0,1,1,3,3,1,"129,78",261,"0,05",Broker,0
53,0,4,1,3,3,1,"173,84",292,"0,05",Broker,0
53,0,4,1,3,3,1,"167,61",465,"0,05",Broker,0
56,0,1,1,3,3,1,"170,57",636,"0,05",Broker,0
54,0,1,2,3,3,1,"164,50",817,"0,05",Broker,0
47,0,1,2,3,3,1,"148,02",1069,"0,05",Broker,0
41,0,1,2,3,3,1,"121,98",1275,"0,05",Broker,0
49,0,1,2,3,3,1,"154,51",1300,"0,05",Broker,0
48,0,1,1,3,3,1,"152,96",1399,"0,05",Broker,0
62,0,4,1,3,3,1,"180,00",2058,"0,05",Broker,0
46,0,1,1,3,3,1,"139,36",2094,"0,05",Broker,0
43,0,1,2,3,3,1,"139,99",2095,"0,05",Broker,0
55,0,4,2,3,3,1,"176,95",2282,"0,05",Broker,0
55,0,4,2,3,3,1,"173,24",2400,"0,05",Broker,1
47,0,4,1,3,3,1,"142,45",2457,"0,05",Broker,0
64,0,4,1,3,3,1,"180,00",2599,"0,05",Broker,0
40,0,1,1,3,3,1,"126,69",2612,"0,05",Facebook,0
44,0,4,1,3,3,1,"137,58",2766,"0,05",Broker,0
53,0,1,1,3,3,1,"166,84",2878,"0,05",Broker,0
43,0,4,1,3,3,1,"140,38",3105,"0,05",Broker,0
46,0,1,2,3,3,1,"151,99",3328,"0,05",Broker,0
40,0,4,1,3,3,1,"133,86",3406,"0,05",Facebook,0
63,0,1,2,3,3,1,"180,00",3598,"0,05",Broker,0
45,0,1,2,3,3,1,"140,41",3730,"0,05",Broker,0
46,0,1,1,3,3,1,"137,19",3839,"0,05",Broker,0
57,0,1,2,3,3,1,"171,88",4289,"0,05",Broker,0
54,0,4,2,3,3,1,"164,27",4494,"0,05",Broker,0
64,0,4,2,3,3,1,"180,00",4531,"0,05",Broker,0
41,0,1,2,3,3,1,"127,86",4699,"0,05",Broker,0
45,0,4,2,3,3,1,"133,39",4762,"0,05",Broker,0
45,0,1,2,3,3,1,"139,37",4973,"0,05",Broker,0
48,0,4,1,3,3,1,"142,43",4986,"0,05",Broker,0
56,0,4,1,3,3,1,"171,35",5098,"0,05",Broker,0
43,0,1,1,3,3,1,"128,94",5159,"0,05",Broker,0
50,0,1,2,3,3,1,"154,56",5430,"0,05",Broker,0
47,0,4,2,3,3,1,"152,07",5682,"0,05",Broker,0
49,0,1,1,3,3,1,"158,79",5687,"0,05",Broker,0
49,0,1,1,3,3,1,"156,08",6010,"0,05",Broker,0
62,0,1,1,3,3,1,"180,00",6107,"0,05",Broker,0
45,0,4,2,3,3,1,"133,22",6258,"0,05",Broker,0
44,0,4,2,3,3,1,"136,98",6270,"0,05",Broker,0
43,0,1,2,3,3,1,"124,32",6491,"0,05",Broker,0
62,0,1,1,3,3,1,"180,00",6767,"0,05",Broker,0
60,0,1,2,3,3,1,"180,00",6937,"0,05",Broker,0
59,0,1,2,3,3,1,"180,00",6964,"0,05",Broker,0
60,0,1,1,3,3,1,"180,00",7373,"0,05",Broker,0
49,0,4,1,3,3,1,"149,12",7429,"0,05",Broker,0
41,0,1,2,3,3,1,"130,72",7544,"0,05",Broker,0
64,0,1,1,3,3,1,"180,00",7713,"0,05",Broker,0
60,0,1,1,3,3,1,"180,00",7886,"0,05",Broker,0
57,0,1,1,3,3,1,"175,46",7921,"0,05",Broker,0
45,0,4,2,3,3,1,"141,42",8015,"0,05",Broker,0
53,0,1,1,3,3,1,"167,52",8045,"0,05",Broker,0
44,0,4,1,3,3,1,"138,24",8074,"0,05",Broker,0
53,0,1,1,3,3,1,"162,14",8094,"0,05",Broker,0
40,0,4,1,3,3,1,"123,86",8126,"0,05",Facebook,0
47,0,1,1,3,3,1,"158,89",8198,"0,05",Broker,0
41,0,1,2,3,3,1,"138,68",8782,"0,05",Broker,0
65,0,4,2,3,3,1,"180,00",8875,"0,05",Broker,0
53,0,4,1,3,3,1,"167,58",9118,"0,05",Broker,0
63,0,4,2,3,3,1,"180,00",9140,"0,05",Broker,0
45,0,4,2,3,3,1,"142,00",9158,"0,05",Broker,0
52,0,1,1,3,3,1,"159,91",9386,"0,05",Broker,0
48,0,4,1,3,3,1,"150,22",9491,"0,05",Broker,0
48,0,1,2,3,3,1,"151,36",9888,"0,05",Broker,0
42,0,1,2,3,3,1,"139,14",9980,"0,05",Broker,0
44,0,4,2,3,3,2,"139,33",106,"0,05",Broker,0
56,0,1,2,3,3,2,"179,26",479,"0,05",Broker,0
50,0,1,2,3,3,0,"157,18",703,"0,05",Broker,0
50,0,4,2,3,3,0,"152,59",715,"0,05",Broker,0
59,0,4,1,3,3,3,"180,00",808,"0,05",Broker,0
40,0,1,2,3,3,3,"128,68",856,"0,05",Facebook,0
41,0,4,1,3,3,2,"122,20",900,"0,05",Broker,0
53,0,4,2,3,3,2,"164,12",946,"0,05",Broker,0
44,0,4,1,3,3,0,"144,32",1081,"0,05",Broker,0
52,0,1,1,3,3,2,"167,76",1158,"0,05",Broker,0
41,0,1,1,3,3,2,"127,76",1174,"0,05",Broker,0
41,0,4,1,3,3,2,"128,46",1222,"0,05",Broker,1
50,0,1,2,3,3,0,"159,72",1273,"0,05",Broker,0
54,0,4,1,3,3,0,"164,44",1435,"0,05",Broker,0
45,0,4,2,3,3,2,"127,76",1545,"0,05",Broker,0
45,0,4,2,3,3,0,"152,26",1720,"0,05",Broker,0
56,0,1,2,3,3,2,"170,81",1763,"0,05",Broker,0
62,0,4,1,3,3,2,"180,00",1887,"0,05",Broker,0
42,0,1,2,3,3,2,"128,34",1917,"0,05",Broker,0
49,0,1,2,3,3,2,"153,89",2116,"0,05",Broker,0
47,0,1,1,3,3,2,"151,58",2165,"0,05",Broker,0
58,0,1,2,3,3,0,"180,00",2170,"0,05",Broker,0
48,0,4,2,3,3,3,"150,98",2198,"0,05",Broker,0
46,0,1,2,3,3,2,"145,63",2263,"0,05",Broker,0
50,0,1,2,3,3,2,"149,59",2279,"0,05",Broker,0
56,0,4,2,3,3,2,"169,66",2376,"0,05",Broker,0
44,0,1,2,3,3,0,"136,21",2448,"0,05",Broker,0
52,0,4,1,3,3,2,"160,98",2672,"0,05",Broker,0
46,0,1,2,3,3,2,"146,97",2685,"0,05",Broker,0
47,0,4,1,3,3,2,"137,06",2919,"0,05",Broker,0
56,0,4,1,3,3,0,"166,31",2958,"0,05",Broker,0
47,0,4,2,3,3,2,"148,21",3163,"0,05",Broker,0
50,0,4,1,3,3,0,"150,66",3222,"0,05",Broker,0
48,0,4,2,3,3,2,"154,47",3240,"0,05",Broker,0
47,0,1,2,3,3,0,"150,62",3420,"0,05",Broker,0
47,0,4,1,3,3,0,"148,63",3496,"0,05",Broker,0
40,0,4,1,3,3,0,"126,58",3506,"0,05",Facebook,0
44,0,1,1,3,3,2,"134,35",3624,"0,05",Broker,0
61,0,1,2,3,3,2,"180,00",3679,"0,05",Broker,0
54,0,4,2,3,3,2,"164,26",3732,"0,05",Broker,1
61,0,1,1,3,3,0,"180,00",3762,"0,05",Broker,0
55,0,4,2,3,3,0,"173,07",3768,"0,05",Broker,0
59,0,1,2,3,3,2,"180,00",3864,"0,05",Broker,0
61,0,4,2,3,3,2,"180,00",3904,"0,05",Broker,0
56,0,1,1,3,3,2,"174,85",3915,"0,05",Broker,0
55,0,4,1,3,3,2,"173,15",4085,"0,05",Broker,0
62,0,4,2,3,3,2,"180,00",4122,"0,05",Broker,0
46,0,4,2,3,3,2,"136,48",4218,"0,05",Broker,0
56,0,4,1,3,3,2,"176,30",4364,"0,05",Broker,0
61,0,4,2,3,3,2,"180,00",4563,"0,05",Broker,0
43,0,4,2,3,3,0,"138,24",4598,"0,05",Broker,0
63,0,4,2,3,3,0,"180,00",4777,"0,05",Broker,0
41,0,1,2,3,3,0,"132,90",4787,"0,05",Broker,0
54,0,1,2,3,3,2,"164,25",4836,"0,05",Broker,0
46,0,1,1,3,3,2,"145,49",5012,"0,05",Broker,0
55,0,4,1,3,3,2,"179,33",5063,"0,05",Broker,0
46,0,4,1,3,3,2,"152,22",5402,"0,05",Broker,0
50,0,4,1,3,3,2,"152,99",5518,"0,05",Broker,0
43,0,1,1,3,3,2,"134,78",5539,"0,05",Broker,0
61,0,1,1,3,3,2,"180,00",5577,"0,05",Broker,0
62,0,1,1,3,3,2,"180,00",5761,"0,05",Broker,0
42,0,4,2,3,3,0,"131,97",5777,"0,05",Broker,0
40,0,4,1,3,3,2,"124,93",5789,"0,05",Facebook,0
52,0,1,2,3,3,2,"158,02",5942,"0,05",Broker,0
45,0,1,1,3,3,0,"146,11",6037,"0,05",Broker,0
45,0,1,2,3,3,2,"140,09",6141,"0,05",Broker,0
49,0,1,1,3,3,2,"150,62",6430,"0,05",Broker,0
42,0,1,1,3,3,0,"135,57",6441,"0,05",Broker,0
46,0,1,2,3,3,0,"148,52",6586,"0,05",Broker,0
58,0,4,1,3,3,0,"179,89",6636,"0,05",Broker,1
44,0,1,1,3,3,2,"138,38",6647,"0,05",Broker,0
64,0,1,1,3,3,2,"180,00",6687,"0,05",Broker,0
43,0,4,1,3,3,2,"137,46",6689,"0,05",Broker,0
58,0,4,2,3,3,2,"180,00",6832,"0,05",Broker,0
55,0,4,2,3,3,2,"178,20",6843,"0,05",Broker,0
47,0,4,2,3,3,2,"147,51",6923,"0,05",Broker,0
48,0,1,1,3,3,2,"158,90",7127,"0,05",Broker,0
55,0,1,1,3,3,2,"164,97",7211,"0,05",Broker,0
49,0,4,2,3,3,2,"148,96",7243,"0,05",Broker,0
44,0,4,1,3,3,0,"125,11",7273,"0,05",Broker,0
51,0,1,1,3,3,2,"161,14",7408,"0,05",Broker,0
63,0,1,2,3,3,3,"180,00",7512,"0,05",Broker,1
45,0,4,2,3,3,0,"142,95",7532,"0,05",Broker,0
60,0,1,2,3,3,2,"180,00",7571,"0,05",Broker,0
49,0,1,2,3,3,3,"149,05",7689,"0,05",Broker,0
53,0,1,2,3,3,2,"173,17",7806,"0,05",Broker,0
41,0,4,1,3,3,2,"130,22",7868,"0,05",Broker,0
57,0,4,2,3,3,2,"178,69",7978,"0,05",Broker,0
45,0,4,2,3,3,0,"136,50",7987,"0,05",Broker,0
55,0,4,1,3,3,2,"170,78",8070,"0,05",Broker,0
44,0,1,2,3,3,2,"143,03",8252,"0,05",Broker,0
41,0,4,2,3,3,2,"129,64",8291,"0,05",Broker,0
56,0,4,1,3,3,2,"173,65",8349,"0,05",Broker,0
48,0,1,2,3,3,2,"142,78",8376,"0,05",Broker,0
56,0,1,2,3,3,0,"169,32",8470,"0,05",Broker,1
41,0,1,1,3,3,0,"126,46",8587,"0,05",Broker,0
52,0,4,1,3,3,2,"165,32",8928,"0,05",Broker,0
58,0,4,1,3,3,2,"180,00",9215,"0,05",Broker,0
44,0,4,1,3,3,0,"143,15",9317,"0,05",Broker,0
46,0,4,2,3,3,2,"138,93",9357,"0,05",Broker,0
40,0,4,2,3,3,2,"121,35",9477,"0,05",Facebook,0
48,0,4,2,3,3,0,"155,49",9548,"0,05",Broker,0
57,0,1,1,3,3,0,"179,63",9636,"0,05",Broker,0
55,0,1,1,3,3,2,"167,09",9694,"0,05",Broker,0
44,0,1,2,3,3,2,"135,65",9889,"0,05",Broker,0
45,0,1,2,3,4,1,"142,63",195,"0,05",Broker,0
53,0,1,2,3,4,1,"170,93",203,"0,05",Broker,0
59,0,1,2,3,4,1,"180,00",809,"0,05",Broker,0
45,0,1,1,3,4,1,"144,59",1155,"0,05",Broker,0
55,0,4,1,3,4,1,"175,72",1740,"0,05",Broker,0
49,0,4,1,3,4,1,"155,07",2033,"0,05",Broker,0
64,0,4,2,3,4,1,"180,00",2043,"0,05",Broker,0
41,0,1,2,3,4,1,"123,10",2664,"0,05",Broker,0
42,0,4,2,3,4,1,"131,16",2752,"0,05",Broker,0
40,0,1,1,3,4,1,"124,26",2838,"0,05",Facebook,0
47,0,1,1,3,4,1,"145,92",2853,"0,05",Broker,0
64,0,1,2,3,4,1,"180,00",2894,"0,05",Broker,0
46,0,1,2,3,4,1,"151,10",3053,"0,05",Broker,0
55,0,1,2,3,4,1,"175,71",3229,"0,05",Broker,0
65,0,1,1,3,4,1,"180,00",3524,"0,05",Broker,0
43,0,4,2,3,4,1,"137,58",3788,"0,05",Broker,0
51,0,1,1,3,4,1,"151,72",3862,"0,05",Broker,0
58,0,4,2,3,4,1,"180,00",5156,"0,05",Broker,0
40,0,4,2,3,4,1,"124,52",5270,"0,05",Facebook,0
43,0,4,1,3,4,1,"134,52",5824,"0,05",Broker,0
45,0,1,1,3,4,1,"147,59",5930,"0,05",Broker,0
60,0,4,1,3,4,1,"180,00",6304,"0,05",Broker,0
42,0,4,1,3,4,1,"133,67",6528,"0,05",Broker,0
44,0,1,2,3,4,1,"136,54",6988,"0,05",Broker,1
41,0,1,2,3,4,1,"124,37",7181,"0,05",Broker,0
42,0,4,2,3,4,1,"143,01",7848,"0,05",Broker,0
51,0,4,2,3,4,1,"162,02",8194,"0,05",Broker,0
63,0,4,1,3,4,1,"180,00",8536,"0,05",Broker,0
65,0,4,2,3,4,1,"180,00",9097,"0,05",Broker,0
40,0,4,2,3,4,1,"132,39",9126,"0,05",Facebook,0
46,0,4,2,3,4,1,"150,54",9653,"0,05",Broker,0
49,0,1,2,3,4,1,"145,36",9682,"0,05",Broker,0
48,0,4,1,3,4,1,"145,28",9791,"0,05",Broker,0
50,0,1,1,3,4,2,"157,08",3,"0,05",Broker,0
43,0,4,1,3,4,0,"139,58",419,"0,05",Broker,0
53,0,1,2,3,4,2,"161,46",563,"0,05",Broker,0
48,0,4,2,3,4,2,"150,57",660,"0,05",Broker,0
43,0,1,1,3,4,2,"135,93",741,"0,05",Broker,0
46,0,4,1,3,4,0,"137,80",932,"0,05",Broker,0
52,0,4,1,3,4,2,"157,97",948,"0,05",Broker,0
58,0,4,1,3,4,2,"173,76",1035,"0,05",Broker,0
54,0,4,2,3,4,0,"168,59",1128,"0,05",Broker,0
59,0,4,1,3,4,0,"176,94",1374,"0,05",Broker,0
60,0,1,1,3,4,2,"180,00",1534,"0,05",Broker,0
43,0,1,1,3,4,2,"136,75",1628,"0,05",Broker,0
45,0,4,2,3,4,2,"137,55",1636,"0,05",Broker,0
41,0,1,1,3,4,2,"127,81",2154,"0,05",Broker,0
40,0,1,1,3,4,3,"129,67",2241,"0,05",Facebook,0
53,0,4,1,3,4,2,"172,52",2251,"0,05",Broker,0
46,0,1,1,3,4,2,"144,48",2293,"0,05",Broker,1
57,0,1,2,3,4,2,"180,00",2361,"0,05",Broker,1
44,0,1,1,3,4,2,"133,76",2466,"0,05",Broker,0
63,0,1,1,3,4,2,"180,00",2621,"0,05",Broker,0
52,0,4,2,3,4,0,"165,99",2863,"0,05",Broker,0
63,0,1,2,3,4,2,"180,00",2962,"0,05",Broker,0
54,0,1,2,3,4,2,"163,70",3057,"0,05",Broker,0
41,0,1,2,3,4,2,"145,31",3470,"0,05",Broker,0
42,0,1,2,3,4,2,"129,27",3520,"0,05",Broker,0
55,0,4,2,3,4,2,"178,99",3874,"0,05",Broker,0
48,0,1,1,3,4,0,"147,53",3924,"0,05",Broker,0
42,0,4,2,3,4,0,"132,46",3953,"0,05",Broker,0
42,0,1,1,3,4,2,"128,01",4096,"0,05",Broker,0
50,0,4,2,3,4,0,"152,11",4171,"0,05",Broker,1
54,0,4,2,3,4,0,"164,24",4522,"0,05",Broker,0
58,0,1,1,3,4,2,"171,61",4529,"0,05",Broker,0
49,0,1,1,3,4,2,"152,42",4539,"0,05",Broker,0
44,0,4,1,3,4,2,"138,72",4570,"0,05",Broker,0
45,0,1,1,3,4,0,"146,94",4785,"0,05",Broker,0
47,0,4,1,3,4,0,"150,43",4819,"0,05",Broker,0
43,0,4,1,3,4,0,"138,15",4891,"0,05",Broker,0
54,0,1,1,3,4,2,"169,10",4945,"0,05",Broker,0
41,0,1,1,3,4,0,"122,72",5057,"0,05",Broker,0
44,0,1,1,3,4,3,"131,84",5117,"0,05",Broker,0
41,0,1,2,3,4,2,"132,21",5170,"0,05",Broker,0
59,0,1,1,3,4,2,"180,00",5594,"0,05",Broker,0
60,0,4,1,3,4,0,"180,00",5656,"0,05",Broker,0
51,0,4,1,3,4,2,"162,94",5665,"0,05",Broker,0
41,0,4,2,3,4,2,"128,16",5695,"0,05",Broker,0
57,0,1,2,3,4,2,"180,00",6050,"0,05",Broker,0
54,0,1,2,3,4,0,"168,37",6067,"0,05",Broker,0
58,0,4,2,3,4,0,"180,00",6294,"0,05",Broker,0
53,0,1,1,3,4,0,"156,62",6321,"0,05",Broker,0
47,0,4,2,3,4,2,"149,75",6398,"0,05",Broker,0
63,0,1,2,3,4,2,"180,00",6743,"0,05",Broker,0
57,0,1,2,3,4,0,"171,69",6800,"0,05",Broker,0
57,0,4,2,3,4,2,"178,90",7008,"0,05",Broker,0
41,0,4,1,3,4,2,"133,85",7022,"0,05",Broker,0
63,0,1,2,3,4,0,"180,00",7130,"0,05",Broker,0
64,0,1,1,3,4,2,"180,00",7616,"0,05",Broker,0
52,0,1,2,3,4,2,"163,19",7754,"0,05",Broker,0
58,0,4,1,3,4,0,"180,00",7818,"0,05",Broker,0
54,0,1,2,3,4,2,"161,11",8021,"0,05",Broker,0
49,0,1,2,3,4,3,"151,75",8177,"0,05",Broker,0
58,0,4,2,3,4,0,"180,00",8297,"0,05",Broker,0
42,0,4,2,3,4,2,"135,81",8315,"0,05",Broker,0
40,0,1,2,3,4,0,"122,79",8364,"0,05",Facebook,0
58,0,1,1,3,4,2,"180,00",8586,"0,05",Broker,0
46,0,4,2,3,4,2,"144,86",8670,"0,05",Broker,0
51,0,4,1,3,4,2,"156,70",8677,"0,05",Broker,0
52,0,1,2,3,4,2,"159,14",8950,"0,05",Broker,0
46,0,4,2,3,4,2,"143,07",9114,"0,05",Broker,0
40,0,4,1,3,4,2,"119,33",9221,"0,05",www,0
63,0,4,1,3,4,2,"180,00",9431,"0,05",Broker,0
53,0,4,1,3,4,2,"157,84",9874,"0,05",Broker,0
54,0,1,2,3,4,2,"168,64",9961,"0,05",Broker,0
45,0,1,2,2,3,1,"142,11",90,"0,05",Broker,0
58,0,4,2,2,3,1,"180,00",325,"0,05",Broker,0
59,0,4,1,2,3,1,"180,00",694,"0,05",Broker,0
43,0,1,2,2,3,1,"139,68",885,"0,05",Broker,0
52,0,1,2,2,3,1,"161,51",1132,"0,05",Broker,0
51,0,1,1,2,3,1,"153,93",1632,"0,05",Broker,1
56,0,1,2,2,3,1,"175,74",1928,"0,05",Broker,0
57,0,4,2,2,3,1,"172,66",2324,"0,05",Broker,0
60,0,4,2,2,3,1,"180,00",2943,"0,05",Broker,0
60,0,4,1,2,3,1,"179,64",3507,"0,05",Broker,0
52,0,1,1,2,3,1,"153,13",3933,"0,05",Broker,0
54,0,1,2,2,3,1,"171,04",4937,"0,05",Broker,0
50,0,1,1,2,3,1,"155,35",5161,"0,05",Broker,0
50,0,1,1,2,3,1,"159,78",5410,"0,05",Broker,0
47,0,4,1,2,3,1,"156,04",5608,"0,05",Broker,1
42,0,1,1,2,3,1,"130,49",6346,"0,05",Broker,0
56,0,1,2,2,3,1,"173,86",6409,"0,05",Broker,0
47,0,4,2,2,3,1,"145,15",6543,"0,05",Broker,0
42,0,1,1,2,3,1,"132,21",6739,"0,05",Broker,1
47,0,1,2,2,3,1,"142,69",9686,"0,05",Broker,0
54,0,1,1,2,3,2,"174,13",84,"0,05",Broker,0
58,0,4,2,2,3,2,"180,00",461,"0,05",Broker,0
56,0,1,1,2,3,0,"176,23",732,"0,05",Broker,0
57,0,4,1,2,3,0,"178,97",1782,"0,05",Broker,0
54,0,4,2,2,3,2,"171,75",1833,"0,05",Broker,0
56,0,4,1,2,3,2,"168,77",1942,"0,05",Broker,0
43,0,4,2,2,3,3,"124,06",2740,"0,05",Broker,0
41,0,1,1,2,3,2,"129,06",3056,"0,05",Broker,0
53,0,4,2,2,3,2,"160,09",3760,"0,05",Broker,0
55,0,1,2,2,3,0,"173,38",4702,"0,05",Broker,0
50,0,1,1,2,3,3,"164,04",4993,"0,05",Broker,0
41,0,4,2,2,3,2,"129,50",5027,"0,05",Broker,0
41,0,4,2,2,3,2,"122,71",5248,"0,05",Broker,0
49,0,4,1,2,3,3,"166,24",5635,"0,05",Broker,1
53,0,1,2,2,3,3,"165,48",6155,"0,05",Broker,0
60,0,1,1,2,3,0,"180,00",6420,"0,05",Broker,0
54,0,1,2,2,3,3,"172,85",6745,"0,05",Broker,0
48,0,1,1,2,3,2,"153,69",7266,"0,05",Broker,0
40,0,4,2,2,3,2,"124,01",7975,"0,05",Facebook,0
45,0,1,1,2,3,2,"139,80",8693,"0,05",Broker,0
48,0,4,2,2,3,0,"144,33",8699,"0,05",Broker,0
54,0,1,1,2,3,3,"165,79",8706,"0,05",Broker,0
57,0,4,1,2,3,0,"178,96",9302,"0,05",Broker,0
57,0,4,2,2,3,2,"177,63",9423,"0,05",Broker,0
49,0,4,2,2,3,2,"153,24",9562,"0,05",Broker,0
42,0,4,1,2,3,0,"134,01",9634,"0,05",Broker,0
46,0,1,1,2,3,2,"150,56",9645,"0,05",Broker,0
45,0,4,2,1,1,1,"145,71",10,"0,05",Broker,0
47,0,4,2,2,2,1,"143,01",88,"0,05",Broker,0
50,0,1,2,1,1,1,"153,97",173,"0,05",Broker,0
54,0,4,1,1,2,1,"168,41",186,"0,05",Broker,1
41,0,4,2,1,2,1,"138,90",243,"0,05",Broker,1
47,0,4,1,1,2,1,"152,37",348,"0,05",Broker,0
43,0,1,2,1,1,1,"131,25",551,"0,05",Broker,1
45,0,1,1,4,4,1,"135,89",603,"0,05",Broker,0
65,0,4,1,1,1,1,"180,00",710,"0,05",Broker,1
59,0,1,1,4,4,1,"180,00",742,"0,05",Broker,0
48,0,1,2,1,1,1,"150,33",759,"0,05",Broker,0
56,0,4,1,1,2,1,"171,72",768,"0,05",Broker,0
50,0,1,1,2,2,1,"159,71",878,"0,05",Broker,0
50,0,4,2,2,2,1,"154,17",909,"0,05",Broker,0
60,0,4,1,1,1,1,"180,00",928,"0,05",Broker,0
46,0,1,2,4,4,1,"145,00",1034,"0,05",Broker,0
51,0,1,2,1,1,1,"157,88",1082,"0,05",Broker,0
43,0,4,1,1,2,1,"145,56",1086,"0,05",Broker,1
45,0,4,2,4,4,1,"144,68",1119,"0,05",Broker,0
46,0,4,2,1,2,1,"148,76",1124,"0,05",Broker,0
51,0,4,1,2,2,1,"156,48",1142,"0,05",Broker,1
54,0,1,2,1,1,1,"153,55",1168,"0,05",Broker,1
53,0,4,1,4,4,1,"163,90",1183,"0,05",Broker,0
41,0,4,1,2,2,1,"121,75",1219,"0,05",Broker,0
44,0,4,1,1,1,1,"139,65",1247,"0,05",Broker,1
55,0,1,1,4,4,1,"176,33",1299,"0,05",Broker,0
61,0,1,2,1,1,1,"180,00",1387,"0,05",Broker,1
59,0,4,2,4,4,1,"180,00",1520,"0,05",Broker,0
42,0,4,2,1,2,1,"141,13",1595,"0,05",Broker,0
48,0,1,2,1,2,1,"149,39",1637,"0,05",Broker,0
56,0,1,1,2,2,1,"180,00",1666,"0,05",Broker,1
52,0,4,2,2,2,1,"166,83",1706,"0,05",Broker,0
54,0,4,2,2,2,1,"176,39",1714,"0,05",Broker,0
49,0,1,1,1,1,1,"144,37",1858,"0,05",Broker,1
56,0,1,1,1,1,1,"178,25",1865,"0,05",Broker,0
40,0,1,2,4,4,1,"121,73",1883,"0,05",Facebook,0
42,0,1,2,1,1,1,"128,03",1897,"0,05",Broker,0
48,0,4,1,1,2,1,"155,13",1925,"0,05",Broker,0
42,0,4,2,2,2,1,"131,92",1943,"0,05",Broker,0
47,0,1,1,1,1,1,"150,12",1992,"0,05",Broker,1
40,0,4,2,2,2,1,"126,43",2073,"0,05",Facebook,0
53,0,1,2,1,2,1,"155,82",2090,"0,05",Broker,0
55,0,1,2,1,1,1,"170,35",2146,"0,05",Broker,0
43,0,4,1,1,2,1,"142,19",2148,"0,05",Broker,0
48,0,4,1,4,4,1,"156,03",2209,"0,05",Broker,0
48,0,1,2,2,2,1,"149,59",2260,"0,05",Broker,0
42,0,1,1,4,4,1,"133,26",2398,"0,05",Broker,0
61,0,1,1,1,1,1,"180,00",2500,"0,05",Broker,0
45,0,4,2,4,4,1,"138,01",2582,"0,05",Broker,0
51,0,4,1,2,2,1,"150,96",2586,"0,05",Broker,1
48,0,1,1,4,4,1,"153,72",2593,"0,05",Broker,0
57,0,1,1,1,1,1,"174,42",2615,"0,05",Broker,0
59,0,4,2,4,4,1,"180,00",2698,"0,05",Broker,0
54,0,4,1,4,4,1,"177,84",2713,"0,05",Broker,0
45,0,4,1,1,1,1,"142,37",2729,"0,05",Broker,0
45,0,4,2,4,4,1,"135,07",2738,"0,05",Broker,0
46,0,4,2,1,2,1,"141,20",3046,"0,05",Broker,0
43,0,4,1,4,4,1,"130,10",3081,"0,05",Broker,0
49,0,4,2,1,1,1,"141,63",3085,"0,05",Broker,1
55,0,4,1,1,1,1,"177,68",3089,"0,05",Broker,0
55,0,4,2,1,1,1,"169,93",3096,"0,05",Broker,0
58,0,4,1,4,4,1,"176,53",3187,"0,05",Broker,0
49,0,4,2,2,2,1,"161,04",3233,"0,05",Broker,0
43,0,1,1,1,2,1,"133,16",3305,"0,05",Broker,0
51,0,1,2,1,2,1,"153,38",3401,"0,05",Broker,0
52,0,4,2,1,1,1,"168,71",3544,"0,05",Broker,1
40,0,1,2,1,1,1,"128,65",3552,"0,05",Facebook,0
43,0,1,1,1,1,1,"132,78",3825,"0,05",Broker,0
50,0,1,1,2,2,1,"160,12",3833,"0,05",Broker,0
64,0,4,1,1,2,1,"180,00",3844,"0,05",Broker,0
42,0,1,2,4,4,1,"135,90",3861,"0,05",Broker,0
46,0,4,1,1,1,1,"137,98",3882,"0,05",Broker,0
65,0,4,1,1,2,1,"180,00",3903,"0,05",Broker,0
43,0,1,1,2,2,1,"133,50",3959,"0,05",Broker,0
47,0,4,1,1,1,1,"150,58",3972,"0,05",Broker,0
43,0,1,2,1,1,1,"136,31",4019,"0,05",Broker,0
54,0,1,1,4,4,1,"157,77",4047,"0,05",Broker,0
58,0,1,2,4,4,1,"176,22",4121,"0,05",Broker,0
45,0,4,2,1,2,1,"138,54",4263,"0,05",Broker,0
45,0,1,2,1,1,1,"130,05",4273,"0,05",Broker,0
49,0,1,2,4,4,1,"157,25",4305,"0,05",Broker,0
57,0,4,1,1,1,1,"172,42",4345,"0,05",Broker,0
50,0,1,2,1,1,1,"164,56",4376,"0,05",Broker,1
40,0,1,1,2,2,1,"122,04",4590,"0,05",Facebook,1
52,0,4,2,4,4,1,"157,88",4638,"0,05",Broker,0
48,0,4,2,1,1,1,"151,60",4665,"0,05",Broker,0
42,0,1,2,2,2,1,"133,50",4691,"0,05",Broker,0
49,0,4,1,4,4,1,"151,10",4692,"0,05",Broker,0
57,0,4,1,1,1,1,"175,41",4894,"0,05",Broker,0
49,0,4,2,1,1,1,"154,39",4912,"0,05",Broker,0
51,0,1,2,1,1,1,"152,53",4995,"0,05",Broker,0
47,0,1,1,1,2,1,"147,51",5017,"0,05",Broker,1
48,0,4,1,2,2,1,"146,03",5020,"0,05",Broker,1
43,0,1,2,1,1,1,"138,37",5030,"0,05",Broker,0
45,0,1,2,1,2,1,"138,18",5093,"0,05",Broker,0
52,0,1,2,1,2,1,"154,28",5101,"0,05",Broker,0
52,0,4,2,4,4,1,"174,70",5127,"0,05",Broker,0
56,0,1,1,2,2,1,"174,12",5132,"0,05",Broker,0
57,0,1,1,1,2,1,"164,77",5148,"0,05",Broker,0
50,0,1,2,1,1,1,"153,91",5169,"0,05",Broker,0
50,0,4,1,1,1,1,"157,99",5272,"0,05",Broker,0
51,0,1,1,4,4,1,"157,56",5273,"0,05",Broker,0
60,0,4,2,4,4,1,"180,00",5374,"0,05",Broker,0
49,0,1,2,1,1,1,"158,81",5479,"0,05",Broker,0
60,0,4,1,1,1,1,"180,00",5480,"0,05",Broker,0
51,0,4,2,2,2,1,"143,85",5497,"0,05",Broker,0
43,0,4,2,1,1,1,"131,08",5557,"0,05",Broker,0
47,0,1,1,1,1,1,"149,96",5576,"0,05",Broker,0
41,0,1,2,4,4,1,"132,03",5659,"0,05",Broker,0
52,0,4,1,1,2,1,"164,32",6027,"0,05",Broker,0
53,0,1,1,1,1,1,"160,77",6080,"0,05",Broker,0
44,0,4,2,1,2,1,"135,82",6109,"0,05",Broker,0
41,0,4,1,1,2,1,"135,47",6120,"0,05",Broker,0
50,0,1,2,1,2,1,"146,75",6198,"0,05",Broker,0
51,0,4,2,1,2,1,"152,93",6219,"0,05",Broker,1
45,0,1,2,1,2,1,"137,21",6279,"0,05",Broker,0
52,0,4,2,1,2,1,"157,32",6287,"0,05",Broker,0
52,0,4,1,2,2,1,"158,92",6617,"0,05",Broker,0
57,0,4,1,1,2,1,"171,01",6622,"0,05",Broker,0
61,0,1,1,1,1,1,"180,00",6805,"0,05",Broker,0
46,0,4,2,1,2,1,"145,32",6817,"0,05",Broker,0
48,0,1,2,4,4,1,"147,06",6918,"0,05",Broker,0
57,0,1,1,1,1,1,"179,16",7010,"0,05",Broker,0
44,0,4,1,1,1,1,"139,33",7072,"0,05",Broker,0
58,0,4,1,1,2,1,"180,00",7216,"0,05",Broker,1
48,0,1,1,1,2,1,"152,17",7269,"0,05",Broker,0
42,0,4,1,1,1,1,"133,20",7333,"0,05",Broker,0
44,0,1,2,1,1,1,"127,61",7377,"0,05",Broker,0
56,0,4,1,2,2,1,"177,40",7511,"0,05",Broker,0
42,0,4,2,1,1,1,"135,89",7533,"0,05",Broker,0
42,0,4,1,2,2,1,"127,85",7588,"0,05",Broker,1
45,0,1,1,1,2,1,"137,90",7630,"0,05",Broker,0
58,0,1,2,1,1,1,"176,82",7664,"0,05",Broker,0
40,0,4,1,1,1,1,"125,61",7874,"0,05",Facebook,1
54,0,1,1,1,2,1,"167,12",7887,"0,05",Broker,0
53,0,1,2,1,2,1,"160,67",7915,"0,05",Broker,0
56,0,1,1,1,1,1,"178,75",8106,"0,05",Broker,0
41,0,1,2,1,1,1,"123,82",8112,"0,05",Broker,0
42,0,1,2,4,4,1,"128,99",8138,"0,05",Broker,0
47,0,4,1,4,4,1,"136,96",8143,"0,05",Broker,0
46,0,4,2,4,4,1,"138,32",8227,"0,05",Broker,0
41,0,1,2,1,2,1,"122,84",8288,"0,05",Broker,1
53,0,1,1,1,2,1,"164,30",8367,"0,05",Broker,1
44,0,1,1,1,1,1,"139,31",8375,"0,05",Broker,0
40,0,4,2,1,1,1,"124,72",8444,"0,05",Facebook,0
52,0,4,1,1,2,1,"160,91",8459,"0,05",Broker,1
40,0,1,1,1,2,1,"135,05",8655,"0,05",Facebook,0
46,0,1,2,4,4,1,"143,84",8660,"0,05",Broker,0
48,0,1,2,1,1,1,"142,97",8780,"0,05",Broker,0
50,0,4,2,1,1,1,"156,43",8793,"0,05",Broker,0
52,0,1,2,1,1,1,"159,28",8840,"0,05",Broker,1
62,0,4,1,2,2,1,"180,00",8850,"0,05",Broker,1
41,0,4,1,4,4,1,"131,78",8862,"0,05",Broker,0
50,0,1,2,2,2,1,"162,72",9264,"0,05",Broker,0
54,0,1,1,2,2,1,"175,36",9283,"0,05",Broker,0
52,0,4,2,4,4,1,"155,47",9424,"0,05",Broker,0
42,0,4,2,4,4,1,"130,03",9451,"0,05",Broker,0
42,0,4,2,4,4,1,"125,29",9593,"0,05",Broker,0
50,0,4,1,4,4,1,"162,96",9637,"0,05",Broker,0
60,0,4,1,1,2,1,"180,00",9640,"0,05",Broker,0
59,0,4,1,1,2,1,"177,65",9761,"0,05",Broker,0
43,0,4,1,1,1,1,"129,61",9900,"0,05",Broker,1
45,0,4,1,4,4,1,"144,40",9902,"0,05",Broker,0
64,0,4,1,4,4,2,"180,00",221,"0,05",Broker,0
54,0,1,1,2,2,0,"171,28",225,"0,05",Broker,0
56,0,4,1,4,4,0,"174,05",278,"0,05",Broker,0
62,0,4,1,4,4,0,"180,00",293,"0,05",Broker,0
53,0,4,2,1,1,0,"162,18",394,"0,05",Broker,0
42,0,1,1,2,2,2,"131,18",444,"0,05",Broker,0
51,0,1,1,2,2,2,"160,52",448,"0,05",Broker,0
59,0,1,2,1,2,0,"180,00",567,"0,05",Broker,1
62,0,4,2,1,2,0,"180,00",596,"0,05",Broker,0
60,0,1,1,2,2,2,"180,00",654,"0,05",Broker,0
49,0,1,1,1,1,2,"155,30",663,"0,05",Broker,0
41,0,4,1,1,1,2,"126,94",681,"0,05",Broker,0
46,0,4,1,1,2,2,"140,36",761,"0,05",Broker,0
60,0,4,2,2,2,0,"180,00",779,"0,05",Broker,1
54,0,4,1,4,4,0,"176,00",797,"0,05",Broker,0
49,0,4,1,1,2,0,"146,44",832,"0,05",Broker,1
58,0,1,2,1,1,2,"173,25",940,"0,05",Broker,0
45,0,4,1,2,2,2,"151,12",959,"0,05",Broker,0
50,0,4,2,4,4,2,"159,75",1093,"0,05",Broker,0
42,0,1,2,1,1,2,"136,93",1218,"0,05",Broker,0
54,0,4,1,1,1,0,"171,31",1253,"0,05",Broker,0
43,0,4,2,1,2,2,"132,49",1270,"0,05",Broker,0
44,0,4,2,1,1,2,"141,31",1341,"0,05",Broker,0
61,0,4,2,1,2,0,"180,00",1342,"0,05",Broker,0
44,0,1,2,1,2,0,"136,24",1368,"0,05",Broker,0
49,0,1,2,2,2,2,"150,86",1392,"0,05",Broker,0
60,0,4,1,4,4,0,"180,00",1395,"0,05",Broker,0
48,0,4,1,4,4,2,"153,13",1403,"0,05",Broker,0
60,0,4,2,1,2,0,"176,49",1449,"0,05",Broker,1
49,0,4,2,1,1,2,"160,22",1541,"0,05",Broker,0
48,0,4,2,2,2,3,"156,75",1559,"0,05",Broker,0
45,0,1,1,1,1,2,"144,28",1574,"0,05",Broker,0
41,0,1,1,1,2,2,"134,58",1585,"0,05",Broker,0
43,0,4,2,1,2,2,"135,23",1608,"0,05",Broker,0
44,0,4,1,1,1,0,"148,87",1741,"0,05",Broker,0
55,0,1,1,1,2,0,"165,52",1770,"0,05",Broker,0
41,0,1,1,1,2,0,"125,31",1845,"0,05",Broker,1
46,0,4,2,1,1,3,"146,62",1886,"0,05",Broker,1
63,0,4,1,1,1,3,"180,00",1929,"0,05",Broker,0
44,0,4,1,2,2,2,"149,23",2008,"0,05",Broker,0
40,0,1,2,4,4,2,"119,63",2036,"0,05",www,0
64,0,1,1,1,2,2,"180,00",2050,"0,05",Broker,0
55,0,1,1,4,4,0,"178,69",2057,"0,05",Broker,0
42,0,1,1,4,4,2,"125,40",2060,"0,05",Broker,0
42,0,1,1,1,1,3,"138,77",2088,"0,05",Broker,0
57,0,1,2,1,1,2,"179,33",2204,"0,05",Broker,0
44,0,1,2,1,1,2,"147,60",2256,"0,05",Broker,0
62,0,4,1,1,1,2,"178,43",2273,"0,05",Broker,1
41,0,4,2,2,2,0,"137,86",2304,"0,05",Broker,0
59,0,1,2,4,4,2,"178,00",2315,"0,05",Broker,0
50,0,1,1,4,4,0,"154,19",2327,"0,05",Broker,0
53,0,4,2,4,4,2,"161,21",2349,"0,05",Broker,0
53,0,4,2,1,1,0,"163,08",2368,"0,05",Broker,0
55,0,4,2,1,1,2,"161,08",2424,"0,05",Broker,0
49,0,1,2,1,1,3,"154,94",2425,"0,05",Broker,1
44,0,1,2,1,1,0,"142,75",2443,"0,05",Broker,0
47,0,4,1,4,4,2,"154,92",2478,"0,05",Broker,0
42,0,4,2,2,2,2,"127,69",2493,"0,05",Broker,0
51,0,1,2,1,1,2,"158,99",2532,"0,05",Broker,0
47,0,1,1,1,2,2,"143,37",2538,"0,05",Broker,0
42,0,4,2,2,2,0,"131,81",2567,"0,05",Broker,1
40,0,1,1,1,1,2,"118,27",2597,"0,05",www,0
48,0,4,2,1,2,0,"152,08",2643,"0,05",Broker,0
50,0,4,1,4,4,2,"159,94",2647,"0,05",Broker,0
61,0,4,2,1,1,2,"180,00",2690,"0,05",Broker,0
41,0,4,2,4,4,2,"128,70",2743,"0,05",Broker,0
42,0,1,2,1,1,2,"131,95",2788,"0,05",Broker,1
47,0,4,1,1,1,0,"144,35",2886,"0,05",Broker,0
40,0,4,2,1,1,2,"122,11",2923,"0,05",Facebook,0
40,0,1,2,1,2,0,"125,83",2940,"0,05",Facebook,1
45,0,1,1,1,2,0,"137,74",2955,"0,05",Broker,1
41,0,4,2,2,2,3,"133,32",2956,"0,05",Broker,0
48,0,4,1,1,1,2,"145,31",2972,"0,05",Broker,0
48,0,1,2,1,1,2,"149,76",3041,"0,05",Broker,1
45,0,4,1,4,4,0,"139,81",3093,"0,05",Broker,0
59,0,1,1,2,2,0,"180,00",3124,"0,05",Broker,0
47,0,1,2,1,2,0,"146,03",3142,"0,05",Broker,0
64,0,1,1,4,4,0,"180,00",3162,"0,05",Broker,0
53,0,1,2,4,4,2,"160,39",3188,"0,05",Broker,0
47,0,1,2,4,4,0,"142,88",3348,"0,05",Broker,0
44,0,4,1,1,1,0,"136,56",3382,"0,05",Broker,1
55,0,4,1,1,1,2,"169,78",3399,"0,05",Broker,0
63,0,1,1,1,2,3,"180,00",3592,"0,05",Broker,0
61,0,1,2,2,2,2,"180,00",3594,"0,05",Broker,0
43,0,4,1,4,4,0,"128,58",3595,"0,05",Broker,0
45,0,4,2,4,4,0,"135,38",3601,"0,05",Broker,0
43,0,4,2,1,1,2,"137,14",3639,"0,05",Broker,0
50,0,1,2,2,2,2,"154,17",3650,"0,05",Broker,0
53,0,1,2,4,4,2,"163,80",3713,"0,05",Broker,0
48,0,4,1,1,1,0,"150,67",3802,"0,05",Broker,0
52,0,1,2,4,4,2,"157,44",3897,"0,05",Broker,0
45,0,4,2,1,1,3,"141,20",3971,"0,05",Broker,0
48,0,4,1,4,4,0,"143,54",3979,"0,05",Broker,0
48,0,1,2,1,1,2,"147,03",4024,"0,05",Broker,0
61,0,4,1,4,4,0,"180,00",4132,"0,05",Broker,0
56,0,1,2,1,1,2,"169,46",4160,"0,05",Broker,0
58,0,4,1,2,2,2,"173,60",4228,"0,05",Broker,0
58,0,4,2,4,4,0,"180,00",4331,"0,05",Broker,1
42,0,1,2,2,2,0,"140,33",4395,"0,05",Broker,0
42,0,4,2,4,4,0,"128,66",4429,"0,05",Broker,0
51,0,4,2,1,2,2,"155,11",4467,"0,05",Broker,0
52,0,4,2,1,2,0,"162,92",4493,"0,05",Broker,0
50,0,4,2,2,2,2,"152,37",4592,"0,05",Broker,0
41,0,4,1,1,1,0,"125,51",4675,"0,05",Broker,0
50,0,4,1,1,1,2,"156,36",4757,"0,05",Broker,0
44,0,4,1,2,2,0,"140,17",4853,"0,05",Broker,0
46,0,4,2,1,1,0,"140,57",4861,"0,05",Broker,0
41,0,4,2,1,1,0,"125,08",4892,"0,05",Broker,0
46,0,1,2,1,2,2,"147,31",5107,"0,05",Broker,0
42,0,4,1,2,2,0,"123,23",5164,"0,05",Broker,0
52,0,1,2,1,2,2,"151,83",5212,"0,05",Broker,0
49,0,4,2,1,1,0,"158,34",5224,"0,05",Broker,0
50,0,4,2,1,2,2,"161,21",5242,"0,05",Broker,0
48,0,4,1,2,2,0,"146,45",5302,"0,05",Broker,0
49,0,1,2,1,2,2,"146,46",5363,"0,05",Broker,0
47,0,4,2,1,2,2,"148,18",5564,"0,05",Broker,1
50,0,4,2,1,1,0,"151,64",5567,"0,05",Broker,0
47,0,1,2,1,1,2,"139,44",5575,"0,05",Broker,0
61,0,4,2,1,1,2,"180,00",5623,"0,05",Broker,0
56,0,4,2,1,2,0,"171,55",5624,"0,05",Broker,0
57,0,4,2,2,2,2,"172,15",5631,"0,05",Broker,0
62,0,4,2,1,1,2,"180,00",5653,"0,05",Broker,0
42,0,4,2,4,4,2,"130,72",5727,"0,05",Broker,0
42,0,4,2,4,4,2,"133,65",5816,"0,05",Broker,0
50,0,4,1,1,1,2,"153,67",5819,"0,05",Broker,0
43,0,1,2,2,2,0,"136,53",5844,"0,05",Broker,0
65,0,4,2,4,4,0,"180,00",5936,"0,05",Broker,0
53,0,4,2,4,4,2,"168,44",5949,"0,05",Broker,0
49,0,4,2,1,2,0,"159,03",6034,"0,05",Broker,1
55,0,1,2,2,2,0,"168,30",6186,"0,05",Broker,0
64,0,4,2,1,2,2,"180,00",6220,"0,05",Broker,0
45,0,4,1,1,1,2,"142,17",6273,"0,05",Broker,0
46,0,4,1,1,1,2,"133,49",6297,"0,05",Broker,0
58,0,4,1,4,4,2,"172,54",6372,"0,05",Broker,0
46,0,1,1,2,2,2,"141,43",6386,"0,05",Broker,0
46,0,4,1,1,2,2,"147,28",6522,"0,05",Broker,0
46,0,4,2,1,1,2,"150,30",6526,"0,05",Broker,0
50,0,1,2,4,4,2,"153,63",6532,"0,05",Broker,0
49,0,1,1,1,2,0,"151,93",6593,"0,05",Broker,0
45,0,1,2,4,4,2,"148,33",6605,"0,05",Broker,0
46,0,1,1,4,4,2,"138,53",6606,"0,05",Broker,0
47,0,4,2,1,2,0,"147,39",6684,"0,05",Broker,1
43,0,4,1,2,2,2,"132,72",6717,"0,05",Broker,0
41,0,4,1,4,4,2,"131,68",6732,"0,05",Broker,0
45,0,4,1,1,1,2,"143,48",6733,"0,05",Broker,0
53,0,1,2,4,4,2,"163,47",6772,"0,05",Broker,0
46,0,1,1,1,1,2,"146,09",6810,"0,05",Broker,0
56,0,1,1,1,1,0,"169,22",6886,"0,05",Broker,0
48,0,1,2,2,2,2,"151,04",6905,"0,05",Broker,0
59,0,1,2,2,2,2,"179,55",6919,"0,05",Broker,0
41,0,1,2,1,1,2,"131,71",6962,"0,05",Broker,0
40,0,1,2,1,2,3,"124,81",7024,"0,05",Facebook,1
44,0,4,1,4,4,0,"134,14",7036,"0,05",Broker,0
44,0,4,1,1,2,0,"139,14",7055,"0,05",Broker,0
48,0,4,1,1,1,2,"154,86",7101,"0,05",Broker,1
54,0,4,2,1,1,2,"167,26",7116,"0,05",Broker,0
58,0,4,1,2,2,0,"178,88",7154,"0,05",Broker,0
48,0,1,1,4,4,2,"144,97",7236,"0,05",Broker,0
52,0,4,1,1,1,3,"170,13",7240,"0,05",Broker,0
58,0,4,2,1,2,2,"180,00",7324,"0,05",Broker,0
42,0,4,2,2,2,0,"137,30",7328,"0,05",Broker,0
44,0,1,2,4,4,2,"133,73",7384,"0,05",Broker,0
61,0,4,2,1,1,0,"180,00",7389,"0,05",Broker,0
50,0,1,1,2,2,2,"166,30",7412,"0,05",Broker,0
63,0,1,2,1,2,2,"180,00",7453,"0,05",Broker,0
52,0,1,1,4,4,2,"165,21",7493,"0,05",Broker,0
59,0,4,2,1,1,2,"180,00",7706,"0,05",Broker,1
56,0,1,2,1,2,2,"168,03",7766,"0,05",Broker,1
42,0,1,2,1,1,2,"129,40",7769,"0,05",Broker,0
60,0,4,1,1,2,3,"177,42",7850,"0,05",Broker,0
49,0,4,1,1,2,2,"156,92",7866,"0,05",Broker,0
48,0,1,2,4,4,2,"152,17",7902,"0,05",Broker,0
57,0,4,1,4,4,2,"176,79",7936,"0,05",Broker,0
60,0,4,1,1,1,3,"180,00",7950,"0,05",Broker,1
52,0,1,1,4,4,0,"162,28",8040,"0,05",Broker,0
41,0,4,2,1,1,0,"134,32",8061,"0,05",Broker,1
57,0,1,2,2,2,2,"171,52",8163,"0,05",Broker,0
53,0,4,2,1,2,2,"172,86",8201,"0,05",Broker,0
59,0,4,1,1,1,2,"180,00",8225,"0,05",Broker,0
42,0,1,2,4,4,2,"139,82",8260,"0,05",Broker,0
59,0,1,2,1,1,2,"172,99",8294,"0,05",Broker,1
61,0,4,2,2,2,2,"180,00",8295,"0,05",Broker,0
62,0,1,2,1,2,0,"180,00",8309,"0,05",Broker,0
40,0,4,1,1,2,0,"125,22",8320,"0,05",Facebook,0
51,0,4,2,1,1,0,"157,46",8331,"0,05",Broker,0
56,0,4,2,1,1,2,"161,58",8379,"0,05",Broker,0
43,0,1,2,1,1,2,"137,27",8408,"0,05",Broker,0
60,0,1,1,1,2,2,"180,00",8414,"0,05",Broker,0
47,0,1,1,2,2,2,"142,13",8478,"0,05",Broker,1
44,0,1,1,1,1,0,"139,64",8483,"0,05",Broker,0
55,0,4,2,1,2,2,"178,84",8532,"0,05",Broker,0
57,0,4,1,1,1,0,"180,00",8556,"0,05",Broker,0
46,0,1,2,1,1,2,"144,69",8630,"0,05",Broker,1
43,0,1,2,1,1,2,"133,74",8634,"0,05",Broker,0
54,0,4,2,1,1,2,"164,67",8666,"0,05",Broker,0
52,0,4,2,1,1,0,"165,38",8725,"0,05",Broker,0
41,0,1,2,1,2,3,"130,85",8726,"0,05",Broker,0
55,0,1,1,2,2,2,"167,39",8800,"0,05",Broker,0
40,0,4,2,1,2,2,"123,62",8827,"0,05",Facebook,0
45,0,4,2,4,4,3,"133,15",8837,"0,05",Broker,0
50,0,1,2,1,2,0,"155,03",8849,"0,05",Broker,0
44,0,4,2,2,2,0,"138,44",8851,"0,05",Broker,0
58,0,4,2,1,1,2,"172,94",8858,"0,05",Broker,0
58,0,4,1,1,2,2,"172,86",8859,"0,05",Broker,0
41,0,4,2,2,2,0,"126,77",8867,"0,05",Broker,0
43,0,4,2,4,4,2,"134,67",8873,"0,05",Broker,0
47,0,1,1,4,4,0,"146,91",8925,"0,05",Broker,0
49,0,4,2,1,1,0,"149,11",9043,"0,05",Broker,0
53,0,1,2,1,1,2,"157,72",9079,"0,05",Broker,1
47,0,4,1,1,1,0,"154,89",9135,"0,05",Broker,1
50,0,4,2,1,1,2,"154,98",9234,"0,05",Broker,1
50,0,1,1,2,2,2,"159,14",9256,"0,05",Broker,0
47,0,4,1,1,2,0,"149,71",9272,"0,05",Broker,0
59,0,1,1,1,2,2,"180,00",9275,"0,05",Broker,0
44,0,1,2,1,2,0,"135,37",9282,"0,05",Broker,1
42,0,4,1,4,4,0,"132,94",9298,"0,05",Broker,0
58,0,4,2,2,2,2,"172,61",9385,"0,05",Broker,0
54,0,1,1,4,4,0,"163,57",9405,"0,05",Broker,0
53,0,4,1,1,1,2,"167,79",9500,"0,05",Broker,0
46,0,1,1,2,2,2,"139,02",9533,"0,05",Broker,0
54,0,1,1,1,1,2,"160,93",9569,"0,05",Broker,1
52,0,1,1,1,1,2,"168,58",9574,"0,05",Broker,0
42,0,1,1,1,1,2,"139,51",9619,"0,05",Broker,1
53,0,4,1,1,1,2,"164,51",9624,"0,05",Broker,0
45,0,4,2,1,2,3,"142,71",9704,"0,05",Broker,0
43,0,1,2,1,2,2,"135,64",9734,"0,05",Broker,1
41,0,4,1,1,2,2,"126,68",9737,"0,05",Broker,0
62,0,4,2,1,2,2,"180,00",9802,"0,05",Broker,0
53,0,1,1,1,1,2,"158,36",9824,"0,05",Broker,0
45,0,1,2,1,1,2,"143,05",9838,"0,05",Broker,0
65,0,4,2,1,2,0,"180,00",9898,"0,05",Broker,0
54,0,4,1,2,2,2,"175,96",9914,"0,05",Broker,0
43,0,4,2,1,2,0,"132,98",9923,"0,05",Broker,1
50,0,1,2,1,1,0,"153,44",9978,"0,05",Broker,1
40,0,1,3,3,3,1,"123,90",126,"0,05",Facebook,0
44,0,4,3,3,3,1,"137,46",414,"0,05",Broker,0
56,0,1,3,3,3,1,"178,72",450,"0,05",Broker,0
61,0,4,3,3,3,1,"180,00",728,"0,05",Broker,0
61,0,4,3,3,3,1,"180,00",837,"0,05",Broker,0
59,0,1,3,3,3,1,"180,00",872,"0,05",Broker,0
59,0,1,3,3,3,1,"180,00",1038,"0,05",Broker,0
47,0,1,3,3,3,1,"152,77",1045,"0,05",Broker,0
53,0,4,3,3,3,1,"164,49",2358,"0,05",Broker,0
60,0,4,3,3,3,1,"180,00",2459,"0,05",Broker,0
64,0,4,3,3,3,1,"180,00",3045,"0,05",Broker,0
55,0,4,3,3,3,1,"174,16",3103,"0,05",Broker,0
40,0,4,3,3,3,1,"126,25",4346,"0,05",Facebook,0
41,0,1,3,3,3,1,"132,12",4735,"0,05",Broker,0
54,0,1,3,3,3,1,"157,92",4784,"0,05",Broker,0
45,0,4,3,3,3,1,"142,38",4873,"0,05",Broker,0
51,0,4,3,3,3,1,"164,22",5857,"0,05",Broker,0
53,0,1,3,3,3,1,"161,86",6274,"0,05",Broker,0
48,0,1,3,3,3,1,"142,83",6335,"0,05",Broker,0
50,0,1,3,3,3,1,"154,81",6389,"0,05",Broker,0
54,0,4,3,3,3,1,"163,20",6410,"0,05",Broker,0
43,0,4,3,3,3,1,"139,70",7194,"0,05",Broker,0
43,0,4,3,3,3,1,"139,10",7213,"0,05",Broker,0
42,0,4,3,3,3,1,"122,88",7230,"0,05",Broker,0
46,0,4,3,3,3,1,"136,80",7462,"0,05",Broker,0
46,0,4,3,3,3,1,"141,52",7468,"0,05",Broker,0
45,0,4,3,3,3,1,"137,55",7675,"0,05",Broker,0
47,0,4,3,3,3,1,"145,65",8293,"0,05",Broker,0
62,0,1,3,3,3,1,"180,00",8365,"0,05",Broker,0
45,0,4,3,3,3,1,"153,01",8719,"0,05",Broker,0
54,0,1,3,3,3,1,"171,38",8894,"0,05",Broker,0
44,0,4,3,3,3,1,"135,37",8994,"0,05",Broker,0
56,0,1,3,3,3,1,"176,95",9764,"0,05",Broker,0
52,0,1,3,3,3,0,"172,14",125,"0,05",Broker,0
50,0,4,3,3,3,2,"158,34",244,"0,05",Broker,0
60,0,4,3,3,3,3,"180,00",318,"0,05",Broker,0
45,0,4,3,3,3,0,"133,68",336,"0,05",Broker,0
48,0,1,3,3,3,2,"153,69",455,"0,05",Broker,0
45,0,1,3,3,3,2,"131,73",546,"0,05",Broker,0
43,0,4,3,3,3,0,"134,26",670,"0,05",Broker,0
58,0,4,3,3,3,0,"175,46",1080,"0,05",Broker,0
47,0,1,3,3,3,2,"139,68",1400,"0,05",Broker,0
42,0,4,3,3,3,2,"126,41",1433,"0,05",Broker,0
42,0,4,3,3,3,3,"133,13",1452,"0,05",Broker,0
46,0,1,3,3,3,2,"139,81",1592,"0,05",Broker,0
57,0,1,3,3,3,2,"175,69",1711,"0,05",Broker,0
57,0,1,3,3,3,0,"177,20",1725,"0,05",Broker,0
44,0,1,3,3,3,2,"135,41",1880,"0,05",Broker,0
47,0,1,3,3,3,2,"141,38",1921,"0,05",Broker,1
49,0,1,3,3,3,3,"158,09",2225,"0,05",Broker,0
61,0,1,3,3,3,0,"180,00",2952,"0,05",Broker,0
49,0,1,3,3,3,2,"158,56",2993,"0,05",Broker,0
49,0,1,3,3,3,2,"156,71",3125,"0,05",Broker,0
59,0,1,3,3,3,2,"178,81",3129,"0,05",Broker,0
51,0,1,3,3,3,2,"156,89",3888,"0,05",Broker,0
41,0,4,3,3,3,0,"122,77",4010,"0,05",Broker,0
55,0,4,3,3,3,2,"171,46",4033,"0,05",Broker,0
56,0,4,3,3,3,0,"170,41",4093,"0,05",Broker,0
52,0,1,3,3,3,2,"158,52",4149,"0,05",Broker,0
43,0,1,3,3,3,2,"138,08",4191,"0,05",Broker,0
62,0,4,3,3,3,2,"180,00",4217,"0,05",Broker,0
40,0,4,3,3,3,2,"125,37",4464,"0,05",Facebook,0
60,0,1,3,3,3,2,"180,00",4547,"0,05",Broker,0
43,0,4,3,3,3,3,"133,79",4624,"0,05",Broker,0
44,0,1,3,3,3,0,"142,73",4809,"0,05",Broker,0
45,0,4,3,3,3,2,"151,50",4863,"0,05",Broker,0
47,0,4,3,3,3,2,"152,88",4876,"0,05",Broker,0
55,0,4,3,3,3,2,"168,03",4888,"0,05",Broker,0
47,0,4,3,3,3,0,"149,79",4956,"0,05",Broker,0
50,0,1,3,3,3,2,"150,31",5009,"0,05",Broker,0
43,0,4,3,3,3,2,"129,51",5538,"0,05",Broker,0
47,0,4,3,3,3,0,"140,18",5755,"0,05",Broker,0
54,0,4,3,3,3,0,"171,16",5967,"0,05",Broker,0
58,0,4,3,3,3,2,"180,00",6207,"0,05",Broker,0
53,0,4,3,3,3,2,"169,86",6347,"0,05",Broker,0
45,0,1,3,3,3,2,"133,02",6379,"0,05",Broker,0
54,0,4,3,3,3,0,"163,46",6556,"0,05",Broker,0
42,0,4,3,3,3,2,"139,32",6565,"0,05",Broker,0
64,0,1,3,3,3,2,"180,00",6607,"0,05",Broker,0
46,0,4,3,3,3,3,"144,38",6809,"0,05",Broker,0
56,0,1,3,3,3,2,"171,40",7220,"0,05",Broker,0
49,0,1,3,3,3,0,"147,74",7302,"0,05",Broker,0
53,0,4,3,3,3,2,"162,64",7313,"0,05",Broker,0
41,0,1,3,3,3,2,"119,76",7351,"0,05",Broker,0
46,0,1,3,3,3,2,"136,52",7393,"0,05",Broker,0
49,0,4,3,3,3,2,"160,79",7729,"0,05",Broker,0
51,0,1,3,3,3,0,"158,90",7776,"0,05",Broker,0
62,0,4,3,3,3,2,"180,00",7854,"0,05",Broker,0
44,0,1,3,3,3,2,"139,53",7871,"0,05",Broker,0
53,0,4,3,3,3,3,"160,83",7916,"0,05",Broker,0
59,0,4,3,3,3,0,"180,00",7985,"0,05",Broker,0
60,0,1,3,3,3,0,"178,98",8158,"0,05",Broker,0
44,0,4,3,3,3,0,"139,04",8363,"0,05",Broker,0
42,0,4,3,3,3,0,"129,46",8564,"0,05",Broker,0
44,0,4,3,3,3,2,"141,09",8589,"0,05",Broker,0
51,0,1,3,3,3,3,"171,53",9179,"0,05",Broker,0
41,0,1,3,3,3,0,"124,67",9251,"0,05",Broker,0
47,0,1,3,3,3,0,"147,41",9998,"0,05",Broker,0
49,0,4,3,3,4,1,"151,62",1760,"0,05",Broker,0
56,0,4,3,3,4,1,"171,84",3628,"0,05",Broker,0
45,0,4,3,3,4,1,"147,79",3895,"0,05",Broker,0
56,0,4,3,3,4,1,"178,12",4324,"0,05",Broker,0
41,0,4,3,3,4,1,"137,96",5188,"0,05",Broker,0
57,0,1,3,3,4,1,"180,00",5440,"0,05",Broker,0
59,0,4,3,3,4,1,"175,46",5955,"0,05",Broker,0
52,0,4,3,3,4,1,"156,30",6095,"0,05",Broker,0
45,0,4,3,3,4,1,"141,85",6751,"0,05",Broker,0
45,0,1,3,3,4,1,"150,02",6911,"0,05",Broker,0
47,0,4,3,3,4,1,"152,38",7182,"0,05",Broker,0
47,0,4,3,3,4,1,"150,24",7681,"0,05",Broker,0
46,0,1,3,3,4,1,"142,82",8044,"0,05",Broker,0
61,0,4,3,3,4,1,"180,00",8358,"0,05",Broker,0
46,0,1,3,3,4,1,"145,60",9088,"0,05",Broker,0
42,0,4,3,3,4,1,"136,10",9223,"0,05",Broker,0
62,0,1,3,3,4,0,"180,00",76,"0,05",Broker,0
41,0,4,3,3,4,2,"134,69",149,"0,05",Broker,0
47,0,4,3,3,4,2,"152,33",169,"0,05",Broker,0
53,0,1,3,3,4,0,"166,41",1007,"0,05",Broker,0
41,0,1,3,3,4,2,"129,62",1339,"0,05",Broker,0
53,0,1,3,3,4,2,"159,29",1429,"0,05",Broker,0
63,0,4,3,3,4,2,"180,00",1533,"0,05",Broker,0
44,0,1,3,3,4,2,"132,77",2437,"0,05",Broker,0
49,0,4,3,3,4,2,"150,86",2600,"0,05",Broker,0
46,0,1,3,3,4,0,"145,76",2786,"0,05",Broker,0
45,0,1,3,3,4,2,"147,23",2980,"0,05",Broker,0
45,0,1,3,3,4,2,"143,93",3300,"0,05",Broker,0
41,0,4,3,3,4,2,"126,72",3664,"0,05",Broker,0
42,0,1,3,3,4,2,"129,74",3944,"0,05",Broker,0
42,0,4,3,3,4,2,"131,42",4012,"0,05",Broker,0
54,0,4,3,3,4,0,"167,44",4239,"0,05",Broker,0
44,0,4,3,3,4,0,"133,70",4457,"0,05",Broker,0
63,0,1,3,3,4,2,"180,00",4670,"0,05",Broker,0
44,0,1,3,3,4,2,"132,47",5289,"0,05",Broker,0
61,0,4,3,3,4,2,"180,00",5471,"0,05",Broker,0
65,0,1,3,3,4,0,"180,00",6429,"0,05",Broker,0
54,0,1,3,3,4,2,"168,63",6619,"0,05",Broker,0
44,0,4,3,3,4,2,"139,55",7359,"0,05",Broker,0
42,0,1,3,3,4,2,"128,87",7491,"0,05",Broker,0
58,0,4,3,3,4,0,"176,44",7556,"0,05",Broker,0
46,0,4,3,3,4,2,"141,41",7735,"0,05",Broker,0
45,0,1,3,3,4,0,"140,69",7973,"0,05",Broker,0
55,0,4,3,3,4,2,"168,97",8090,"0,05",Broker,0
58,0,1,3,3,4,0,"180,00",8447,"0,05",Broker,0
56,0,1,3,3,4,3,"169,24",8622,"0,05",Broker,1
54,0,4,3,3,4,2,"177,44",8628,"0,05",Broker,0
50,0,4,3,3,4,2,"162,30",8712,"0,05",Broker,0
46,0,4,3,3,4,0,"140,11",9064,"0,05",Broker,0
60,0,1,3,3,4,2,"180,00",9590,"0,05",Broker,0
62,0,1,3,2,3,1,"180,00",708,"0,05",Broker,0
56,0,4,3,2,3,1,"171,93",2721,"0,05",Broker,0
48,0,4,3,2,3,1,"155,84",6707,"0,05",Broker,0
47,0,1,3,2,3,1,"155,14",8503,"0,05",Broker,0
55,0,1,3,2,3,1,"175,04",9525,"0,05",Broker,0
59,0,4,3,2,3,0,"177,08",2823,"0,05",Broker,0
46,0,1,3,2,3,0,"143,26",3573,"0,05",Broker,0
49,0,1,3,2,3,2,"156,09",5805,"0,05",Broker,0
45,0,4,3,2,3,2,"142,24",8289,"0,05",Broker,0
52,0,1,3,2,3,2,"158,52",9974,"0,05",Broker,0
41,0,1,3,1,1,1,"128,99",24,"0,05",Broker,0
56,0,1,3,1,1,1,"170,15",41,"0,05",Broker,0
45,0,1,3,1,1,1,"149,30",72,"0,05",Broker,0
43,0,4,3,4,4,1,"146,16",171,"0,05",Broker,0
54,0,1,3,4,4,1,"167,25",236,"0,05",Broker,0
55,0,1,3,4,4,1,"179,46",242,"0,05",Broker,0
61,0,4,3,4,4,1,"180,00",914,"0,05",Broker,0
45,0,1,3,2,2,1,"136,44",918,"0,05",Broker,0
48,0,4,3,1,2,1,"159,36",1314,"0,05",Broker,0
58,0,4,3,1,1,1,"175,77",1490,"0,05",Broker,0
53,0,4,3,2,2,1,"164,24",1821,"0,05",Broker,0
49,0,4,3,1,1,1,"154,54",2200,"0,05",Broker,0
44,0,4,3,1,2,1,"147,62",2456,"0,05",Broker,0
45,0,1,3,4,4,1,"139,02",2475,"0,05",Broker,0
47,0,1,3,1,1,1,"150,16",2862,"0,05",Broker,0
44,0,1,3,4,4,1,"141,40",2872,"0,05",Broker,0
55,0,1,3,4,4,1,"165,09",2880,"0,05",Broker,0
56,0,4,3,1,1,1,"177,83",2915,"0,05",Broker,0
64,0,1,3,1,2,1,"180,00",3169,"0,05",Broker,0
52,0,4,3,4,4,1,"160,67",3476,"0,05",Broker,0
44,0,4,3,1,1,1,"134,40",3677,"0,05",Broker,0
43,0,4,3,2,2,1,"130,04",3830,"0,05",Broker,0
57,0,4,3,2,2,1,"172,91",3957,"0,05",Broker,0
53,0,1,3,1,2,1,"163,00",4036,"0,05",Broker,0
57,0,1,3,1,2,1,"180,00",4105,"0,05",Broker,0
51,0,1,3,1,1,1,"157,38",4194,"0,05",Broker,0
51,0,4,3,1,2,1,"163,40",4318,"0,05",Broker,0
42,0,1,3,4,4,1,"133,37",4365,"0,05",Broker,0
40,0,1,3,1,2,1,"133,46",4478,"0,05",Facebook,0
41,0,4,3,2,2,1,"135,91",4557,"0,05",Broker,0
51,0,1,3,1,2,1,"158,88",4640,"0,05",Broker,0
63,0,4,3,1,2,1,"180,00",4851,"0,05",Broker,0
47,0,1,3,1,1,1,"143,92",4921,"0,05",Broker,0
46,0,4,3,1,1,1,"147,12",5858,"0,05",Broker,1
48,0,1,3,1,1,1,"147,38",5905,"0,05",Broker,0
51,0,1,3,2,2,1,"165,90",5972,"0,05",Broker,0
63,0,4,3,1,2,1,"180,00",5992,"0,05",Broker,0
50,0,4,3,4,4,1,"154,42",5995,"0,05",Broker,0
50,0,1,3,4,4,1,"156,84",6170,"0,05",Broker,0
53,0,1,3,4,4,1,"167,56",6234,"0,05",Broker,0
49,0,4,3,1,2,1,"146,11",6368,"0,05",Broker,0
42,0,1,3,2,2,1,"128,18",6621,"0,05",Broker,0
58,0,1,3,1,2,1,"180,00",6652,"0,05",Broker,0
45,0,4,3,4,4,1,"141,03",6742,"0,05",Broker,0
42,0,4,3,1,1,1,"140,53",6788,"0,05",Broker,0
57,0,1,3,1,2,1,"180,00",6878,"0,05",Broker,0
46,0,4,3,1,2,1,"140,95",7087,"0,05",Broker,0
51,0,4,3,1,1,1,"164,21",7270,"0,05",Broker,0
51,0,4,3,1,2,1,"164,54",7480,"0,05",Broker,0
40,0,4,3,1,2,1,"126,40",7495,"0,05",Facebook,0
40,0,4,3,1,1,1,"125,53",7653,"0,05",Facebook,1
58,0,1,3,4,4,1,"178,69",7741,"0,05",Broker,0
41,0,4,3,1,1,1,"133,55",8016,"0,05",Broker,0
42,0,4,3,1,2,1,"139,28",8161,"0,05",Broker,0
51,0,1,3,4,4,1,"156,96",8179,"0,05",Broker,0
47,0,1,3,4,4,1,"149,02",8319,"0,05",Broker,1
58,0,1,3,1,1,1,"180,00",8562,"0,05",Broker,0
42,0,4,3,1,2,1,"136,27",8623,"0,05",Broker,0
48,0,1,3,1,1,1,"150,97",8856,"0,05",Broker,0
41,0,1,3,2,2,1,"125,95",9121,"0,05",Broker,0
56,0,1,3,1,2,1,"175,20",9151,"0,05",Broker,0
53,0,1,3,1,1,1,"163,32",9219,"0,05",Broker,0
64,0,4,3,1,1,1,"180,00",9326,"0,05",Broker,0
51,0,4,3,4,4,1,"169,97",9709,"0,05",Broker,0
40,0,1,3,1,2,1,"130,69",9837,"0,05",Facebook,0
57,0,1,3,1,2,0,"174,31",134,"0,05",Broker,0
57,0,4,3,1,1,2,"177,59",147,"0,05",Broker,0
50,0,1,3,1,1,2,"158,02",185,"0,05",Broker,0
41,0,1,3,2,2,0,"127,90",262,"0,05",Broker,0
45,0,4,3,2,2,0,"144,64",406,"0,05",Broker,0
59,0,1,3,1,1,2,"180,00",464,"0,05",Broker,0
45,0,1,3,4,4,2,"135,84",527,"0,05",Broker,0
55,0,1,3,2,2,0,"160,45",911,"0,05",Broker,0
58,0,1,3,1,1,0,"180,00",1127,"0,05",Broker,0
41,0,1,3,2,2,0,"135,77",1141,"0,05",Broker,0
44,0,4,3,1,1,2,"138,45",1356,"0,05",Broker,0
49,0,1,3,1,1,2,"144,33",1421,"0,05",Broker,0
44,0,4,3,1,1,2,"138,50",1438,"0,05",Broker,0
42,0,1,3,4,4,0,"130,64",1478,"0,05",Broker,0
45,0,4,3,1,1,2,"144,57",1700,"0,05",Broker,0
47,0,4,3,1,2,2,"149,02",1709,"0,05",Broker,0
50,0,4,3,2,2,0,"155,31",1826,"0,05",Broker,0
44,0,4,3,4,4,2,"148,89",1852,"0,05",Broker,0
45,0,1,3,4,4,2,"132,64",1904,"0,05",Broker,0
48,0,1,3,1,1,2,"144,56",1916,"0,05",Broker,0
51,0,4,3,1,1,0,"163,32",2096,"0,05",Broker,0
46,0,1,3,4,4,3,"135,55",2127,"0,05",Broker,0
41,0,4,3,1,2,2,"131,33",2199,"0,05",Broker,0
54,0,1,3,4,4,0,"169,93",2415,"0,05",Broker,1
50,0,4,3,2,2,2,"167,91",2450,"0,05",Broker,0
51,0,1,3,1,1,2,"154,41",2573,"0,05",Broker,0
45,0,1,3,1,1,0,"136,17",2646,"0,05",Broker,0
42,0,4,3,1,2,2,"132,22",2824,"0,05",Broker,0
40,0,1,3,1,1,3,"121,87",2849,"0,05",Facebook,0
64,0,1,3,1,1,2,"180,00",2888,"0,05",Broker,0
44,0,4,3,4,4,0,"138,40",2994,"0,05",Broker,0
45,0,4,3,4,4,2,"137,88",3034,"0,05",Broker,0
48,0,1,3,1,2,0,"147,73",3143,"0,05",Broker,0
40,0,1,3,1,1,2,"130,65",3340,"0,05",Facebook,0
49,0,4,3,4,4,3,"151,74",3434,"0,05",Broker,0
53,0,1,3,1,1,2,"167,34",3444,"0,05",Broker,0
44,0,4,3,2,2,0,"138,17",3535,"0,05",Broker,0
42,0,1,3,4,4,2,"135,34",3737,"0,05",Broker,0
44,0,1,3,2,2,0,"143,03",3765,"0,05",Broker,0
54,0,1,3,1,1,2,"165,77",3892,"0,05",Broker,0
46,0,1,3,1,2,2,"136,49",3974,"0,05",Broker,0
44,0,1,3,1,1,2,"145,35",3975,"0,05",Broker,0
46,0,1,3,1,2,2,"139,16",4054,"0,05",Broker,0
50,0,4,3,1,1,2,"157,47",4101,"0,05",Broker,0
51,0,4,3,4,4,2,"157,96",4167,"0,05",Broker,0
50,0,4,3,4,4,3,"159,74",4207,"0,05",Broker,0
50,0,1,3,1,1,2,"155,37",4366,"0,05",Broker,0
50,0,4,3,1,1,2,"158,45",4517,"0,05",Broker,0
44,0,4,3,4,4,2,"137,65",4528,"0,05",Broker,0
51,0,1,3,1,2,2,"161,74",4754,"0,05",Broker,0
41,0,4,3,4,4,2,"121,13",4874,"0,05",Broker,0
48,0,1,3,4,4,0,"142,87",4898,"0,05",Broker,0
50,0,1,3,1,1,2,"162,13",4906,"0,05",Broker,0
53,0,4,3,1,1,2,"153,18",4939,"0,05",Broker,0
56,0,1,3,2,2,2,"180,00",4988,"0,05",Broker,0
41,0,4,3,1,2,2,"121,61",5045,"0,05",Broker,0
59,0,1,3,2,2,2,"180,00",5049,"0,05",Broker,0
42,0,4,3,4,4,0,"120,82",5660,"0,05",Broker,0
49,0,4,3,4,4,2,"155,07",5800,"0,05",Broker,0
40,0,1,3,4,4,2,"127,27",5944,"0,05",Facebook,0
54,0,4,3,1,2,2,"171,54",6136,"0,05",Broker,0
46,0,1,3,1,2,0,"137,21",6145,"0,05",Broker,0
44,0,1,3,2,2,2,"139,29",6233,"0,05",Broker,0
61,0,1,3,4,4,2,"180,00",6295,"0,05",Broker,0
48,0,1,3,2,2,2,"147,39",6407,"0,05",Broker,0
50,0,1,3,1,1,0,"152,93",6436,"0,05",Broker,0
47,0,4,3,1,1,0,"146,33",6443,"0,05",Broker,0
60,0,1,3,1,2,2,"180,00",6450,"0,05",Broker,0
41,0,1,3,2,2,0,"128,47",6473,"0,05",Broker,0
44,0,1,3,1,1,2,"141,95",6503,"0,05",Broker,0
58,0,4,3,1,2,2,"180,00",6625,"0,05",Broker,0
44,0,4,3,2,2,2,"135,18",6654,"0,05",Broker,0
49,0,1,3,4,4,2,"148,01",6664,"0,05",Broker,0
51,0,1,3,1,1,0,"152,77",6915,"0,05",Broker,0
57,0,1,3,4,4,2,"179,15",6999,"0,05",Broker,0
51,0,1,3,1,2,2,"166,30",7112,"0,05",Broker,0
40,0,1,3,4,4,2,"117,02",7175,"0,05",www,0
44,0,4,3,1,1,3,"128,92",7231,"0,05",Broker,0
44,0,1,3,1,1,2,"139,75",7245,"0,05",Broker,0
41,0,1,3,2,2,2,"119,98",7392,"0,05",Broker,0
43,0,4,3,1,1,2,"134,87",7500,"0,05",Broker,0
41,0,4,3,1,1,0,"132,78",7510,"0,05",Broker,0
45,0,1,3,1,1,0,"147,59",7635,"0,05",Broker,0
44,0,4,3,4,4,2,"140,31",7969,"0,05",Broker,0
46,0,4,3,4,4,2,"145,29",8039,"0,05",Broker,0
44,0,1,3,4,4,2,"141,60",8083,"0,05",Broker,0
59,0,4,3,1,1,2,"177,09",8118,"0,05",Broker,0
42,0,1,3,4,4,2,"134,60",8183,"0,05",Broker,0
52,0,4,3,1,2,2,"164,34",8465,"0,05",Broker,0
41,0,1,3,1,1,2,"128,26",8476,"0,05",Broker,0
55,0,1,3,1,2,2,"169,42",8524,"0,05",Broker,0
44,0,1,3,1,1,0,"135,75",8635,"0,05",Broker,0
44,0,1,3,4,4,2,"136,24",8715,"0,05",Broker,0
48,0,1,3,1,1,2,"140,87",8809,"0,05",Broker,0
52,0,1,3,1,1,2,"161,83",8896,"0,05",Broker,0
48,0,1,3,4,4,0,"141,96",8939,"0,05",Broker,0
46,0,4,3,4,4,0,"149,50",8969,"0,05",Broker,0
58,0,4,3,1,2,2,"180,00",9073,"0,05",Broker,0
47,0,4,3,1,1,2,"146,47",9124,"0,05",Broker,0
60,0,4,3,4,4,0,"180,00",9129,"0,05",Broker,0
62,0,4,3,1,2,2,"180,00",9358,"0,05",Broker,0
57,0,1,3,2,2,2,"180,00",9586,"0,05",Broker,0
49,0,4,3,2,2,2,"156,49",9673,"0,05",Broker,0
57,0,4,3,1,2,2,"180,00",9693,"0,05",Broker,0
41,0,1,3,4,4,2,"126,35",9859,"0,05",Broker,0
52,0,1,3,4,4,2,"153,57",9905,"0,05",Broker,0
48,0,4,4,3,3,1,"152,44",265,"0,05",Broker,0
56,0,4,4,3,3,1,"175,90",363,"0,05",Broker,0
52,0,1,4,3,3,1,"162,04",561,"0,05",Broker,0
56,0,1,4,3,3,1,"180,00",982,"0,05",Broker,0
44,0,1,4,3,3,1,"141,31",1165,"0,05",Broker,0
51,0,1,4,3,3,1,"159,18",1269,"0,05",Broker,0
41,0,1,4,3,3,1,"125,09",1437,"0,05",Broker,0
62,0,1,4,3,3,1,"180,00",1554,"0,05",Broker,0
46,0,4,4,3,3,1,"141,55",1838,"0,05",Broker,0
53,0,4,4,3,3,1,"163,28",1884,"0,05",Broker,0
46,0,4,4,3,3,1,"142,28",2286,"0,05",Broker,0
64,0,4,4,3,3,1,"180,00",2300,"0,05",Broker,0
43,0,4,4,3,3,1,"136,59",2407,"0,05",Broker,0
62,0,4,4,3,3,1,"180,00",2440,"0,05",Broker,0
42,0,4,4,3,3,1,"137,43",3424,"0,05",Broker,0
47,0,4,4,3,3,1,"144,81",3488,"0,05",Broker,0
44,0,1,4,3,3,1,"136,72",3492,"0,05",Broker,0
40,0,4,4,3,3,1,"125,69",4400,"0,05",Facebook,0
42,0,4,4,3,3,1,"129,91",4549,"0,05",Broker,0
52,0,1,4,3,3,1,"176,63",4637,"0,05",Broker,0
50,0,4,4,3,3,1,"150,29",5006,"0,05",Broker,0
48,0,4,4,3,3,1,"153,12",5152,"0,05",Broker,0
42,0,4,4,3,3,1,"140,98",5199,"0,05",Broker,0
43,0,1,4,3,3,1,"126,91",5298,"0,05",Broker,0
44,0,4,4,3,3,1,"132,50",5920,"0,05",Broker,0
47,0,4,4,3,3,1,"146,65",6293,"0,05",Broker,0
48,0,1,4,3,3,1,"145,83",6320,"0,05",Broker,0
42,0,4,4,3,3,1,"135,43",6638,"0,05",Broker,0
48,0,4,4,3,3,1,"151,56",6847,"0,05",Broker,0
55,0,4,4,3,3,1,"179,24",7620,"0,05",Broker,0
63,0,4,4,3,3,1,"180,00",8005,"0,05",Broker,0
47,0,1,4,3,3,1,"140,63",8234,"0,05",Broker,0
44,0,1,4,3,3,1,"135,43",8489,"0,05",Broker,0
59,0,1,4,3,3,1,"180,00",8683,"0,05",Broker,0
49,0,1,4,3,3,1,"146,53",9517,"0,05",Broker,0
54,0,1,4,3,3,1,"164,99",9630,"0,05",Broker,0
50,0,4,4,3,3,1,"154,63",9857,"0,05",Broker,0
54,0,1,4,3,3,1,"169,13",9950,"0,05",Broker,0
50,0,4,4,3,3,2,"158,25",148,"0,05",Broker,0
47,0,1,4,3,3,3,"143,48",403,"0,05",Broker,0
53,0,4,4,3,3,2,"166,48",661,"0,05",Broker,0
45,0,1,4,3,3,3,"137,48",943,"0,05",Broker,0
57,0,1,4,3,3,2,"180,00",1129,"0,05",Broker,0
56,0,1,4,3,3,2,"167,85",1254,"0,05",Broker,0
55,0,1,4,3,3,0,"173,49",1296,"0,05",Broker,0
44,0,1,4,3,3,0,"129,94",1422,"0,05",Broker,0
44,0,1,4,3,3,0,"136,39",1606,"0,05",Broker,0
47,0,4,4,3,3,0,"142,47",1677,"0,05",Broker,0
58,0,1,4,3,3,3,"178,19",1685,"0,05",Broker,0
47,0,4,4,3,3,2,"141,74",1702,"0,05",Broker,0
51,0,4,4,3,3,2,"171,26",1795,"0,05",Broker,0
43,0,4,4,3,3,2,"131,92",2228,"0,05",Broker,0
58,0,4,4,3,3,2,"180,00",2262,"0,05",Broker,0
50,0,1,4,3,3,0,"140,03",2750,"0,05",Broker,0
58,0,4,4,3,3,0,"179,06",2796,"0,05",Broker,0
40,0,1,4,3,3,2,"125,45",2902,"0,05",Facebook,0
57,0,1,4,3,3,0,"180,00",3113,"0,05",Broker,0
44,0,1,4,3,3,0,"141,55",3144,"0,05",Broker,0
52,0,4,4,3,3,0,"173,83",3223,"0,05",Broker,0
54,0,4,4,3,3,2,"176,85",3411,"0,05",Broker,0
48,0,4,4,3,3,2,"156,31",3566,"0,05",Broker,0
44,0,1,4,3,3,2,"131,02",3716,"0,05",Broker,0
50,0,1,4,3,3,0,"158,63",3940,"0,05",Broker,0
55,0,1,4,3,3,2,"172,67",4120,"0,05",Broker,0
42,0,4,4,3,3,0,"135,67",4152,"0,05",Broker,0
40,0,1,4,3,3,2,"123,82",4234,"0,05",Facebook,0
48,0,4,4,3,3,2,"151,64",4420,"0,05",Broker,0
48,0,4,4,3,3,2,"156,05",4435,"0,05",Broker,0
59,0,1,4,3,3,2,"180,00",4572,"0,05",Broker,0
54,0,1,4,3,3,2,"167,45",4840,"0,05",Broker,0
44,0,4,4,3,3,2,"138,31",5068,"0,05",Broker,0
62,0,4,4,3,3,2,"180,00",5144,"0,05",Broker,0
47,0,4,4,3,3,2,"143,96",5261,"0,05",Broker,0
41,0,4,4,3,3,2,"133,48",5317,"0,05",Broker,0
53,0,4,4,3,3,2,"167,14",5458,"0,05",Broker,0
48,0,1,4,3,3,2,"150,32",5585,"0,05",Broker,0
44,0,4,4,3,3,0,"140,49",5678,"0,05",Broker,0
46,0,4,4,3,3,0,"153,17",5810,"0,05",Broker,0
41,0,4,4,3,3,0,"127,49",5839,"0,05",Broker,0
40,0,1,4,3,3,0,"118,28",5882,"0,05",www,0
49,0,1,4,3,3,0,"149,60",5889,"0,05",Broker,0
61,0,4,4,3,3,2,"180,00",6216,"0,05",Broker,0
59,0,4,4,3,3,0,"179,79",6324,"0,05",Broker,0
49,0,4,4,3,3,0,"151,19",6365,"0,05",Broker,0
43,0,4,4,3,3,2,"134,29",6380,"0,05",Broker,0
49,0,1,4,3,3,3,"152,71",6518,"0,05",Broker,0
46,0,4,4,3,3,2,"133,48",6562,"0,05",Broker,0
45,0,1,4,3,3,2,"136,72",6796,"0,05",Broker,0
40,0,4,4,3,3,2,"125,84",6986,"0,05",Facebook,0
40,0,1,4,3,3,0,"123,72",7388,"0,05",Facebook,0
49,0,4,4,3,3,0,"156,18",7396,"0,05",Broker,0
54,0,4,4,3,3,2,"163,07",7433,"0,05",Broker,0
42,0,4,4,3,3,2,"130,25",7481,"0,05",Broker,0
59,0,1,4,3,3,3,"180,00",7570,"0,05",Broker,0
55,0,4,4,3,3,2,"169,38",7580,"0,05",Broker,0
56,0,4,4,3,3,2,"177,83",7701,"0,05",Broker,0
41,0,4,4,3,3,0,"120,50",7779,"0,05",Broker,0
46,0,1,4,3,3,0,"151,63",7801,"0,05",Broker,0
41,0,4,4,3,3,2,"120,34",7965,"0,05",Broker,1
43,0,4,4,3,3,2,"135,37",8433,"0,05",Broker,0
42,0,4,4,3,3,2,"135,57",8722,"0,05",Broker,0
47,0,1,4,3,3,2,"143,96",9159,"0,05",Broker,0
45,0,4,4,3,3,2,"134,88",9168,"0,05",Broker,0
50,0,4,4,3,3,2,"152,54",9207,"0,05",Broker,0
57,0,4,4,3,3,0,"180,00",9231,"0,05",Broker,0
43,0,4,4,3,3,2,"130,56",9310,"0,05",Broker,0
55,0,4,4,3,3,2,"164,22",9443,"0,05",Broker,0
62,0,4,4,3,3,2,"180,00",9736,"0,05",Broker,0
55,0,1,4,3,3,0,"170,33",9804,"0,05",Broker,0
64,0,4,4,3,3,2,"180,00",9862,"0,05",Broker,0
45,0,4,4,3,3,2,"145,56",9938,"0,05",Broker,0
41,0,4,4,3,4,1,"134,78",609,"0,05",Broker,0
44,0,4,4,3,4,1,"136,55",755,"0,05",Broker,0
45,0,1,4,3,4,1,"144,61",1901,"0,05",Broker,0
44,0,4,4,3,4,1,"128,16",2485,"0,05",Broker,0
46,0,1,4,3,4,1,"153,07",2691,"0,05",Broker,0
63,0,4,4,3,4,1,"180,00",2753,"0,05",Broker,0
42,0,1,4,3,4,1,"116,85",4700,"0,05",Broker,0
56,0,4,4,3,4,1,"179,83",4962,"0,05",Broker,0
42,0,4,4,3,4,1,"129,77",5092,"0,05",Broker,0
54,0,4,4,3,4,1,"166,91",5468,"0,05",Broker,0
43,0,1,4,3,4,1,"147,44",5704,"0,05",Broker,0
43,0,4,4,3,4,1,"139,73",6888,"0,05",Broker,0
59,0,4,4,3,4,1,"178,15",8357,"0,05",Broker,0
58,0,1,4,3,4,1,"174,36",8386,"0,05",Broker,0
43,0,4,4,3,4,1,"136,47",8767,"0,05",Broker,0
43,0,1,4,3,4,1,"131,40",9014,"0,05",Broker,1
48,0,4,4,3,4,1,"147,60",9092,"0,05",Broker,0
57,0,4,4,3,4,1,"179,17",9514,"0,05",Broker,0
60,0,1,4,3,4,1,"180,00",9522,"0,05",Broker,0
44,0,1,4,3,4,2,"131,23",9,"0,05",Broker,0
48,0,4,4,3,4,2,"151,25",143,"0,05",Broker,0
42,0,1,4,3,4,2,"126,14",477,"0,05",Broker,0
59,0,4,4,3,4,2,"180,00",478,"0,05",Broker,0
63,0,4,4,3,4,2,"180,00",995,"0,05",Broker,0
50,0,1,4,3,4,0,"162,66",1106,"0,05",Broker,0
47,0,4,4,3,4,2,"148,47",1204,"0,05",Broker,0
60,0,1,4,3,4,2,"180,00",1599,"0,05",Broker,0
55,0,1,4,3,4,2,"173,64",2118,"0,05",Broker,0
51,0,4,4,3,4,2,"163,60",2302,"0,05",Broker,0
56,0,1,4,3,4,0,"171,18",3006,"0,05",Broker,0
43,0,1,4,3,4,3,"136,42",3033,"0,05",Broker,0
61,0,1,4,3,4,2,"180,00",3443,"0,05",Broker,0
52,0,4,4,3,4,2,"153,44",3527,"0,05",Broker,0
49,0,4,4,3,4,2,"149,52",3647,"0,05",Broker,0
61,0,4,4,3,4,0,"180,00",3807,"0,05",Broker,0
46,0,4,4,3,4,0,"136,25",3955,"0,05",Broker,0
46,0,1,4,3,4,2,"151,17",4084,"0,05",Broker,0
60,0,1,4,3,4,0,"180,00",4158,"0,05",Broker,0
49,0,1,4,3,4,0,"154,18",4438,"0,05",Broker,0
52,0,1,4,3,4,2,"157,74",4566,"0,05",Broker,0
47,0,4,4,3,4,3,"150,98",4807,"0,05",Broker,0
64,0,4,4,3,4,0,"180,00",6180,"0,05",Broker,0
47,0,1,4,3,4,2,"142,22",6812,"0,05",Broker,0
65,0,1,4,3,4,0,"180,00",7037,"0,05",Broker,0
43,0,1,4,3,4,0,"138,21",7625,"0,05",Broker,0
49,0,1,4,3,4,2,"153,75",7831,"0,05",Broker,0
46,0,4,4,3,4,2,"151,11",7972,"0,05",Broker,0
65,0,4,4,3,4,2,"180,00",8603,"0,05",Broker,0
45,0,4,4,3,4,2,"142,60",9192,"0,05",Broker,0
45,0,4,4,3,4,0,"132,50",9521,"0,05",Broker,0
43,0,1,4,3,4,0,"131,74",9575,"0,05",Broker,0
60,0,1,4,2,3,1,"177,19",587,"0,05",Broker,0
43,0,1,4,2,3,1,"124,69",828,"0,05",Broker,0
57,0,1,4,2,3,1,"180,00",2689,"0,05",Broker,0
50,0,4,4,2,3,1,"155,05",4593,"0,05",Broker,1
52,0,4,4,2,3,1,"168,38",5513,"0,05",Broker,0
46,0,1,4,2,3,1,"145,77",5861,"0,05",Broker,0
43,0,4,4,2,3,1,"129,65",5892,"0,05",Broker,0
43,0,1,4,2,3,1,"133,53",7877,"0,05",Broker,0
62,0,1,4,2,3,1,"180,00",8405,"0,05",Broker,0
42,0,1,4,2,3,1,"135,23",9649,"0,05",Broker,0
42,0,4,4,2,3,1,"127,84",9726,"0,05",Broker,0
58,0,4,4,2,3,1,"180,00",9841,"0,05",Broker,0
46,0,4,4,2,3,2,"146,82",1910,"0,05",Broker,0
61,0,4,4,2,3,0,"180,00",4982,"0,05",Broker,0
51,0,1,4,2,3,2,"158,51",6124,"0,05",Broker,0
58,0,1,4,2,3,0,"174,60",7469,"0,05",Broker,0
53,0,4,4,2,3,2,"170,20",8041,"0,05",Broker,0
44,0,1,4,2,3,2,"133,93",8068,"0,05",Broker,0
41,0,4,4,2,3,0,"133,36",8190,"0,05",Broker,0
52,0,1,4,2,3,2,"165,51",9018,"0,05",Broker,0
49,0,4,4,2,3,2,"155,95",9779,"0,05",Broker,0
49,0,4,4,1,2,1,"153,23",390,"0,05",Broker,0
41,0,4,4,1,2,1,"126,08",650,"0,05",Broker,0
50,0,1,4,1,1,1,"159,50",887,"0,05",Broker,0
42,0,4,4,1,1,1,"129,26",1697,"0,05",Broker,0
51,0,1,4,1,1,1,"157,43",1738,"0,05",Broker,0
53,0,4,4,1,2,1,"175,97",1779,"0,05",Broker,0
61,0,1,4,1,1,1,"180,00",2038,"0,05",Broker,0
54,0,1,4,4,4,1,"169,09",2402,"0,05",Broker,0
56,0,1,4,2,2,1,"169,45",2416,"0,05",Broker,0
41,0,1,4,4,4,1,"124,11",2565,"0,05",Broker,0
59,0,1,4,1,2,1,"179,48",2624,"0,05",Broker,0
44,0,4,4,1,2,1,"135,66",2679,"0,05",Broker,0
42,0,1,4,2,2,1,"134,49",2789,"0,05",Broker,0
40,0,4,4,4,4,1,"124,76",2865,"0,05",Facebook,0
46,0,1,4,4,4,1,"145,32",2947,"0,05",Broker,0
65,0,1,4,4,4,1,"180,00",3148,"0,05",Broker,0
41,0,4,4,1,1,1,"129,84",3384,"0,05",Broker,0
51,0,1,4,1,2,1,"171,18",3448,"0,05",Broker,0
50,0,1,4,4,4,1,"154,84",3723,"0,05",Broker,0
40,0,1,4,1,2,1,"126,23",3813,"0,05",Facebook,0
45,0,1,4,4,4,1,"146,76",3931,"0,05",Broker,0
63,0,1,4,1,2,1,"180,00",4003,"0,05",Broker,0
63,0,4,4,1,1,1,"180,00",4009,"0,05",Broker,0
49,0,4,4,4,4,1,"159,46",4028,"0,05",Broker,0
53,0,4,4,1,1,1,"162,35",4135,"0,05",Broker,0
47,0,4,4,1,1,1,"158,73",4176,"0,05",Broker,0
60,0,1,4,1,1,1,"180,00",4187,"0,05",Broker,0
49,0,1,4,2,2,1,"152,83",4229,"0,05",Broker,0
53,0,4,4,1,1,1,"165,50",4372,"0,05",Broker,0
47,0,1,4,4,4,1,"144,80",4530,"0,05",Broker,0
65,0,1,4,1,2,1,"180,00",4775,"0,05",Broker,0
47,0,1,4,1,2,1,"147,64",5072,"0,05",Broker,0
40,0,4,4,1,1,1,"126,58",5073,"0,05",Facebook,0
46,0,1,4,1,1,1,"144,25",5213,"0,05",Broker,0
40,0,4,4,4,4,1,"126,69",5309,"0,05",Facebook,0
49,0,1,4,1,2,1,"146,22",5584,"0,05",Broker,0
62,0,1,4,2,2,1,"180,00",5598,"0,05",Broker,0
53,0,4,4,4,4,1,"159,14",5677,"0,05",Broker,0
47,0,1,4,1,2,1,"144,63",5706,"0,05",Broker,0
44,0,4,4,4,4,1,"143,01",5836,"0,05",Broker,0
56,0,4,4,2,2,1,"171,57",5890,"0,05",Broker,0
46,0,1,4,4,4,1,"148,77",5900,"0,05",Broker,0
43,0,1,4,4,4,1,"138,21",5908,"0,05",Broker,0
56,0,1,4,4,4,1,"180,00",6019,"0,05",Broker,0
65,0,1,4,1,1,1,"180,00",6070,"0,05",Broker,0
49,0,1,4,1,2,1,"150,68",6160,"0,05",Broker,0
52,0,1,4,4,4,1,"162,62",6217,"0,05",Broker,0
62,0,4,4,4,4,1,"180,00",6354,"0,05",Broker,0
41,0,4,4,2,2,1,"125,36",6495,"0,05",Broker,0
58,0,4,4,1,1,1,"180,00",6512,"0,05",Broker,0
48,0,1,4,1,1,1,"152,81",6992,"0,05",Broker,0
60,0,4,4,1,1,1,"178,37",7125,"0,05",Broker,0
43,0,4,4,4,4,1,"130,32",7187,"0,05",Broker,0
60,0,4,4,2,2,1,"180,00",7300,"0,05",Broker,0
45,0,1,4,1,1,1,"140,86",7321,"0,05",Broker,0
52,0,1,4,2,2,1,"158,64",7568,"0,05",Broker,0
40,0,1,4,1,1,1,"123,05",7629,"0,05",Facebook,0
64,0,1,4,4,4,1,"180,00",7670,"0,05",Broker,0
64,0,1,4,1,1,1,"180,00",7730,"0,05",Broker,0
46,0,4,4,1,1,1,"141,79",7937,"0,05",Broker,0
54,0,4,4,4,4,1,"165,07",7939,"0,05",Broker,0
44,0,4,4,4,4,1,"138,19",8107,"0,05",Broker,0
49,0,4,4,1,1,1,"149,00",8509,"0,05",Broker,1
40,0,4,4,1,1,1,"125,37",8539,"0,05",Facebook,0
57,0,1,4,4,4,1,"177,12",8702,"0,05",Broker,0
45,0,4,4,2,2,1,"136,44",8731,"0,05",Broker,0
47,0,1,4,1,2,1,"149,22",8744,"0,05",Broker,0
46,0,1,4,1,1,1,"148,33",8916,"0,05",Broker,0
45,0,1,4,4,4,1,"144,47",8940,"0,05",Broker,0
52,0,4,4,1,1,1,"158,95",9117,"0,05",Broker,0
49,0,4,4,1,2,1,"148,08",9238,"0,05",Broker,0
61,0,1,4,4,4,1,"180,00",9379,"0,05",Broker,0
49,0,4,4,1,1,1,"152,86",9388,"0,05",Broker,0
48,0,1,4,1,1,1,"145,95",9391,"0,05",Broker,0
60,0,1,4,2,2,2,"180,00",383,"0,05",Broker,0
50,0,4,4,1,1,2,"153,47",522,"0,05",Broker,0
52,0,1,4,1,1,0,"157,12",590,"0,05",Broker,0
51,0,1,4,1,1,0,"157,16",620,"0,05",Broker,0
42,0,1,4,2,2,3,"144,13",683,"0,05",Broker,0
54,0,4,4,1,2,2,"164,19",799,"0,05",Broker,0
55,0,4,4,4,4,2,"163,78",923,"0,05",Broker,0
44,0,1,4,1,2,2,"137,31",944,"0,05",Broker,0
54,0,4,4,1,1,2,"168,90",1094,"0,05",Broker,0
43,0,1,4,2,2,3,"133,23",1193,"0,05",Broker,0
46,0,4,4,2,2,0,"143,80",1228,"0,05",Broker,0
44,0,1,4,1,1,0,"135,78",1241,"0,05",Broker,0
49,0,1,4,1,1,2,"141,88",1354,"0,05",Broker,0
45,0,1,4,4,4,2,"136,45",1357,"0,05",Broker,0
48,0,4,4,1,2,2,"151,11",1743,"0,05",Broker,0
52,0,4,4,2,2,0,"158,26",1825,"0,05",Broker,0
44,0,4,4,1,2,2,"133,30",1847,"0,05",Broker,0
45,0,1,4,4,4,2,"143,81",1902,"0,05",Broker,0
42,0,4,4,1,1,0,"134,26",2222,"0,05",Broker,0
46,0,4,4,2,2,2,"149,65",2227,"0,05",Broker,0
63,0,4,4,1,2,0,"180,00",2290,"0,05",Broker,0
46,0,1,4,1,1,2,"143,28",2348,"0,05",Broker,1
49,0,4,4,2,2,0,"151,70",2414,"0,05",Broker,0
42,0,1,4,2,2,0,"128,77",2461,"0,05",Broker,0
64,0,1,4,4,4,2,"180,00",2501,"0,05",Broker,0
58,0,4,4,4,4,2,"175,80",2505,"0,05",Broker,0
55,0,4,4,4,4,2,"172,89",2605,"0,05",Broker,0
50,0,1,4,2,2,2,"159,12",2732,"0,05",Broker,0
57,0,1,4,1,1,2,"180,00",2746,"0,05",Broker,0
47,0,4,4,4,4,0,"142,77",2860,"0,05",Broker,0
53,0,4,4,1,1,2,"157,52",2885,"0,05",Broker,0
64,0,1,4,1,2,2,"180,00",2887,"0,05",Broker,0
59,0,4,4,4,4,2,"177,89",2968,"0,05",Broker,0
47,0,4,4,1,1,2,"143,92",3083,"0,05",Broker,0
64,0,4,4,1,2,2,"180,00",3131,"0,05",Broker,0
41,0,1,4,4,4,2,"130,31",3189,"0,05",Broker,0
63,0,1,4,1,1,2,"180,00",3244,"0,05",Broker,1
52,0,4,4,4,4,2,"168,99",3398,"0,05",Broker,0
55,0,4,4,4,4,2,"171,73",3429,"0,05",Broker,0
42,0,4,4,4,4,2,"126,96",3551,"0,05",Broker,0
55,0,4,4,1,2,2,"171,36",3582,"0,05",Broker,0
44,0,1,4,4,4,2,"142,11",3611,"0,05",Broker,0
48,0,1,4,4,4,0,"154,52",3686,"0,05",Broker,0
56,0,1,4,1,1,0,"168,38",3795,"0,05",Broker,0
45,0,1,4,1,1,2,"146,45",3796,"0,05",Broker,0
51,0,1,4,1,1,2,"153,62",3877,"0,05",Broker,0
57,0,4,4,4,4,2,"169,16",3932,"0,05",Broker,0
51,0,4,4,1,1,2,"160,76",3956,"0,05",Broker,0
50,0,1,4,4,4,2,"144,95",3995,"0,05",Broker,0
43,0,4,4,1,1,2,"143,01",4198,"0,05",Broker,0
60,0,4,4,1,2,3,"180,00",4236,"0,05",Broker,0
42,0,1,4,1,2,2,"127,88",4326,"0,05",Broker,0
58,0,1,4,1,1,2,"178,58",4548,"0,05",Broker,0
52,0,1,4,2,2,3,"158,85",4626,"0,05",Broker,0
47,0,4,4,1,2,2,"148,54",4647,"0,05",Broker,0
47,0,1,4,1,1,2,"154,58",4677,"0,05",Broker,0
41,0,1,4,4,4,0,"126,46",4712,"0,05",Broker,0
52,0,1,4,1,1,2,"161,00",4792,"0,05",Broker,0
46,0,1,4,2,2,2,"141,78",5051,"0,05",Broker,0
65,0,1,4,1,1,2,"180,00",5060,"0,05",Broker,0
47,0,1,4,1,2,2,"147,83",5061,"0,05",Broker,0
46,0,4,4,4,4,0,"144,55",5120,"0,05",Broker,0
58,0,4,4,4,4,3,"180,00",5141,"0,05",Broker,0
42,0,4,4,4,4,3,"135,94",5175,"0,05",Broker,0
51,0,4,4,4,4,0,"160,72",5211,"0,05",Broker,0
44,0,4,4,1,1,0,"132,24",5223,"0,05",Broker,0
62,0,1,4,1,1,0,"180,00",5257,"0,05",Broker,0
41,0,1,4,1,1,2,"131,02",5275,"0,05",Broker,0
55,0,1,4,1,1,2,"180,00",5288,"0,05",Broker,0
45,0,4,4,4,4,0,"140,49",5316,"0,05",Broker,0
59,0,4,4,1,1,2,"179,57",5436,"0,05",Broker,0
49,0,4,4,1,2,0,"156,60",5597,"0,05",Broker,0
54,0,1,4,4,4,2,"168,44",5647,"0,05",Broker,0
44,0,1,4,1,1,0,"144,59",5671,"0,05",Broker,0
64,0,1,4,1,2,0,"180,00",5713,"0,05",Broker,0
43,0,4,4,1,1,0,"142,69",6105,"0,05",Broker,0
41,0,1,4,1,2,0,"125,21",6108,"0,05",Broker,0
46,0,1,4,1,1,0,"140,76",6381,"0,05",Broker,0
40,0,1,4,2,2,2,"119,40",6419,"0,05",www,0
49,0,1,4,4,4,2,"153,44",6448,"0,05",Broker,0
42,0,4,4,1,2,0,"128,31",6553,"0,05",Broker,0
58,0,1,4,1,2,2,"178,94",6560,"0,05",Broker,0
45,0,1,4,1,2,0,"148,46",6587,"0,05",Broker,0
40,0,4,4,1,1,2,"124,98",6639,"0,05",Facebook,0
41,0,4,4,4,4,2,"138,94",6892,"0,05",Broker,0
42,0,1,4,1,1,0,"131,41",7088,"0,05",Broker,0
53,0,1,4,1,2,2,"162,36",7280,"0,05",Broker,0
46,0,4,4,1,1,2,"139,90",7471,"0,05",Broker,0
40,0,1,4,2,2,2,"124,14",7482,"0,05",Facebook,0
51,0,4,4,4,4,2,"156,83",7594,"0,05",Broker,0
53,0,1,4,1,1,2,"165,81",7726,"0,05",Broker,0
49,0,4,4,1,1,0,"154,01",7752,"0,05",Broker,0
48,0,1,4,1,1,0,"152,48",7851,"0,05",Broker,0
41,0,4,4,1,1,0,"121,96",7878,"0,05",Broker,0
51,0,1,4,1,2,2,"144,21",7899,"0,05",Broker,0
52,0,4,4,1,1,2,"160,54",7900,"0,05",Broker,0
50,0,4,4,2,2,2,"155,74",7986,"0,05",Broker,0
41,0,1,4,2,2,0,"127,12",8010,"0,05",Broker,0
45,0,4,4,2,2,2,"143,77",8082,"0,05",Broker,0
49,0,4,4,1,2,0,"149,20",8164,"0,05",Broker,1
50,0,1,4,1,1,2,"157,00",8388,"0,05",Broker,0
47,0,4,4,1,1,3,"144,70",8491,"0,05",Broker,0
52,0,4,4,1,1,2,"164,03",8760,"0,05",Broker,0
51,0,1,4,1,1,0,"158,01",8801,"0,05",Broker,0
40,0,1,4,4,4,0,"123,94",8855,"0,05",Facebook,0
40,0,4,4,1,1,0,"120,34",8959,"0,05",Facebook,0
48,0,1,4,1,2,2,"151,24",9075,"0,05",Broker,0
64,0,4,4,1,1,0,"180,00",9228,"0,05",Broker,0
61,0,4,4,1,1,0,"180,00",9309,"0,05",Broker,0
40,0,4,4,2,2,3,"123,68",9321,"0,05",Facebook,0
40,0,4,4,1,2,2,"127,03",9376,"0,05",Facebook,0
44,0,4,4,4,4,2,"138,98",9420,"0,05",Broker,0
47,0,4,4,1,1,2,"140,51",9421,"0,05",Broker,0
46,0,4,4,1,1,2,"140,54",9475,"0,05",Broker,0
49,0,1,4,2,2,2,"149,64",9651,"0,05",Broker,0
54,0,4,4,2,2,2,"170,35",9815,"0,05",Broker,0
54,0,4,4,4,4,2,"168,46",9927,"0,05",Broker,0
56,0,4,4,1,2,0,"180,00",9957,"0,05",Broker,1
52,0,3,2,3,3,1,"162,02",1364,"0,05",Broker,0
56,0,3,2,3,3,1,"171,48",1458,"0,05",Broker,0
46,0,3,2,3,3,1,"142,94",1511,"0,05",Broker,0
57,0,3,2,3,3,1,"179,70",1550,"0,05",Broker,0
43,0,3,2,3,3,1,"137,99",1552,"0,05",Broker,0
47,0,3,1,3,3,1,"148,93",1616,"0,05",Broker,0
48,0,3,1,3,3,1,"152,21",1698,"0,05",Broker,0
41,0,3,2,3,3,1,"130,04",2680,"0,05",Broker,0
41,0,3,2,3,3,1,"134,58",2920,"0,05",Broker,0
40,0,3,2,3,3,1,"130,45",3018,"0,05",Facebook,0
41,0,3,1,3,3,1,"130,63",3170,"0,05",Broker,0
43,0,3,2,3,3,1,"150,67",3182,"0,05",Broker,0
46,0,3,1,3,3,1,"142,10",3391,"0,05",Broker,0
55,0,3,1,3,3,1,"172,90",3405,"0,05",Broker,0
42,0,3,1,3,3,1,"125,80",3493,"0,05",Broker,0
58,0,3,2,3,3,1,"180,00",5467,"0,05",Broker,0
58,0,3,1,3,3,1,"180,00",5694,"0,05",Broker,0
44,0,3,1,3,3,1,"130,28",6110,"0,05",Broker,0
47,0,3,2,3,3,1,"138,21",6127,"0,05",Broker,0
45,0,3,1,3,3,1,"138,22",6169,"0,05",Broker,0
45,0,3,2,3,3,1,"147,44",6307,"0,05",Broker,0
41,0,3,2,3,3,1,"126,57",6356,"0,05",Broker,0
59,0,3,1,3,3,1,"180,00",6653,"0,05",Broker,0
43,0,3,2,3,3,1,"139,34",6829,"0,05",Broker,0
47,0,3,2,3,3,1,"141,63",7274,"0,05",Broker,0
51,0,3,1,3,3,1,"160,52",7354,"0,05",Broker,0
47,0,3,1,3,3,1,"143,84",7422,"0,05",Broker,0
52,0,3,1,3,3,1,"161,78",7555,"0,05",Broker,0
65,0,3,1,3,3,1,"180,00",7901,"0,05",Broker,0
55,0,3,1,3,3,1,"171,70",7917,"0,05",Broker,0
64,0,3,1,3,3,1,"180,00",8229,"0,05",Broker,0
64,0,3,2,3,3,1,"180,00",8251,"0,05",Broker,0
41,0,3,1,3,3,1,"128,96",8298,"0,05",Broker,0
64,0,3,2,3,3,1,"180,00",8525,"0,05",Broker,0
49,0,3,2,3,3,1,"154,74",8761,"0,05",Broker,0
46,0,3,2,3,3,1,"144,68",9347,"0,05",Broker,0
46,0,3,2,3,3,1,"149,88",9951,"0,05",Broker,0
47,0,3,2,3,3,2,"144,49",48,"0,05",Broker,1
52,0,3,1,3,3,0,"163,43",89,"0,05",Broker,0
41,0,3,1,3,3,2,"131,30",314,"0,05",Broker,1
58,0,3,1,3,3,3,"180,00",351,"0,05",Broker,0
57,0,3,1,3,3,2,"178,53",735,"0,05",Broker,0
56,0,3,1,3,3,0,"170,36",977,"0,05",Broker,0
52,0,3,1,3,3,0,"149,07",1157,"0,05",Broker,0
40,0,3,1,3,3,0,"122,63",1210,"0,05",Facebook,0
42,0,3,1,3,3,0,"140,81",1334,"0,05",Broker,0
62,0,3,1,3,3,0,"180,00",1659,"0,05",Broker,0
55,0,3,1,3,3,2,"172,86",1701,"0,05",Broker,0
44,0,3,1,3,3,2,"143,10",1933,"0,05",Broker,0
55,0,3,2,3,3,2,"168,96",2005,"0,05",Broker,1
52,0,3,2,3,3,2,"159,31",2212,"0,05",Broker,0
54,0,3,2,3,3,0,"168,96",2236,"0,05",Broker,0
49,0,3,1,3,3,2,"145,05",2306,"0,05",Broker,0
47,0,3,1,3,3,3,"143,00",2322,"0,05",Broker,0
45,0,3,1,3,3,2,"139,98",3172,"0,05",Broker,0
63,0,3,2,3,3,0,"180,00",3296,"0,05",Broker,0
41,0,3,2,3,3,0,"133,05",3392,"0,05",Broker,0
57,0,3,2,3,3,0,"177,10",3653,"0,05",Broker,0
49,0,3,2,3,3,2,"154,90",3751,"0,05",Broker,0
65,0,3,1,3,3,0,"180,00",4226,"0,05",Broker,0
47,0,3,1,3,3,2,"139,71",4432,"0,05",Broker,0
43,0,3,1,3,3,0,"140,27",4877,"0,05",Broker,0
56,0,3,1,3,3,0,"174,10",4886,"0,05",Broker,0
48,0,3,1,3,3,2,"140,85",5136,"0,05",Broker,0
57,0,3,2,3,3,2,"174,47",5461,"0,05",Broker,0
51,0,3,2,3,3,2,"166,34",5520,"0,05",Broker,0
43,0,3,2,3,3,2,"135,51",5545,"0,05",Broker,0
43,0,3,2,3,3,2,"146,55",5716,"0,05",Broker,0
65,0,3,2,3,3,2,"180,00",5901,"0,05",Broker,0
42,0,3,2,3,3,2,"128,53",6026,"0,05",Broker,0
42,0,3,1,3,3,3,"131,66",6102,"0,05",Broker,0
52,0,3,1,3,3,0,"158,36",6149,"0,05",Broker,0
47,0,3,1,3,3,2,"144,34",6183,"0,05",Broker,0
42,0,3,2,3,3,2,"128,55",6206,"0,05",Broker,0
45,0,3,1,3,3,2,"149,25",6303,"0,05",Broker,0
48,0,3,1,3,3,0,"145,55",6413,"0,05",Broker,0
45,0,3,2,3,3,0,"133,82",6422,"0,05",Broker,0
47,0,3,1,3,3,0,"143,79",6650,"0,05",Broker,1
43,0,3,2,3,3,2,"138,85",6869,"0,05",Broker,0
51,0,3,2,3,3,2,"161,94",7097,"0,05",Broker,0
46,0,3,1,3,3,2,"148,23",7149,"0,05",Broker,0
62,0,3,1,3,3,0,"180,00",7583,"0,05",Broker,0
43,0,3,2,3,3,2,"133,65",7846,"0,05",Broker,0
54,0,3,2,3,3,2,"174,46",7935,"0,05",Broker,0
48,0,3,2,3,3,0,"146,80",7956,"0,05",Broker,0
57,0,3,2,3,3,2,"175,58",8176,"0,05",Broker,0
60,0,3,1,3,3,3,"180,00",8246,"0,05",Broker,0
46,0,3,2,3,3,2,"132,83",8424,"0,05",Broker,0
50,0,3,1,3,3,3,"159,10",8431,"0,05",Broker,0
47,0,3,2,3,3,2,"140,63",8608,"0,05",Broker,0
60,0,3,2,3,3,2,"180,00",8770,"0,05",Broker,0
45,0,3,1,3,3,2,"140,37",9044,"0,05",Broker,0
53,0,3,2,3,3,2,"171,82",9442,"0,05",Broker,0
54,0,3,2,3,3,0,"168,53",9452,"0,05",Broker,0
40,0,3,1,3,3,0,"119,77",9462,"0,05",www,0
57,0,3,2,3,3,0,"173,73",9516,"0,05",Broker,0
42,0,3,2,3,3,0,"126,77",9797,"0,05",Broker,0
55,0,3,1,3,3,2,"176,35",9843,"0,05",Broker,0
54,0,3,2,3,4,1,"168,05",1036,"0,05",Broker,0
47,0,3,1,3,4,1,"142,75",1191,"0,05",Broker,0
52,0,3,1,3,4,1,"172,20",2928,"0,05",Broker,0
40,0,3,1,3,4,1,"117,55",4098,"0,05",www,0
63,0,3,2,3,4,1,"180,00",4553,"0,05",Broker,0
59,0,3,2,3,4,1,"177,73",5191,"0,05",Broker,0
58,0,3,1,3,4,1,"178,36",5772,"0,05",Broker,0
46,0,3,2,3,4,1,"139,32",6159,"0,05",Broker,0
46,0,3,2,3,4,1,"134,86",6714,"0,05",Broker,0
50,0,3,2,3,4,1,"151,71",7090,"0,05",Broker,0
61,0,3,1,3,4,1,"180,00",7402,"0,05",Broker,0
41,0,3,2,3,4,1,"127,96",8241,"0,05",Broker,0
52,0,3,1,3,4,1,"163,96",8250,"0,05",Broker,0
42,0,3,2,3,4,1,"126,40",8688,"0,05",Broker,0
48,0,3,1,3,4,1,"156,93",9702,"0,05",Broker,0
58,0,3,2,3,4,0,"179,60",306,"0,05",Broker,0
49,0,3,1,3,4,3,"148,23",555,"0,05",Broker,0
40,0,3,2,3,4,0,"124,90",676,"0,05",Facebook,0
42,0,3,1,3,4,2,"136,36",1359,"0,05",Broker,0
55,0,3,2,3,4,2,"176,01",1786,"0,05",Broker,0
54,0,3,1,3,4,3,"164,60",2017,"0,05",Broker,0
50,0,3,1,3,4,0,"154,69",2429,"0,05",Broker,0
53,0,3,2,3,4,0,"167,48",2451,"0,05",Broker,0
57,0,3,2,3,4,0,"170,39",2616,"0,05",Broker,0
46,0,3,2,3,4,2,"143,56",2837,"0,05",Broker,0
42,0,3,1,3,4,3,"131,65",3508,"0,05",Broker,0
44,0,3,2,3,4,3,"139,83",3615,"0,05",Broker,0
50,0,3,1,3,4,2,"154,83",3884,"0,05",Broker,0
47,0,3,1,3,4,0,"139,43",4131,"0,05",Broker,0
59,0,3,1,3,4,2,"180,00",4276,"0,05",Broker,0
44,0,3,1,3,4,2,"134,37",4635,"0,05",Broker,0
63,0,3,1,3,4,2,"180,00",4708,"0,05",Broker,1
47,0,3,1,3,4,2,"145,97",5500,"0,05",Broker,0
44,0,3,2,3,4,2,"133,39",5651,"0,05",Broker,0
53,0,3,2,3,4,2,"161,17",5794,"0,05",Broker,0
49,0,3,2,3,4,0,"151,25",6154,"0,05",Broker,0
46,0,3,1,3,4,0,"131,53",6552,"0,05",Broker,0
63,0,3,1,3,4,2,"180,00",6624,"0,05",Broker,0
41,0,3,1,3,4,0,"133,50",7020,"0,05",Broker,0
49,0,3,1,3,4,2,"150,58",7191,"0,05",Broker,0
40,0,3,1,3,4,2,"119,58",7553,"0,05",www,0
57,0,3,2,3,4,2,"175,13",8136,"0,05",Broker,0
43,0,3,1,3,4,2,"129,79",8276,"0,05",Broker,0
61,0,3,2,3,4,2,"180,00",8506,"0,05",Broker,0
64,0,3,2,3,4,2,"180,00",8657,"0,05",Broker,0
53,0,3,1,3,4,2,"160,82",8962,"0,05",Broker,0
42,0,3,2,3,4,3,"124,01",9277,"0,05",Broker,0
65,0,3,1,3,4,0,"180,00",9415,"0,05",Broker,0
42,0,3,1,3,4,2,"132,02",9448,"0,05",Broker,0
59,0,3,1,3,4,2,"180,00",9926,"0,05",Broker,0
58,0,3,1,2,3,1,"180,00",4048,"0,05",Broker,0
47,0,3,2,2,3,1,"151,32",5643,"0,05",Broker,0
41,0,3,2,2,3,1,"124,34",8852,"0,05",Broker,0
55,0,3,2,2,3,1,"167,24",8951,"0,05",Broker,0
43,0,3,1,2,3,1,"135,03",9322,"0,05",Broker,0
60,0,3,2,2,3,2,"180,00",362,"0,05",Broker,0
44,0,3,2,2,3,2,"144,29",1133,"0,05",Broker,0
45,0,3,1,2,3,2,"135,40",1426,"0,05",Broker,0
54,0,3,2,2,3,2,"161,41",1837,"0,05",Broker,0
61,0,3,1,2,3,2,"180,00",2074,"0,05",Broker,0
54,0,3,1,2,3,0,"166,22",2833,"0,05",Broker,0
59,0,3,1,2,3,0,"173,11",3949,"0,05",Broker,0
63,0,3,1,2,3,0,"180,00",4378,"0,05",Broker,0
46,0,3,2,2,3,2,"153,42",5401,"0,05",Broker,0
57,0,3,1,2,3,2,"177,61",6535,"0,05",Broker,0
44,0,3,2,2,3,0,"142,99",7263,"0,05",Broker,0
42,0,3,1,2,3,0,"128,75",7745,"0,05",Broker,0
48,0,3,2,2,3,2,"149,60",8184,"0,05",Broker,0
52,0,3,1,2,3,2,"160,74",8236,"0,05",Broker,0
40,0,3,1,2,3,2,"126,96",9039,"0,05",Facebook,0
53,0,3,1,1,1,1,"171,04",308,"0,05",Broker,1
48,0,3,2,1,1,1,"152,34",433,"0,05",Broker,0
47,0,3,2,1,1,1,"147,68",517,"0,05",Broker,0
60,0,3,1,4,4,1,"180,00",815,"0,05",Broker,0
55,0,3,1,1,1,1,"167,51",880,"0,05",Broker,0
45,0,3,1,1,1,1,"141,62",1051,"0,05",Broker,0
47,0,3,1,1,2,1,"144,15",1791,"0,05",Broker,0
48,0,3,2,1,1,1,"153,98",1834,"0,05",Broker,0
44,0,3,2,1,1,1,"145,55",1937,"0,05",Broker,0
43,0,3,1,4,4,1,"131,90",2009,"0,05",Broker,0
43,0,3,1,2,2,1,"134,12",2020,"0,05",Broker,0
59,0,3,1,4,4,1,"180,00",2288,"0,05",Broker,0
50,0,3,2,4,4,1,"158,64",2325,"0,05",Broker,0
49,0,3,1,1,1,1,"167,23",2518,"0,05",Broker,0
47,0,3,1,1,2,1,"150,41",2850,"0,05",Broker,0
42,0,3,2,1,2,1,"125,38",3180,"0,05",Broker,0
55,0,3,2,1,2,1,"168,21",3323,"0,05",Broker,0
45,0,3,2,1,1,1,"142,03",3330,"0,05",Broker,0
51,0,3,2,1,1,1,"162,85",3513,"0,05",Broker,1
50,0,3,1,2,2,1,"158,05",3701,"0,05",Broker,0
53,0,3,2,1,1,1,"167,69",4499,"0,05",Broker,0
53,0,3,1,2,2,1,"162,93",4532,"0,05",Broker,0
48,0,3,2,1,2,1,"156,61",4673,"0,05",Broker,0
55,0,3,2,1,1,1,"173,96",4701,"0,05",Broker,0
55,0,3,2,4,4,1,"175,33",4841,"0,05",Broker,0
47,0,3,2,4,4,1,"147,80",4881,"0,05",Broker,0
62,0,3,1,4,4,1,"180,00",4960,"0,05",Broker,0
48,0,3,2,1,2,1,"154,42",5460,"0,05",Broker,0
59,0,3,2,1,1,1,"180,00",5493,"0,05",Broker,1
48,0,3,1,2,2,1,"154,06",5622,"0,05",Broker,0
43,0,3,1,1,2,1,"138,82",5717,"0,05",Broker,1
53,0,3,2,4,4,1,"162,19",5849,"0,05",Broker,0
41,0,3,2,4,4,1,"125,49",5866,"0,05",Broker,0
47,0,3,1,1,2,1,"139,28",6157,"0,05",Broker,0
42,0,3,2,4,4,1,"122,31",6194,"0,05",Broker,0
42,0,3,1,4,4,1,"135,79",6275,"0,05",Broker,0
54,0,3,2,1,1,1,"164,36",6370,"0,05",Broker,1
55,0,3,1,4,4,1,"173,84",6709,"0,05",Broker,0
54,0,3,1,1,2,1,"167,69",6804,"0,05",Broker,0
60,0,3,1,1,1,1,"180,00",6900,"0,05",Broker,1
44,0,3,2,1,2,1,"135,77",7558,"0,05",Broker,0
53,0,3,1,2,2,1,"173,61",7645,"0,05",Broker,0
45,0,3,2,2,2,1,"146,79",7659,"0,05",Broker,0
43,0,3,1,1,1,1,"126,42",7668,"0,05",Broker,0
40,0,3,2,2,2,1,"124,49",7692,"0,05",Facebook,0
50,0,3,2,1,1,1,"155,63",7742,"0,05",Broker,0
48,0,3,2,1,1,1,"154,22",7947,"0,05",Broker,0
49,0,3,2,1,1,1,"155,77",7970,"0,05",Broker,0
42,0,3,2,1,1,1,"135,49",8076,"0,05",Broker,0
52,0,3,2,1,2,1,"162,38",8110,"0,05",Broker,0
55,0,3,1,2,2,1,"164,96",8537,"0,05",Broker,0
55,0,3,1,1,1,1,"170,44",8567,"0,05",Broker,0
47,0,3,1,1,1,1,"145,73",8626,"0,05",Broker,0
61,0,3,2,4,4,1,"180,00",8813,"0,05",Broker,0
58,0,3,1,4,4,1,"177,27",8817,"0,05",Broker,0
43,0,3,1,1,1,1,"140,16",8869,"0,05",Broker,0
55,0,3,1,1,1,1,"179,13",9011,"0,05",Broker,0
48,0,3,2,1,1,1,"148,43",9344,"0,05",Broker,1
48,0,3,2,1,1,1,"154,46",9563,"0,05",Broker,0
54,0,3,2,1,1,1,"169,35",9613,"0,05",Broker,0
51,0,3,1,1,2,1,"160,54",9691,"0,05",Broker,0
53,0,3,1,4,4,1,"162,94",9708,"0,05",Broker,0
42,0,3,1,2,2,1,"130,76",9710,"0,05",Broker,0
45,0,3,1,1,2,1,"141,36",9755,"0,05",Broker,0
49,0,3,2,1,2,1,"145,18",9788,"0,05",Broker,0
46,0,3,1,1,1,1,"145,73",9814,"0,05",Broker,0
62,0,3,2,1,1,1,"180,00",9848,"0,05",Broker,0
59,0,3,2,1,1,1,"180,00",9854,"0,05",Broker,0
44,0,3,2,1,1,1,"139,66",9940,"0,05",Broker,0
41,0,3,1,1,1,2,"139,87",163,"0,05",Broker,0
59,0,3,1,2,2,2,"180,00",178,"0,05",Broker,0
42,0,3,2,4,4,2,"133,52",271,"0,05",Broker,0
50,0,3,2,1,1,2,"157,60",339,"0,05",Broker,0
54,0,3,2,4,4,2,"171,41",460,"0,05",Broker,0
47,0,3,2,1,1,0,"150,22",525,"0,05",Broker,0
40,0,3,1,1,1,0,"129,87",541,"0,05",Facebook,0
41,0,3,1,2,2,0,"129,87",645,"0,05",Broker,0
53,0,3,2,1,1,3,"163,86",706,"0,05",Broker,0
53,0,3,2,4,4,2,"158,04",757,"0,05",Broker,0
63,0,3,2,1,1,2,"180,00",901,"0,05",Broker,0
53,0,3,1,2,2,2,"165,65",905,"0,05",Broker,0
41,0,3,1,1,1,2,"131,92",906,"0,05",Broker,0
58,0,3,2,1,1,0,"180,00",941,"0,05",Broker,0
55,0,3,2,4,4,3,"166,72",1333,"0,05",Broker,0
43,0,3,1,1,2,0,"137,14",1535,"0,05",Broker,0
60,0,3,1,1,2,2,"180,00",1590,"0,05",Broker,0
41,0,3,2,4,4,2,"120,07",1729,"0,05",Broker,0
62,0,3,2,2,2,2,"180,00",1814,"0,05",Broker,0
53,0,3,2,4,4,0,"163,46",1857,"0,05",Broker,0
43,0,3,1,1,1,0,"137,76",1918,"0,05",Broker,0
45,0,3,1,1,1,0,"143,12",1939,"0,05",Broker,0
42,0,3,2,4,4,2,"137,14",1962,"0,05",Broker,0
63,0,3,1,4,4,2,"180,00",2041,"0,05",Broker,0
45,0,3,2,1,1,0,"142,71",2121,"0,05",Broker,0
64,0,3,2,1,1,2,"180,00",2149,"0,05",Broker,1
46,0,3,1,4,4,0,"140,77",2231,"0,05",Broker,0
42,0,3,2,1,2,3,"127,47",2248,"0,05",Broker,1
42,0,3,1,1,2,2,"125,25",2284,"0,05",Broker,0
57,0,3,2,1,2,0,"180,00",2307,"0,05",Broker,1
46,0,3,1,1,1,2,"154,48",2491,"0,05",Broker,0
59,0,3,2,4,4,3,"179,69",2563,"0,05",Broker,0
56,0,3,1,1,1,2,"168,10",2574,"0,05",Broker,0
55,0,3,2,1,1,2,"176,04",2622,"0,05",Broker,0
47,0,3,2,4,4,0,"146,48",2700,"0,05",Broker,0
46,0,3,1,1,1,2,"145,01",3087,"0,05",Broker,0
54,0,3,2,1,2,0,"174,48",3118,"0,05",Broker,0
58,0,3,1,4,4,2,"172,22",3171,"0,05",Broker,0
44,0,3,2,1,2,2,"144,39",3209,"0,05",Broker,0
55,0,3,2,2,2,2,"175,59",3241,"0,05",Broker,0
52,0,3,1,1,1,2,"152,31",3433,"0,05",Broker,0
43,0,3,2,1,1,0,"130,42",3451,"0,05",Broker,0
42,0,3,2,1,1,2,"133,20",3559,"0,05",Broker,0
41,0,3,2,1,2,0,"128,23",3706,"0,05",Broker,0
64,0,3,1,1,2,2,"180,00",3792,"0,05",Broker,0
56,0,3,1,2,2,0,"171,73",3805,"0,05",Broker,0
42,0,3,2,1,1,2,"125,09",4251,"0,05",Broker,0
46,0,3,2,1,1,3,"144,99",4583,"0,05",Broker,0
44,0,3,1,1,1,0,"143,02",4780,"0,05",Broker,1
52,0,3,1,4,4,0,"157,40",4909,"0,05",Broker,0
42,0,3,1,1,1,0,"136,81",4967,"0,05",Broker,0
53,0,3,1,1,2,2,"163,61",5070,"0,05",Broker,0
55,0,3,2,1,2,0,"173,13",5196,"0,05",Broker,0
45,0,3,1,1,1,2,"144,22",5214,"0,05",Broker,0
41,0,3,2,1,1,2,"130,53",5255,"0,05",Broker,0
54,0,3,2,1,1,0,"153,91",5264,"0,05",Broker,0
60,0,3,1,4,4,0,"180,00",5279,"0,05",Broker,0
48,0,3,2,2,2,0,"147,18",5495,"0,05",Broker,0
48,0,3,2,1,1,2,"142,04",5501,"0,05",Broker,0
40,0,3,1,1,2,2,"131,50",5563,"0,05",Facebook,0
40,0,3,1,1,2,2,"124,96",5589,"0,05",Facebook,0
50,0,3,2,1,2,2,"155,93",5603,"0,05",Broker,0
55,0,3,2,1,2,0,"171,71",5666,"0,05",Broker,0
41,0,3,2,1,1,0,"129,50",5801,"0,05",Broker,0
44,0,3,1,4,4,0,"142,09",5854,"0,05",Broker,0
44,0,3,1,1,1,2,"143,37",6158,"0,05",Broker,0
51,0,3,2,1,1,2,"168,30",6163,"0,05",Broker,1
46,0,3,1,1,2,2,"140,52",6210,"0,05",Broker,0
55,0,3,1,1,1,2,"173,92",6211,"0,05",Broker,0
47,0,3,1,2,2,0,"143,73",6229,"0,05",Broker,0
40,0,3,1,1,1,0,"129,70",6260,"0,05",Facebook,0
63,0,3,1,1,1,2,"180,00",6319,"0,05",Broker,0
44,0,3,1,1,1,2,"136,36",6336,"0,05",Broker,0
44,0,3,2,1,1,2,"130,30",6453,"0,05",Broker,0
42,0,3,1,1,1,0,"137,10",6455,"0,05",Broker,0
47,0,3,2,1,1,2,"143,36",6459,"0,05",Broker,0
52,0,3,2,1,1,2,"167,24",6630,"0,05",Broker,0
44,0,3,2,2,2,2,"139,76",6729,"0,05",Broker,0
51,0,3,2,4,4,0,"151,43",6781,"0,05",Broker,0
57,0,3,1,4,4,3,"177,47",6785,"0,05",Broker,0
63,0,3,1,1,1,2,"180,00",6839,"0,05",Broker,1
44,0,3,1,1,1,2,"137,49",6883,"0,05",Broker,0
54,0,3,2,4,4,2,"172,82",6913,"0,05",Broker,0
46,0,3,1,1,2,0,"145,24",6942,"0,05",Broker,0
44,0,3,1,1,1,0,"129,08",7071,"0,05",Broker,0
59,0,3,1,4,4,2,"180,00",7162,"0,05",Broker,0
40,0,3,2,2,2,2,"122,40",7290,"0,05",Facebook,0
62,0,3,2,2,2,2,"180,00",7347,"0,05",Broker,0
50,0,3,1,4,4,0,"156,88",7361,"0,05",Broker,0
51,0,3,2,1,1,2,"159,33",7436,"0,05",Broker,0
48,0,3,1,1,2,2,"155,49",7487,"0,05",Broker,0
54,0,3,2,4,4,2,"167,82",7643,"0,05",Broker,0
48,0,3,1,2,2,0,"152,47",7656,"0,05",Broker,0
64,0,3,2,1,1,2,"180,00",7718,"0,05",Broker,0
41,0,3,1,1,1,2,"131,48",7816,"0,05",Broker,0
41,0,3,1,4,4,2,"131,22",8006,"0,05",Broker,0
52,0,3,2,1,1,2,"159,56",8131,"0,05",Broker,1
46,0,3,1,1,1,0,"153,66",8214,"0,05",Broker,0
41,0,3,1,2,2,2,"131,43",8259,"0,05",Broker,0
44,0,3,1,1,1,2,"133,87",8269,"0,05",Broker,0
65,0,3,1,1,1,0,"180,00",8280,"0,05",Broker,0
60,0,3,1,4,4,0,"180,00",8407,"0,05",Broker,0
49,0,3,1,4,4,0,"148,55",8456,"0,05",Broker,0
58,0,3,2,1,1,0,"176,25",8482,"0,05",Broker,0
52,0,3,1,1,2,2,"163,75",8531,"0,05",Broker,0
46,0,3,1,1,2,2,"152,21",8591,"0,05",Broker,0
43,0,3,2,1,1,0,"135,44",8601,"0,05",Broker,0
53,0,3,2,2,2,2,"165,15",8682,"0,05",Broker,0
40,0,3,1,2,2,0,"124,51",8714,"0,05",Facebook,0
45,0,3,1,1,1,2,"145,71",9262,"0,05",Broker,0
52,0,3,2,1,2,0,"162,15",9285,"0,05",Broker,0
42,0,3,1,2,2,0,"130,75",9461,"0,05",Broker,0
48,0,3,1,2,2,3,"148,90",9508,"0,05",Broker,0
42,0,3,2,4,4,2,"130,78",9528,"0,05",Broker,0
46,0,3,1,4,4,2,"142,20",9532,"0,05",Broker,0
45,0,3,2,1,2,0,"136,53",9565,"0,05",Broker,0
45,0,3,1,1,2,2,"138,65",9618,"0,05",Broker,0
47,0,3,1,4,4,0,"145,92",9643,"0,05",Broker,0
56,0,3,1,4,4,0,"173,13",9685,"0,05",Broker,0
54,0,3,2,1,1,2,"164,35",9730,"0,05",Broker,0
56,0,3,1,2,2,2,"176,09",9757,"0,05",Broker,0
54,0,3,3,3,3,1,"162,25",593,"0,05",Broker,0
49,0,3,3,3,3,1,"156,70",898,"0,05",Broker,0
42,0,3,3,3,3,1,"135,66",1575,"0,05",Broker,0
42,0,3,3,3,3,1,"132,80",1864,"0,05",Broker,0
42,0,3,3,3,3,1,"134,31",2023,"0,05",Broker,0
65,0,3,3,3,3,1,"180,00",2704,"0,05",Broker,0
42,0,3,3,3,3,1,"123,64",2808,"0,05",Broker,0
52,0,3,3,3,3,1,"164,13",2829,"0,05",Broker,0
41,0,3,3,3,3,1,"134,95",3846,"0,05",Broker,0
49,0,3,3,3,3,1,"158,83",5130,"0,05",Broker,0
46,0,3,3,3,3,1,"148,64",5968,"0,05",Broker,0
43,0,3,3,3,3,1,"127,42",7410,"0,05",Broker,0
54,0,3,3,3,3,1,"166,67",7839,"0,05",Broker,0
60,0,3,3,3,3,1,"180,00",7903,"0,05",Broker,0
43,0,3,3,3,3,1,"133,59",8075,"0,05",Broker,0
42,0,3,3,3,3,1,"124,58",9146,"0,05",Broker,0
42,0,3,3,3,3,1,"130,84",9635,"0,05",Broker,0
42,0,3,3,3,3,1,"129,27",9785,"0,05",Broker,0
64,0,3,3,3,3,2,"180,00",65,"0,05",Broker,0
58,0,3,3,3,3,0,"179,68",167,"0,05",Broker,0
48,0,3,3,3,3,2,"156,57",784,"0,05",Broker,0
42,0,3,3,3,3,2,"130,75",916,"0,05",Broker,0
47,0,3,3,3,3,2,"137,17",1008,"0,05",Broker,0
41,0,3,3,3,3,3,"131,37",1348,"0,05",Broker,0
53,0,3,3,3,3,0,"155,22",1370,"0,05",Broker,0
40,0,3,3,3,3,0,"122,14",1950,"0,05",Facebook,0
49,0,3,3,3,3,0,"150,79",2114,"0,05",Broker,0
45,0,3,3,3,3,2,"143,60",2130,"0,05",Broker,0
40,0,3,3,3,3,2,"128,80",2339,"0,05",Facebook,0
64,0,3,3,3,3,0,"180,00",2553,"0,05",Broker,0
44,0,3,3,3,3,2,"126,62",2611,"0,05",Broker,0
46,0,3,3,3,3,2,"144,67",2846,"0,05",Broker,0
45,0,3,3,3,3,2,"141,73",2874,"0,05",Broker,0
41,0,3,3,3,3,2,"123,48",3455,"0,05",Broker,0
61,0,3,3,3,3,2,"180,00",3530,"0,05",Broker,0
51,0,3,3,3,3,2,"164,11",4287,"0,05",Broker,0
40,0,3,3,3,3,2,"126,48",5389,"0,05",Facebook,0
55,0,3,3,3,3,0,"177,11",5582,"0,05",Broker,0
46,0,3,3,3,3,2,"139,72",6384,"0,05",Broker,1
59,0,3,3,3,3,2,"180,00",6554,"0,05",Broker,0
47,0,3,3,3,3,2,"144,81",6822,"0,05",Broker,0
47,0,3,3,3,3,2,"151,47",6835,"0,05",Broker,0
43,0,3,3,3,3,2,"128,44",6993,"0,05",Broker,0
43,0,3,3,3,3,3,"136,73",7430,"0,05",Broker,0
62,0,3,3,3,3,0,"180,00",7636,"0,05",Broker,0
41,0,3,3,3,3,2,"130,17",7746,"0,05",Broker,0
47,0,3,3,3,3,0,"131,29",7770,"0,05",Broker,0
58,0,3,3,3,3,2,"172,10",8051,"0,05",Broker,0
41,0,3,3,3,3,2,"131,08",8077,"0,05",Broker,0
58,0,3,3,3,3,2,"176,31",8471,"0,05",Broker,0
51,0,3,3,3,3,2,"155,31",9006,"0,05",Broker,0
41,0,3,3,3,3,2,"123,78",9226,"0,05",Broker,0
44,0,3,3,3,4,1,"145,32",1087,"0,05",Broker,0
44,0,3,3,3,4,1,"140,19",1306,"0,05",Broker,0
51,0,3,3,3,4,1,"147,62",5252,"0,05",Broker,0
44,0,3,3,3,4,1,"142,10",6172,"0,05",Broker,0
46,0,3,3,3,4,1,"143,55",7308,"0,05",Broker,0
65,0,3,3,3,4,1,"180,00",8049,"0,05",Broker,0
45,0,3,3,3,4,1,"138,71",9086,"0,05",Broker,0
54,0,3,3,3,4,0,"173,25",628,"0,05",Broker,0
65,0,3,3,3,4,0,"180,00",1232,"0,05",Broker,0
54,0,3,3,3,4,2,"165,25",1250,"0,05",Broker,0
50,0,3,3,3,4,2,"155,28",1337,"0,05",Broker,0
54,0,3,3,3,4,0,"162,20",2189,"0,05",Broker,0
42,0,3,3,3,4,3,"133,45",2244,"0,05",Broker,0
53,0,3,3,3,4,2,"168,54",2544,"0,05",Broker,0
59,0,3,3,3,4,0,"178,81",3495,"0,05",Broker,0
65,0,3,3,3,4,2,"180,00",4181,"0,05",Broker,0
59,0,3,3,3,4,0,"175,64",4833,"0,05",Broker,0
58,0,3,3,3,4,2,"177,05",5661,"0,05",Broker,0
50,0,3,3,3,4,0,"144,69",5756,"0,05",Broker,0
49,0,3,3,3,4,2,"151,08",6758,"0,05",Broker,0
47,0,3,3,3,4,0,"147,27",6846,"0,05",Broker,0
45,0,3,3,3,4,2,"134,72",7460,"0,05",Broker,0
56,0,3,3,3,4,2,"170,01",7596,"0,05",Broker,0
52,0,3,3,3,4,0,"169,53",8559,"0,05",Broker,0
62,0,3,3,3,4,2,"180,00",8874,"0,05",Broker,0
62,0,3,3,3,4,0,"180,00",8933,"0,05",Broker,0
52,0,3,3,3,4,2,"157,01",9669,"0,05",Broker,0
51,0,3,3,3,4,2,"166,76",9953,"0,05",Broker,0
48,0,3,3,3,4,0,"153,42",9973,"0,05",Broker,0
49,0,3,3,2,3,1,"157,88",1802,"0,05",Broker,0
42,0,3,3,2,3,1,"136,62",9244,"0,05",Broker,0
49,0,3,3,2,3,0,"161,95",310,"0,05",Broker,0
44,0,3,3,2,3,2,"145,89",6342,"0,05",Broker,0
40,0,3,3,2,3,0,"126,78",8430,"0,05",Facebook,0
41,0,3,3,2,3,2,"132,17",8903,"0,05",Broker,0
40,0,3,3,1,1,1,"120,89",49,"0,05",Facebook,0
41,0,3,3,4,4,1,"130,54",86,"0,05",Broker,0
60,0,3,3,4,4,1,"177,13",135,"0,05",Broker,0
47,0,3,3,1,2,1,"147,25",1572,"0,05",Broker,0
49,0,3,3,1,1,1,"146,36",1792,"0,05",Broker,0
63,0,3,3,1,2,1,"180,00",2108,"0,05",Broker,0
43,0,3,3,1,2,1,"127,46",2331,"0,05",Broker,0
51,0,3,3,1,2,1,"157,33",2764,"0,05",Broker,0
45,0,3,3,4,4,1,"144,80",3462,"0,05",Broker,0
40,0,3,3,1,1,1,"127,83",3554,"0,05",Facebook,0
60,0,3,3,4,4,1,"180,00",3563,"0,05",Broker,0
54,0,3,3,1,2,1,"163,47",3629,"0,05",Broker,0
42,0,3,3,1,1,1,"131,70",3638,"0,05",Broker,0
51,0,3,3,1,1,1,"156,29",4173,"0,05",Broker,0
40,0,3,3,4,4,1,"123,76",4188,"0,05",Facebook,0
60,0,3,3,2,2,1,"180,00",4406,"0,05",Broker,0
52,0,3,3,1,2,1,"157,41",4979,"0,05",Broker,0
41,0,3,3,4,4,1,"127,11",5034,"0,05",Broker,0
48,0,3,3,1,1,1,"158,33",6239,"0,05",Broker,0
54,0,3,3,1,1,1,"172,83",6870,"0,05",Broker,0
47,0,3,3,1,1,1,"146,47",6955,"0,05",Broker,0
48,0,3,3,4,4,1,"149,62",7242,"0,05",Broker,0
54,0,3,3,1,2,1,"162,14",7520,"0,05",Broker,0
41,0,3,3,2,2,1,"133,77",7710,"0,05",Broker,0
43,0,3,3,1,1,1,"133,35",7814,"0,05",Broker,0
46,0,3,3,1,2,1,"139,05",8003,"0,05",Broker,0
43,0,3,3,1,1,1,"127,71",8763,"0,05",Broker,0
59,0,3,3,1,2,1,"180,00",9248,"0,05",Broker,0
54,0,3,3,1,2,1,"165,62",9480,"0,05",Broker,0
53,0,3,3,1,1,2,"170,78",324,"0,05",Broker,0
44,0,3,3,2,2,0,"142,25",395,"0,05",Broker,0
49,0,3,3,4,4,0,"150,30",441,"0,05",Broker,0
59,0,3,3,1,2,2,"180,00",801,"0,05",Broker,0
63,0,3,3,4,4,0,"180,00",1018,"0,05",Broker,0
41,0,3,3,2,2,2,"134,94",1032,"0,05",Broker,0
56,0,3,3,1,2,3,"176,34",1227,"0,05",Broker,0
51,0,3,3,1,2,0,"169,33",1261,"0,05",Broker,0
48,0,3,3,1,1,2,"145,18",1604,"0,05",Broker,0
54,0,3,3,4,4,2,"167,02",1800,"0,05",Broker,0
59,0,3,3,1,1,2,"180,00",1827,"0,05",Broker,0
43,0,3,3,1,2,2,"135,31",1849,"0,05",Broker,0
58,0,3,3,4,4,2,"180,00",1871,"0,05",Broker,0
44,0,3,3,2,2,0,"140,64",2270,"0,05",Broker,0
61,0,3,3,1,2,2,"180,00",2316,"0,05",Broker,0
48,0,3,3,4,4,0,"151,99",2354,"0,05",Broker,0
41,0,3,3,1,2,2,"123,05",2792,"0,05",Broker,0
41,0,3,3,4,4,2,"135,49",2845,"0,05",Broker,0
40,0,3,3,1,1,2,"127,21",2899,"0,05",Facebook,0
41,0,3,3,1,1,2,"129,86",2910,"0,05",Broker,0
46,0,3,3,1,2,2,"141,01",3313,"0,05",Broker,0
49,0,3,3,1,2,2,"154,74",3327,"0,05",Broker,0
49,0,3,3,1,2,0,"155,98",3351,"0,05",Broker,0
57,0,3,3,4,4,2,"170,47",3483,"0,05",Broker,0
44,0,3,3,4,4,0,"132,25",3689,"0,05",Broker,0
54,0,3,3,1,1,2,"164,90",3748,"0,05",Broker,0
48,0,3,3,1,1,2,"144,27",3754,"0,05",Broker,0
46,0,3,3,2,2,2,"142,55",3880,"0,05",Broker,0
52,0,3,3,1,1,2,"160,14",4056,"0,05",Broker,0
49,0,3,3,1,1,0,"153,08",4209,"0,05",Broker,0
40,0,3,3,1,2,2,"118,56",4266,"0,05",www,0
59,0,3,3,4,4,0,"179,96",4323,"0,05",Broker,0
42,0,3,3,2,2,2,"130,25",4373,"0,05",Broker,0
58,0,3,3,4,4,0,"180,00",4446,"0,05",Broker,0
49,0,3,3,4,4,0,"160,17",4462,"0,05",Broker,0
50,0,3,3,2,2,0,"145,56",4595,"0,05",Broker,0
45,0,3,3,1,1,0,"137,78",4719,"0,05",Broker,0
45,0,3,3,4,4,2,"135,13",4758,"0,05",Broker,0
51,0,3,3,1,1,2,"161,12",4984,"0,05",Broker,0
54,0,3,3,1,1,0,"166,32",5133,"0,05",Broker,0
43,0,3,3,4,4,2,"135,48",5630,"0,05",Broker,0
49,0,3,3,2,2,2,"148,89",5910,"0,05",Broker,0
52,0,3,3,1,1,2,"160,89",6009,"0,05",Broker,0
42,0,3,3,2,2,2,"132,52",6024,"0,05",Broker,0
46,0,3,3,1,1,2,"136,41",6536,"0,05",Broker,0
54,0,3,3,4,4,0,"155,71",6596,"0,05",Broker,0
49,0,3,3,1,2,2,"151,41",6737,"0,05",Broker,0
54,0,3,3,1,2,2,"165,56",6776,"0,05",Broker,0
47,0,3,3,2,2,2,"154,40",7350,"0,05",Broker,0
56,0,3,3,1,1,2,"177,09",7365,"0,05",Broker,0
49,0,3,3,1,2,0,"158,21",7391,"0,05",Broker,0
44,0,3,3,1,2,2,"140,39",7578,"0,05",Broker,0
56,0,3,3,1,2,0,"172,02",7791,"0,05",Broker,0
49,0,3,3,2,2,0,"155,95",7928,"0,05",Broker,0
41,0,3,3,1,1,2,"128,97",7979,"0,05",Broker,0
59,0,3,3,4,4,2,"180,00",7997,"0,05",Broker,0
62,0,3,3,1,2,2,"180,00",8127,"0,05",Broker,0
50,0,3,3,1,2,2,"158,34",8340,"0,05",Broker,0
60,0,3,3,1,1,0,"180,00",8565,"0,05",Broker,0
54,0,3,3,2,2,0,"170,36",8602,"0,05",Broker,0
43,0,3,3,1,1,3,"137,38",8681,"0,05",Broker,0
53,0,3,3,4,4,0,"161,44",8791,"0,05",Broker,0
42,0,3,3,1,1,2,"133,06",8792,"0,05",Broker,0
62,0,3,3,1,1,0,"180,00",9292,"0,05",Broker,0
51,0,3,3,2,2,2,"160,04",9375,"0,05",Broker,0
44,0,3,3,4,4,0,"135,21",9476,"0,05",Broker,0
49,0,3,3,4,4,0,"150,51",9589,"0,05",Broker,0
59,0,3,3,1,2,2,"177,63",9671,"0,05",Broker,0
41,0,3,3,1,1,2,"128,70",9890,"0,05",Broker,0
55,0,3,4,3,3,1,"173,48",2016,"0,05",Broker,0
40,0,3,4,3,3,1,"124,28",2267,"0,05",Facebook,0
50,0,3,4,3,3,1,"162,00",3195,"0,05",Broker,0
51,0,3,4,3,3,1,"161,97",3282,"0,05",Broker,0
43,0,3,4,3,3,1,"137,96",3510,"0,05",Broker,0
60,0,3,4,3,3,1,"180,00",3987,"0,05",Broker,0
45,0,3,4,3,3,1,"142,45",4442,"0,05",Broker,0
51,0,3,4,3,3,1,"158,41",4617,"0,05",Broker,0
58,0,3,4,3,3,1,"176,05",4882,"0,05",Broker,0
46,0,3,4,3,3,1,"141,76",5258,"0,05",Broker,0
49,0,3,4,3,3,1,"146,32",5649,"0,05",Broker,0
63,0,3,4,3,3,1,"180,00",6590,"0,05",Broker,0
52,0,3,4,3,3,1,"162,74",6723,"0,05",Broker,0
59,0,3,4,3,3,1,"180,00",7227,"0,05",Broker,0
64,0,3,4,3,3,1,"180,00",7548,"0,05",Broker,0
44,0,3,4,3,3,2,"139,85",14,"0,05",Broker,0
45,0,3,4,3,3,3,"147,89",28,"0,05",Broker,0
59,0,3,4,3,3,2,"179,04",156,"0,05",Broker,0
46,0,3,4,3,3,2,"143,12",1728,"0,05",Broker,0
55,0,3,4,3,3,2,"173,36",1893,"0,05",Broker,0
57,0,3,4,3,3,0,"180,00",2857,"0,05",Broker,0
63,0,3,4,3,3,0,"180,00",2984,"0,05",Broker,0
51,0,3,4,3,3,0,"161,30",3299,"0,05",Broker,0
60,0,3,4,3,3,2,"180,00",4259,"0,05",Broker,0
44,0,3,4,3,3,2,"126,64",4418,"0,05",Broker,0
41,0,3,4,3,3,2,"133,40",4579,"0,05",Broker,0
40,0,3,4,3,3,0,"117,52",4659,"0,05",www,0
53,0,3,4,3,3,2,"161,69",4872,"0,05",Broker,0
44,0,3,4,3,3,2,"133,56",5095,"0,05",Broker,0
62,0,3,4,3,3,2,"180,00",5351,"0,05",Broker,0
60,0,3,4,3,3,2,"180,00",5806,"0,05",Broker,0
48,0,3,4,3,3,2,"151,46",6566,"0,05",Broker,0
51,0,3,4,3,3,0,"154,74",6604,"0,05",Broker,0
59,0,3,4,3,3,0,"176,82",6782,"0,05",Broker,0
56,0,3,4,3,3,2,"176,09",7409,"0,05",Broker,0
49,0,3,4,3,3,2,"157,35",7674,"0,05",Broker,0
55,0,3,4,3,3,2,"163,21",8056,"0,05",Broker,0
41,0,3,4,3,3,2,"130,84",8104,"0,05",Broker,0
54,0,3,4,3,3,2,"169,29",8441,"0,05",Broker,0
53,0,3,4,3,3,0,"173,18",8557,"0,05",Broker,0
58,0,3,4,3,3,2,"180,00",8661,"0,05",Broker,0
47,0,3,4,3,3,3,"143,53",8687,"0,05",Broker,0
46,0,3,4,3,3,2,"142,14",9846,"0,05",Broker,0
41,0,3,4,3,4,1,"128,22",5465,"0,05",Broker,0
63,0,3,4,3,4,1,"180,00",6488,"0,05",Broker,0
57,0,3,4,3,4,1,"180,00",6609,"0,05",Broker,0
61,0,3,4,3,4,1,"179,58",7062,"0,05",Broker,0
54,0,3,4,3,4,1,"163,25",7419,"0,05",Broker,0
40,0,3,4,3,4,1,"130,89",9878,"0,05",Facebook,0
57,0,3,4,3,4,2,"175,56",519,"0,05",Broker,0
47,0,3,4,3,4,0,"147,84",1319,"0,05",Broker,0
49,0,3,4,3,4,2,"144,97",1322,"0,05",Broker,0
57,0,3,4,3,4,2,"170,26",1404,"0,05",Broker,0
56,0,3,4,3,4,2,"169,73",2113,"0,05",Broker,0
54,0,3,4,3,4,2,"162,13",2194,"0,05",Broker,0
52,0,3,4,3,4,2,"161,69",2749,"0,05",Broker,0
58,0,3,4,3,4,2,"180,00",3099,"0,05",Broker,0
47,0,3,4,3,4,0,"150,50",4062,"0,05",Broker,0
50,0,3,4,3,4,2,"155,17",4208,"0,05",Broker,0
40,0,3,4,3,4,2,"130,25",4242,"0,05",Facebook,0
42,0,3,4,3,4,2,"137,04",5007,"0,05",Broker,0
46,0,3,4,3,4,2,"137,56",5287,"0,05",Broker,0
45,0,3,4,3,4,2,"143,07",5367,"0,05",Broker,0
48,0,3,4,3,4,3,"153,31",5988,"0,05",Broker,0
46,0,3,4,3,4,0,"151,87",6189,"0,05",Broker,0
40,0,3,4,3,4,2,"127,63",6670,"0,05",Facebook,0
44,0,3,4,3,4,2,"137,04",7197,"0,05",Broker,0
44,0,3,4,3,4,2,"134,47",7198,"0,05",Broker,0
61,0,3,4,3,4,2,"180,00",8271,"0,05",Broker,0
44,0,3,4,3,4,0,"132,50",8828,"0,05",Broker,0
57,0,3,4,2,3,1,"174,68",1460,"0,05",Broker,0
61,0,3,4,2,3,1,"180,00",3734,"0,05",Broker,0
51,0,3,4,2,3,1,"157,37",5348,"0,05",Broker,0
44,0,3,4,2,3,1,"132,93",6247,"0,05",Broker,0
49,0,3,4,2,3,2,"148,53",827,"0,05",Broker,0
50,0,3,4,2,3,0,"152,68",1076,"0,05",Broker,0
46,0,3,4,2,3,2,"142,86",1688,"0,05",Broker,0
51,0,3,4,2,3,2,"167,78",2070,"0,05",Broker,0
57,0,3,4,2,3,2,"180,00",3086,"0,05",Broker,0
53,0,3,4,2,3,2,"178,14",3107,"0,05",Broker,0
50,0,3,4,2,3,2,"169,62",3837,"0,05",Broker,0
49,0,3,4,2,3,0,"153,66",4812,"0,05",Broker,0
44,0,3,4,2,3,0,"137,59",5925,"0,05",Broker,0
48,0,3,4,2,3,2,"148,40",6147,"0,05",Broker,0
59,0,3,4,2,3,2,"175,97",9041,"0,05",Broker,0
54,0,3,4,1,2,1,"162,35",993,"0,05",Broker,0
41,0,3,4,1,1,1,"126,69",1382,"0,05",Broker,1
51,0,3,4,1,2,1,"154,42",1397,"0,05",Broker,0
48,0,3,4,1,1,1,"147,92",1587,"0,05",Broker,0
63,0,3,4,2,2,1,"180,00",2254,"0,05",Broker,0
49,0,3,4,1,1,1,"159,88",2695,"0,05",Broker,0
50,0,3,4,2,2,1,"156,49",2745,"0,05",Broker,0
49,0,3,4,1,1,1,"147,47",2977,"0,05",Broker,0
57,0,3,4,1,2,1,"178,74",3269,"0,05",Broker,0
51,0,3,4,2,2,1,"163,17",3336,"0,05",Broker,0
48,0,3,4,1,1,1,"153,82",3447,"0,05",Broker,0
51,0,3,4,1,1,1,"165,54",3557,"0,05",Broker,1
57,0,3,4,2,2,1,"179,46",3603,"0,05",Broker,0
51,0,3,4,4,4,1,"153,43",3610,"0,05",Broker,0
44,0,3,4,1,2,1,"139,65",3692,"0,05",Broker,0
65,0,3,4,1,1,1,"180,00",3780,"0,05",Broker,0
61,0,3,4,1,1,1,"180,00",4007,"0,05",Broker,0
52,0,3,4,1,2,1,"159,94",4303,"0,05",Broker,0
51,0,3,4,1,1,1,"156,87",4477,"0,05",Broker,0
59,0,3,4,2,2,1,"180,00",4526,"0,05",Broker,0
40,0,3,4,4,4,1,"133,11",4560,"0,05",Facebook,0
44,0,3,4,1,1,1,"131,69",4868,"0,05",Broker,0
56,0,3,4,2,2,1,"178,47",4897,"0,05",Broker,0
50,0,3,4,4,4,1,"150,89",5200,"0,05",Broker,0
45,0,3,4,1,1,1,"143,30",5947,"0,05",Broker,0
61,0,3,4,1,1,1,"180,00",6933,"0,05",Broker,0
61,0,3,4,1,2,1,"180,00",7119,"0,05",Broker,0
40,0,3,4,1,1,1,"128,15",7444,"0,05",Facebook,0
43,0,3,4,1,1,1,"138,68",7802,"0,05",Broker,0
47,0,3,4,1,1,1,"148,36",7812,"0,05",Broker,0
51,0,3,4,4,4,1,"149,18",8108,"0,05",Broker,0
41,0,3,4,4,4,1,"136,58",8398,"0,05",Broker,0
47,0,3,4,4,4,1,"155,20",8521,"0,05",Broker,0
47,0,3,4,1,1,1,"148,86",8528,"0,05",Broker,0
44,0,3,4,2,2,1,"137,41",8945,"0,05",Broker,0
47,0,3,4,4,4,1,"139,38",9280,"0,05",Broker,0
43,0,3,4,4,4,1,"145,67",9303,"0,05",Broker,0
45,0,3,4,2,2,2,"149,53",275,"0,05",Broker,0
51,0,3,4,1,1,3,"155,88",300,"0,05",Broker,0
65,0,3,4,2,2,2,"180,00",356,"0,05",Broker,1
55,0,3,4,1,1,0,"173,84",612,"0,05",Broker,0
46,0,3,4,2,2,2,"133,30",834,"0,05",Broker,0
56,0,3,4,4,4,2,"178,70",999,"0,05",Broker,0
43,0,3,4,2,2,2,"136,29",1025,"0,05",Broker,0
54,0,3,4,1,1,2,"162,46",1411,"0,05",Broker,0
58,0,3,4,4,4,2,"180,00",1425,"0,05",Broker,0
51,0,3,4,1,1,2,"161,90",1497,"0,05",Broker,0
43,0,3,4,1,1,2,"140,61",1544,"0,05",Broker,0
51,0,3,4,1,1,2,"160,36",1613,"0,05",Broker,1
40,0,3,4,4,4,2,"123,81",1670,"0,05",Facebook,0
40,0,3,4,1,2,0,"125,03",1723,"0,05",Facebook,0
60,0,3,4,2,2,2,"180,00",2234,"0,05",Broker,0
58,0,3,4,1,1,2,"179,35",2285,"0,05",Broker,0
56,0,3,4,1,2,2,"174,50",2377,"0,05",Broker,0
41,0,3,4,4,4,0,"134,60",2595,"0,05",Broker,0
58,0,3,4,1,1,0,"180,00",3146,"0,05",Broker,0
43,0,3,4,2,2,2,"139,98",3260,"0,05",Broker,0
59,0,3,4,1,1,2,"171,60",3369,"0,05",Broker,0
45,0,3,4,4,4,0,"144,23",3416,"0,05",Broker,0
53,0,3,4,1,2,2,"161,87",3468,"0,05",Broker,0
56,0,3,4,1,2,0,"173,09",3560,"0,05",Broker,0
55,0,3,4,4,4,2,"171,18",3695,"0,05",Broker,0
50,0,3,4,4,4,0,"152,07",3698,"0,05",Broker,0
57,0,3,4,1,1,2,"175,29",3724,"0,05",Broker,0
48,0,3,4,1,2,2,"152,75",3758,"0,05",Broker,0
63,0,3,4,4,4,0,"180,00",4269,"0,05",Broker,0
64,0,3,4,2,2,0,"180,00",4630,"0,05",Broker,0
42,0,3,4,1,1,2,"126,91",4755,"0,05",Broker,1
42,0,3,4,1,2,2,"135,53",4805,"0,05",Broker,0
47,0,3,4,4,4,3,"146,00",4910,"0,05",Broker,0
52,0,3,4,4,4,2,"173,30",4972,"0,05",Broker,0
40,0,3,4,2,2,2,"123,91",5163,"0,05",Facebook,0
49,0,3,4,4,4,0,"152,45",5365,"0,05",Broker,0
42,0,3,4,4,4,2,"135,10",5477,"0,05",Broker,0
46,0,3,4,1,1,2,"148,54",5746,"0,05",Broker,0
52,0,3,4,4,4,2,"155,34",6040,"0,05",Broker,0
45,0,3,4,4,4,0,"132,54",6238,"0,05",Broker,0
40,0,3,4,2,2,2,"124,32",6328,"0,05",Facebook,0
41,0,3,4,2,2,2,"121,22",6530,"0,05",Broker,0
49,0,3,4,1,1,0,"153,16",6718,"0,05",Broker,0
58,0,3,4,1,1,2,"172,47",6960,"0,05",Broker,0
55,0,3,4,2,2,2,"178,08",7356,"0,05",Broker,0
57,0,3,4,1,2,2,"180,00",7386,"0,05",Broker,0
63,0,3,4,1,2,0,"180,00",7486,"0,05",Broker,0
54,0,3,4,1,1,2,"167,87",7671,"0,05",Broker,0
40,0,3,4,1,2,2,"123,35",7711,"0,05",Facebook,0
50,0,3,4,1,1,0,"155,61",8137,"0,05",Broker,0
53,0,3,4,1,2,0,"164,00",8486,"0,05",Broker,0
40,0,3,4,4,4,2,"119,43",8513,"0,05",www,0
53,0,3,4,4,4,2,"162,46",8805,"0,05",Broker,0
56,0,3,4,4,4,2,"173,18",9007,"0,05",Broker,0
55,0,3,4,1,1,0,"166,90",9211,"0,05",Broker,0
50,0,3,4,1,1,2,"156,25",9400,"0,05",Broker,0
49,0,3,4,1,1,0,"147,86",9432,"0,05",Broker,0
44,0,3,4,1,1,2,"132,17",9455,"0,05",Broker,0
42,0,3,4,1,1,2,"133,33",9594,"0,05",Broker,0
54,0,3,4,1,1,2,"169,45",9658,"0,05",Broker,0
44,0,3,4,1,1,2,"130,61",9784,"0,05",Broker,0
55,0,3,4,1,2,2,"164,62",9786,"0,05",Broker,0
40,0,3,4,1,2,2,"119,76",9813,"0,05",www,0
42,0,3,4,1,2,2,"133,35",9884,"0,05",Broker,0
63,0,3,4,2,2,2,"180,00",9975,"0,05",Broker,1
48,0,3,4,1,2,2,"149,05",9992,"0,05",Broker,0
44,0,2,2,3,3,1,"128,00",564,"0,05",Broker,0
53,0,2,2,3,3,1,"171,18",721,"0,05",Broker,0
48,0,2,2,3,3,1,"155,91",738,"0,05",Broker,0
43,0,2,1,3,3,1,"126,73",936,"0,05",Broker,0
47,0,2,1,3,3,1,"149,32",1229,"0,05",Broker,0
49,0,2,1,3,3,1,"157,23",1453,"0,05",Broker,0
47,0,2,1,3,3,1,"145,61",1499,"0,05",Broker,0
41,0,2,2,3,3,1,"134,22",2395,"0,05",Broker,0
43,0,2,1,3,3,1,"137,61",2536,"0,05",Broker,0
52,0,2,2,3,3,1,"162,38",2596,"0,05",Broker,0
48,0,2,2,3,3,1,"149,14",2815,"0,05",Broker,0
45,0,2,2,3,3,1,"145,65",3039,"0,05",Broker,0
62,0,2,2,3,3,1,"180,00",3128,"0,05",Broker,0
49,0,2,2,3,3,1,"160,34",3334,"0,05",Broker,0
41,0,2,1,3,3,1,"132,68",3376,"0,05",Broker,0
50,0,2,1,3,3,1,"148,57",3378,"0,05",Broker,0
49,0,2,2,3,3,1,"150,82",3567,"0,05",Broker,0
49,0,2,2,3,3,1,"144,10",3790,"0,05",Broker,0
44,0,2,2,3,3,1,"137,53",3798,"0,05",Broker,0
45,0,2,1,3,3,1,"140,21",4169,"0,05",Broker,0
55,0,2,1,3,3,1,"171,58",4430,"0,05",Broker,0
41,0,2,1,3,3,1,"121,29",4512,"0,05",Broker,0
49,0,2,2,3,3,1,"150,32",5114,"0,05",Broker,0
44,0,2,2,3,3,1,"136,66",5503,"0,05",Broker,0
51,0,2,1,3,3,1,"161,99",5784,"0,05",Broker,0
52,0,2,1,3,3,1,"159,76",6031,"0,05",Broker,0
53,0,2,2,3,3,1,"166,67",6062,"0,05",Broker,0
63,0,2,1,3,3,1,"180,00",6762,"0,05",Broker,0
40,0,2,1,3,3,1,"121,97",6932,"0,05",Facebook,0
60,0,2,2,3,3,1,"180,00",6990,"0,05",Broker,0
60,0,2,2,3,3,1,"178,12",7411,"0,05",Broker,0
42,0,2,1,3,3,1,"134,04",7464,"0,05",Broker,0
48,0,2,2,3,3,1,"155,52",7497,"0,05",Broker,0
47,0,2,2,3,3,1,"143,28",7756,"0,05",Broker,0
54,0,2,2,3,3,1,"167,59",7946,"0,05",Broker,0
51,0,2,1,3,3,1,"158,31",8060,"0,05",Broker,0
46,0,2,1,3,3,1,"137,51",8101,"0,05",Broker,0
41,0,2,1,3,3,1,"130,33",8611,"0,05",Broker,0
43,0,2,2,3,3,1,"140,84",8778,"0,05",Broker,0
53,0,2,2,3,3,1,"166,46",9281,"0,05",Broker,0
64,0,2,2,3,3,1,"180,00",9468,"0,05",Broker,0
50,0,2,2,3,3,1,"149,16",9762,"0,05",Broker,0
55,0,2,2,3,3,1,"169,74",9869,"0,05",Broker,0
46,0,2,1,3,3,1,"142,85",9891,"0,05",Broker,0
55,0,2,1,3,3,2,"168,08",37,"0,05",Broker,0
46,0,2,2,3,3,2,"149,45",281,"0,05",Broker,0
62,0,2,2,3,3,2,"180,00",509,"0,05",Broker,0
43,0,2,1,3,3,0,"136,45",610,"0,05",Broker,0
44,0,2,2,3,3,2,"133,52",674,"0,05",Broker,0
57,0,2,1,3,3,0,"169,10",722,"0,05",Broker,0
62,0,2,1,3,3,0,"180,00",1500,"0,05",Broker,0
65,0,2,2,3,3,0,"180,00",1504,"0,05",Broker,0
55,0,2,1,3,3,2,"178,84",1562,"0,05",Broker,0
41,0,2,1,3,3,3,"125,41",1593,"0,05",Broker,0
54,0,2,1,3,3,0,"173,22",1650,"0,05",Broker,0
50,0,2,2,3,3,0,"159,62",1874,"0,05",Broker,0
60,0,2,2,3,3,2,"180,00",3067,"0,05",Broker,0
46,0,2,1,3,3,2,"144,97",3308,"0,05",Broker,0
44,0,2,1,3,3,0,"139,49",3400,"0,05",Broker,0
47,0,2,1,3,3,2,"148,70",3428,"0,05",Broker,0
53,0,2,2,3,3,2,"166,38",3725,"0,05",Broker,0
52,0,2,1,3,3,2,"162,82",3759,"0,05",Broker,0
58,0,2,2,3,3,2,"177,77",3766,"0,05",Broker,0
41,0,2,1,3,3,2,"132,95",3812,"0,05",Broker,0
43,0,2,1,3,3,2,"139,85",3926,"0,05",Broker,0
41,0,2,2,3,3,2,"130,43",4079,"0,05",Broker,0
50,0,2,1,3,3,0,"152,27",4185,"0,05",Broker,0
55,0,2,1,3,3,2,"167,69",4280,"0,05",Broker,0
50,0,2,1,3,3,0,"160,69",4606,"0,05",Broker,0
48,0,2,1,3,3,2,"147,73",4737,"0,05",Broker,0
47,0,2,2,3,3,0,"146,26",4770,"0,05",Broker,0
62,0,2,1,3,3,2,"180,00",4896,"0,05",Broker,0
49,0,2,2,3,3,2,"149,78",4944,"0,05",Broker,0
43,0,2,1,3,3,2,"132,43",5137,"0,05",Broker,1
59,0,2,2,3,3,2,"180,00",5291,"0,05",Broker,0
58,0,2,1,3,3,2,"177,85",5349,"0,05",Broker,0
43,0,2,1,3,3,0,"141,74",5654,"0,05",Broker,0
48,0,2,2,3,3,2,"153,51",5835,"0,05",Broker,0
61,0,2,2,3,3,2,"180,00",5838,"0,05",Broker,0
40,0,2,2,3,3,2,"130,00",5881,"0,05",Facebook,0
50,0,2,1,3,3,0,"156,70",5946,"0,05",Broker,0
51,0,2,2,3,3,0,"158,97",6138,"0,05",Broker,0
61,0,2,1,3,3,0,"180,00",6359,"0,05",Broker,0
61,0,2,2,3,3,2,"180,00",6694,"0,05",Broker,0
55,0,2,2,3,3,2,"167,56",6752,"0,05",Broker,1
58,0,2,2,3,3,2,"178,26",7312,"0,05",Broker,0
43,0,2,1,3,3,2,"136,27",7442,"0,05",Broker,0
65,0,2,2,3,3,2,"180,00",7632,"0,05",Broker,0
54,0,2,1,3,3,2,"157,62",7682,"0,05",Broker,0
56,0,2,1,3,3,2,"171,36",7792,"0,05",Broker,0
44,0,2,2,3,3,0,"138,95",7796,"0,05",Broker,0
50,0,2,1,3,3,2,"150,70",7842,"0,05",Broker,0
49,0,2,1,3,3,2,"149,39",8023,"0,05",Broker,0
43,0,2,1,3,3,2,"140,07",8024,"0,05",Broker,0
61,0,2,2,3,3,3,"180,00",8079,"0,05",Broker,0
49,0,2,2,3,3,2,"155,74",8773,"0,05",Broker,1
45,0,2,2,3,3,2,"146,61",8833,"0,05",Broker,0
60,0,2,1,3,3,2,"180,00",8920,"0,05",Broker,0
49,0,2,1,3,3,2,"152,38",8974,"0,05",Broker,0
55,0,2,1,3,3,2,"173,16",9652,"0,05",Broker,0
64,0,2,1,3,4,1,"180,00",219,"0,05",Broker,0
52,0,2,2,3,4,1,"165,46",269,"0,05",Broker,0
50,0,2,1,3,4,1,"159,20",955,"0,05",Broker,0
51,0,2,2,3,4,1,"161,65",1619,"0,05",Broker,0
46,0,2,1,3,4,1,"136,24",3218,"0,05",Broker,0
47,0,2,1,3,4,1,"157,59",3393,"0,05",Broker,0
61,0,2,1,3,4,1,"180,00",3413,"0,05",Broker,0
44,0,2,1,3,4,1,"134,33",3547,"0,05",Broker,0
53,0,2,2,3,4,1,"165,67",5162,"0,05",Broker,0
53,0,2,2,3,4,1,"152,73",5448,"0,05",Broker,1
56,0,2,1,3,4,1,"168,61",6131,"0,05",Broker,0
61,0,2,1,3,4,1,"180,00",7456,"0,05",Broker,0
50,0,2,1,3,4,1,"148,11",7565,"0,05",Broker,0
48,0,2,1,3,4,1,"157,11",7794,"0,05",Broker,0
47,0,2,2,3,4,1,"150,80",8125,"0,05",Broker,0
40,0,2,2,3,4,1,"119,58",8304,"0,05",www,0
40,0,2,2,3,4,1,"131,67",8504,"0,05",Facebook,1
43,0,2,1,3,4,1,"134,45",8841,"0,05",Broker,0
40,0,2,1,3,4,3,"120,79",120,"0,05",Facebook,0
47,0,2,2,3,4,0,"145,39",1130,"0,05",Broker,0
47,0,2,1,3,4,0,"146,24",1704,"0,05",Broker,0
45,0,2,1,3,4,2,"132,16",1843,"0,05",Broker,0
54,0,2,1,3,4,2,"165,65",2103,"0,05",Broker,0
60,0,2,1,3,4,3,"180,00",2261,"0,05",Broker,0
42,0,2,2,3,4,3,"132,79",2317,"0,05",Broker,0
58,0,2,1,3,4,2,"172,43",2523,"0,05",Broker,0
55,0,2,1,3,4,2,"176,72",2528,"0,05",Broker,0
55,0,2,2,3,4,0,"164,13",2696,"0,05",Broker,0
54,0,2,1,3,4,0,"166,98",3068,"0,05",Broker,0
41,0,2,2,3,4,2,"130,07",3580,"0,05",Broker,0
46,0,2,1,3,4,0,"141,35",3842,"0,05",Broker,0
52,0,2,1,3,4,0,"160,79",4410,"0,05",Broker,0
40,0,2,1,3,4,2,"126,56",4795,"0,05",Facebook,0
45,0,2,1,3,4,0,"136,64",4883,"0,05",Broker,0
49,0,2,1,3,4,0,"151,72",5605,"0,05",Broker,0
54,0,2,2,3,4,2,"167,42",5914,"0,05",Broker,0
52,0,2,2,3,4,2,"166,03",6367,"0,05",Broker,0
42,0,2,1,3,4,2,"133,51",6496,"0,05",Broker,0
44,0,2,1,3,4,2,"134,23",6681,"0,05",Broker,0
40,0,2,1,3,4,2,"123,69",6803,"0,05",Facebook,0
57,0,2,2,3,4,2,"180,00",7631,"0,05",Broker,0
52,0,2,1,3,4,0,"167,46",8695,"0,05",Broker,0
43,0,2,1,3,4,2,"135,83",8734,"0,05",Broker,0
46,0,2,1,3,4,3,"142,69",8838,"0,05",Broker,0
40,0,2,2,3,4,2,"116,97",9373,"0,05",www,0
42,0,2,1,3,4,0,"138,25",9446,"0,05",Broker,0
49,0,2,2,3,4,2,"148,24",9530,"0,05",Broker,0
64,0,2,1,2,3,1,"180,00",4622,"0,05",Broker,0
41,0,2,2,2,3,1,"128,01",6549,"0,05",Broker,0
61,0,2,1,2,3,1,"180,00",6716,"0,05",Broker,0
41,0,2,2,2,3,1,"134,26",6759,"0,05",Broker,0
45,0,2,2,2,3,1,"144,38",9202,"0,05",Broker,0
61,0,2,1,2,3,1,"180,00",9276,"0,05",Broker,0
58,0,2,1,2,3,2,"180,00",114,"0,05",Broker,0
56,0,2,2,2,3,0,"175,27",729,"0,05",Broker,0
42,0,2,2,2,3,2,"129,97",984,"0,05",Broker,0
48,0,2,1,2,3,2,"146,03",1663,"0,05",Broker,0
53,0,2,1,2,3,2,"156,94",2037,"0,05",Broker,0
47,0,2,1,2,3,2,"150,62",2203,"0,05",Broker,0
51,0,2,2,2,3,2,"157,83",3285,"0,05",Broker,1
44,0,2,1,2,3,2,"133,83",3869,"0,05",Broker,0
47,0,2,1,2,3,2,"141,97",4168,"0,05",Broker,0
53,0,2,1,2,3,0,"166,91",4357,"0,05",Broker,0
56,0,2,2,2,3,2,"174,57",4616,"0,05",Broker,0
48,0,2,2,2,3,0,"144,24",4908,"0,05",Broker,0
44,0,2,2,2,3,2,"144,97",5729,"0,05",Broker,0
47,0,2,1,2,3,2,"147,68",6086,"0,05",Broker,0
60,0,2,2,2,3,0,"180,00",6952,"0,05",Broker,0
55,0,2,2,2,3,0,"173,38",7082,"0,05",Broker,1
42,0,2,1,2,3,0,"131,56",8860,"0,05",Broker,0
43,0,2,1,2,3,2,"138,92",8947,"0,05",Broker,0
41,0,2,1,1,1,1,"126,52",322,"0,05",Broker,0
43,0,2,2,4,4,1,"135,92",468,"0,05",Broker,0
56,0,2,2,2,2,1,"168,47",482,"0,05",Broker,0
47,0,2,1,2,2,1,"146,66",629,"0,05",Broker,0
41,0,2,1,1,2,1,"130,07",678,"0,05",Broker,0
40,0,2,1,4,4,1,"130,88",951,"0,05",Facebook,0
63,0,2,1,2,2,1,"180,00",1162,"0,05",Broker,0
51,0,2,1,1,1,1,"159,76",1365,"0,05",Broker,0
42,0,2,2,1,2,1,"119,04",1514,"0,05",Broker,0
46,0,2,2,2,2,1,"137,37",1622,"0,05",Broker,0
53,0,2,1,1,1,1,"168,10",1656,"0,05",Broker,0
43,0,2,2,4,4,1,"136,31",1789,"0,05",Broker,0
55,0,2,1,1,2,1,"169,54",1796,"0,05",Broker,0
53,0,2,1,4,4,1,"165,24",1945,"0,05",Broker,0
44,0,2,1,1,2,1,"145,23",1989,"0,05",Broker,0
44,0,2,1,4,4,1,"134,33",2163,"0,05",Broker,0
64,0,2,2,1,1,1,"180,00",2356,"0,05",Broker,0
60,0,2,2,1,1,1,"180,00",2418,"0,05",Broker,0
54,0,2,1,2,2,1,"168,67",2756,"0,05",Broker,0
58,0,2,2,4,4,1,"179,83",2926,"0,05",Broker,0
48,0,2,2,1,2,1,"152,35",3232,"0,05",Broker,0
42,0,2,1,4,4,1,"138,04",3479,"0,05",Broker,0
45,0,2,1,1,1,1,"134,86",3500,"0,05",Broker,0
41,0,2,1,1,2,1,"120,24",3806,"0,05",Broker,0
51,0,2,1,1,2,1,"156,84",3820,"0,05",Broker,0
47,0,2,2,1,1,1,"158,52",3919,"0,05",Broker,0
43,0,2,1,1,1,1,"138,03",4065,"0,05",Broker,0
61,0,2,1,4,4,1,"180,00",4068,"0,05",Broker,0
51,0,2,1,4,4,1,"160,58",4115,"0,05",Broker,0
48,0,2,2,2,2,1,"142,56",4288,"0,05",Broker,0
48,0,2,2,1,1,1,"149,16",4342,"0,05",Broker,0
50,0,2,2,1,1,1,"146,80",4460,"0,05",Broker,0
40,0,2,1,4,4,1,"122,04",4490,"0,05",Facebook,0
55,0,2,1,1,2,1,"165,68",4586,"0,05",Broker,0
64,0,2,2,1,1,1,"180,00",4601,"0,05",Broker,0
50,0,2,2,2,2,1,"156,93",4668,"0,05",Broker,1
43,0,2,1,4,4,1,"139,81",4674,"0,05",Broker,0
42,0,2,1,2,2,1,"130,32",4970,"0,05",Broker,0
57,0,2,1,1,1,1,"176,57",4999,"0,05",Broker,0
50,0,2,1,1,1,1,"159,99",5195,"0,05",Broker,0
64,0,2,1,1,1,1,"180,00",5334,"0,05",Broker,0
47,0,2,2,1,2,1,"152,26",5472,"0,05",Broker,0
41,0,2,1,1,1,1,"124,76",5476,"0,05",Broker,0
40,0,2,1,1,2,1,"127,72",5540,"0,05",Facebook,0
40,0,2,2,1,1,1,"122,58",5681,"0,05",Facebook,1
46,0,2,2,4,4,1,"149,44",5700,"0,05",Broker,0
43,0,2,2,1,1,1,"130,05",5771,"0,05",Broker,0
60,0,2,1,2,2,1,"180,00",5802,"0,05",Broker,0
62,0,2,1,2,2,1,"180,00",5860,"0,05",Broker,0
58,0,2,2,4,4,1,"180,00",5884,"0,05",Broker,0
45,0,2,1,1,1,1,"151,17",5985,"0,05",Broker,0
63,0,2,2,1,2,1,"180,00",6185,"0,05",Broker,0
46,0,2,1,4,4,1,"150,17",6310,"0,05",Broker,0
51,0,2,1,1,1,1,"158,16",6449,"0,05",Broker,0
61,0,2,1,1,1,1,"180,00",6515,"0,05",Broker,0
43,0,2,2,1,1,1,"135,40",7049,"0,05",Broker,0
50,0,2,2,2,2,1,"156,36",7360,"0,05",Broker,0
42,0,2,1,4,4,1,"127,87",7575,"0,05",Broker,0
53,0,2,2,2,2,1,"162,76",7789,"0,05",Broker,0
55,0,2,2,4,4,1,"167,40",8007,"0,05",Broker,0
60,0,2,1,4,4,1,"180,00",8237,"0,05",Broker,0
47,0,2,1,1,1,1,"151,79",8569,"0,05",Broker,0
59,0,2,1,4,4,1,"180,00",9414,"0,05",Broker,0
50,0,2,2,2,2,1,"157,57",9444,"0,05",Broker,0
46,0,2,2,1,1,1,"146,60",9450,"0,05",Broker,0
52,0,2,2,4,4,1,"164,40",9482,"0,05",Broker,0
54,0,2,1,1,1,1,"174,26",9753,"0,05",Broker,0
51,0,2,1,1,1,1,"159,97",9840,"0,05",Broker,0
57,0,2,2,1,1,1,"175,64",9986,"0,05",Broker,0
47,0,2,2,2,2,2,"151,38",27,"0,05",Broker,0
61,0,2,1,4,4,2,"180,00",44,"0,05",Broker,0
54,0,2,2,4,4,2,"180,00",47,"0,05",Broker,0
47,0,2,2,2,2,0,"148,77",83,"0,05",Broker,0
45,0,2,2,1,2,0,"140,47",266,"0,05",Broker,0
53,0,2,1,1,1,2,"171,25",371,"0,05",Broker,0
46,0,2,1,4,4,0,"144,08",435,"0,05",Broker,0
42,0,2,2,2,2,2,"136,74",481,"0,05",Broker,0
60,0,2,1,1,1,2,"180,00",518,"0,05",Broker,1
50,0,2,1,2,2,0,"169,35",538,"0,05",Broker,0
46,0,2,1,2,2,2,"145,83",550,"0,05",Broker,0
48,0,2,2,1,1,0,"150,93",634,"0,05",Broker,0
53,0,2,2,4,4,2,"163,03",637,"0,05",Broker,0
60,0,2,1,2,2,0,"180,00",716,"0,05",Broker,0
49,0,2,2,2,2,0,"152,44",758,"0,05",Broker,0
45,0,2,2,2,2,2,"134,65",769,"0,05",Broker,0
43,0,2,1,1,2,3,"130,54",972,"0,05",Broker,0
54,0,2,2,2,2,0,"167,54",1027,"0,05",Broker,0
47,0,2,1,1,1,2,"142,55",1151,"0,05",Broker,1
50,0,2,2,1,1,2,"164,94",1160,"0,05",Broker,0
47,0,2,1,1,2,0,"144,08",1167,"0,05",Broker,0
41,0,2,1,1,1,2,"134,83",1171,"0,05",Broker,0
48,0,2,1,1,2,2,"152,34",1175,"0,05",Broker,0
45,0,2,2,4,4,0,"149,15",1308,"0,05",Broker,0
54,0,2,1,1,1,2,"166,81",1472,"0,05",Broker,1
58,0,2,2,1,1,2,"180,00",1482,"0,05",Broker,0
41,0,2,1,2,2,0,"132,67",1484,"0,05",Broker,0
50,0,2,1,2,2,2,"160,34",1536,"0,05",Broker,0
47,0,2,2,1,1,2,"141,99",1543,"0,05",Broker,0
47,0,2,2,4,4,2,"144,38",1591,"0,05",Broker,0
55,0,2,1,1,1,0,"171,01",1648,"0,05",Broker,0
44,0,2,2,4,4,2,"142,33",1651,"0,05",Broker,0
47,0,2,1,1,2,2,"140,80",1842,"0,05",Broker,0
48,0,2,2,4,4,2,"149,91",2034,"0,05",Broker,0
62,0,2,1,4,4,3,"180,00",2045,"0,05",Broker,0
54,0,2,1,1,2,2,"165,83",2072,"0,05",Broker,0
40,0,2,2,4,4,0,"120,86",2104,"0,05",Facebook,0
44,0,2,2,4,4,0,"128,87",2119,"0,05",Broker,0
53,0,2,1,1,2,2,"162,66",2297,"0,05",Broker,1
54,0,2,1,1,1,2,"158,69",2481,"0,05",Broker,0
43,0,2,2,1,2,2,"142,13",2484,"0,05",Broker,0
44,0,2,2,4,4,2,"143,08",2564,"0,05",Broker,0
63,0,2,1,1,2,0,"180,00",2581,"0,05",Broker,0
56,0,2,1,4,4,3,"165,70",2592,"0,05",Broker,0
52,0,2,1,2,2,2,"158,18",2666,"0,05",Broker,0
62,0,2,2,1,2,0,"180,00",2784,"0,05",Broker,0
63,0,2,2,1,2,2,"180,00",2889,"0,05",Broker,0
42,0,2,1,1,1,2,"132,69",2898,"0,05",Broker,0
49,0,2,2,1,1,2,"149,93",3145,"0,05",Broker,0
49,0,2,1,2,2,2,"151,37",3314,"0,05",Broker,0
44,0,2,2,1,1,2,"141,03",3389,"0,05",Broker,0
56,0,2,2,1,1,2,"163,87",3404,"0,05",Broker,0
47,0,2,1,4,4,2,"142,82",3446,"0,05",Broker,0
43,0,2,1,1,1,0,"135,62",3522,"0,05",Broker,0
56,0,2,1,1,1,2,"173,65",3587,"0,05",Broker,0
44,0,2,2,4,4,2,"136,57",3659,"0,05",Broker,0
52,0,2,2,1,2,2,"158,26",3714,"0,05",Broker,0
64,0,2,2,1,1,2,"180,00",3855,"0,05",Broker,0
61,0,2,1,1,1,2,"180,00",3856,"0,05",Broker,0
43,0,2,2,2,2,0,"139,66",3881,"0,05",Broker,0
41,0,2,1,4,4,2,"127,74",3906,"0,05",Broker,0
45,0,2,1,4,4,0,"150,49",3963,"0,05",Broker,0
48,0,2,2,1,1,2,"143,54",4074,"0,05",Broker,0
55,0,2,2,4,4,2,"176,69",4087,"0,05",Broker,0
42,0,2,1,1,1,2,"133,74",4508,"0,05",Broker,0
42,0,2,2,1,1,0,"134,41",4534,"0,05",Broker,0
41,0,2,2,1,1,3,"133,23",4605,"0,05",Broker,0
58,0,2,2,2,2,2,"180,00",4620,"0,05",Broker,0
53,0,2,1,1,1,0,"162,88",4741,"0,05",Broker,0
49,0,2,2,1,2,2,"153,31",4747,"0,05",Broker,0
55,0,2,2,1,1,2,"170,35",5054,"0,05",Broker,0
41,0,2,2,1,1,0,"133,66",5085,"0,05",Broker,1
50,0,2,2,1,1,0,"153,56",5179,"0,05",Broker,0
55,0,2,1,1,1,3,"172,24",5323,"0,05",Broker,0
41,0,2,1,1,1,2,"131,66",5337,"0,05",Broker,0
43,0,2,1,2,2,0,"131,29",5751,"0,05",Broker,0
41,0,2,2,1,1,0,"132,27",5773,"0,05",Broker,1
49,0,2,1,4,4,2,"161,78",5888,"0,05",Broker,0
40,0,2,2,1,1,2,"120,18",6116,"0,05",Facebook,0
61,0,2,2,1,1,0,"180,00",6152,"0,05",Broker,0
41,0,2,1,1,2,2,"129,25",6162,"0,05",Broker,0
40,0,2,2,1,1,0,"127,10",6177,"0,05",Facebook,0
46,0,2,2,4,4,2,"140,51",6250,"0,05",Broker,0
59,0,2,2,4,4,0,"180,00",6259,"0,05",Broker,0
49,0,2,2,1,2,2,"160,90",6282,"0,05",Broker,0
54,0,2,1,4,4,3,"167,11",6471,"0,05",Broker,0
44,0,2,2,4,4,0,"133,83",6563,"0,05",Broker,0
55,0,2,1,1,1,3,"167,08",6637,"0,05",Broker,0
65,0,2,2,1,1,2,"180,00",6661,"0,05",Broker,0
43,0,2,1,1,2,0,"134,14",6899,"0,05",Broker,0
40,0,2,1,1,1,2,"135,12",6929,"0,05",Facebook,0
40,0,2,2,2,2,3,"129,30",7223,"0,05",Facebook,0
62,0,2,2,4,4,3,"180,00",7307,"0,05",Broker,0
47,0,2,1,1,1,0,"148,39",7551,"0,05",Broker,0
50,0,2,1,4,4,0,"156,94",7697,"0,05",Broker,0
58,0,2,2,1,2,2,"178,63",7722,"0,05",Broker,0
63,0,2,1,1,1,0,"180,00",7755,"0,05",Broker,0
44,0,2,2,1,1,2,"139,22",7838,"0,05",Broker,0
51,0,2,2,1,1,2,"168,29",8043,"0,05",Broker,0
44,0,2,2,4,4,0,"144,30",8301,"0,05",Broker,0
58,0,2,1,2,2,0,"176,30",8499,"0,05",Broker,0
56,0,2,1,1,1,0,"168,87",8512,"0,05",Broker,0
54,0,2,2,1,1,2,"165,94",8599,"0,05",Broker,0
49,0,2,2,1,1,2,"148,58",8614,"0,05",Broker,0
64,0,2,1,4,4,2,"180,00",8650,"0,05",Broker,0
53,0,2,1,1,2,2,"169,73",8774,"0,05",Broker,1
58,0,2,1,1,1,2,"173,38",8871,"0,05",Broker,0
40,0,2,1,1,2,0,"118,80",8876,"0,05",www,0
40,0,2,2,1,1,3,"122,78",8891,"0,05",Facebook,0
44,0,2,2,1,1,0,"129,35",8935,"0,05",Broker,0
47,0,2,2,4,4,2,"148,67",8963,"0,05",Broker,0
57,0,2,2,4,4,2,"180,00",9034,"0,05",Broker,0
57,0,2,2,1,2,0,"178,86",9082,"0,05",Broker,0
49,0,2,1,1,1,2,"144,01",9132,"0,05",Broker,0
50,0,2,2,1,1,0,"145,68",9203,"0,05",Broker,0
41,0,2,2,1,2,2,"127,69",9224,"0,05",Broker,0
65,0,2,1,2,2,2,"180,00",9328,"0,05",Broker,0
47,0,2,1,1,1,0,"152,19",9484,"0,05",Broker,0
63,0,2,1,1,1,2,"180,00",9506,"0,05",Broker,0
40,0,2,1,4,4,0,"135,99",9509,"0,05",Facebook,0
44,0,2,1,1,1,2,"138,79",9739,"0,05",Broker,1
44,0,2,3,3,3,1,"135,04",238,"0,05",Broker,0
57,0,2,3,3,3,1,"171,38",902,"0,05",Broker,0
51,0,2,3,3,3,1,"167,18",1549,"0,05",Broker,0
54,0,2,3,3,3,1,"166,13",2150,"0,05",Broker,0
47,0,2,3,3,3,1,"153,31",3059,"0,05",Broker,0
43,0,2,3,3,3,1,"132,22",4684,"0,05",Broker,0
55,0,2,3,3,3,1,"167,15",5172,"0,05",Broker,0
46,0,2,3,3,3,1,"149,30",7349,"0,05",Broker,0
47,0,2,3,3,3,1,"152,56",7881,"0,05",Broker,0
59,0,2,3,3,3,1,"176,69",9016,"0,05",Broker,0
56,0,2,3,3,3,1,"178,13",9229,"0,05",Broker,0
51,0,2,3,3,3,1,"163,85",9259,"0,05",Broker,0
40,0,2,3,3,3,0,"129,61",142,"0,05",Facebook,0
62,0,2,3,3,3,2,"180,00",188,"0,05",Broker,0
48,0,2,3,3,3,2,"149,63",295,"0,05",Broker,0
50,0,2,3,3,3,0,"158,36",321,"0,05",Broker,0
47,0,2,3,3,3,2,"143,17",700,"0,05",Broker,0
58,0,2,3,3,3,2,"180,00",899,"0,05",Broker,0
65,0,2,3,3,3,0,"180,00",1977,"0,05",Broker,0
46,0,2,3,3,3,2,"149,25",2174,"0,05",Broker,0
55,0,2,3,3,3,2,"169,15",2385,"0,05",Broker,0
44,0,2,3,3,3,0,"129,87",2509,"0,05",Broker,0
52,0,2,3,3,3,2,"164,49",3130,"0,05",Broker,0
46,0,2,3,3,3,2,"144,03",3273,"0,05",Broker,0
49,0,2,3,3,3,2,"150,53",3794,"0,05",Broker,0
41,0,2,3,3,3,0,"134,30",4143,"0,05",Broker,0
51,0,2,3,3,3,3,"166,40",4388,"0,05",Broker,0
51,0,2,3,3,3,2,"152,87",4594,"0,05",Broker,0
43,0,2,3,3,3,2,"135,04",4627,"0,05",Broker,0
47,0,2,3,3,3,2,"149,08",4975,"0,05",Broker,0
50,0,2,3,3,3,2,"152,04",5116,"0,05",Broker,0
56,0,2,3,3,3,2,"172,20",5177,"0,05",Broker,0
47,0,2,3,3,3,2,"145,02",5307,"0,05",Broker,0
54,0,2,3,3,3,0,"173,96",5350,"0,05",Broker,0
61,0,2,3,3,3,2,"180,00",5490,"0,05",Broker,0
48,0,2,3,3,3,2,"154,49",5619,"0,05",Broker,0
54,0,2,3,3,3,0,"164,18",6666,"0,05",Broker,0
50,0,2,3,3,3,2,"162,34",7326,"0,05",Broker,0
49,0,2,3,3,3,3,"160,44",7721,"0,05",Broker,0
48,0,2,3,3,3,3,"149,13",7908,"0,05",Broker,0
58,0,2,3,3,3,2,"180,00",8185,"0,05",Broker,0
59,0,2,3,3,3,2,"180,00",8187,"0,05",Broker,0
62,0,2,3,3,3,2,"180,00",8200,"0,05",Broker,0
43,0,2,3,3,3,2,"133,42",8831,"0,05",Broker,0
41,0,2,3,3,3,2,"132,88",9249,"0,05",Broker,0
59,0,2,3,3,3,2,"180,00",9642,"0,05",Broker,0
49,0,2,3,3,4,1,"150,19",80,"0,05",Broker,0
45,0,2,3,3,4,1,"151,04",2655,"0,05",Broker,0
47,0,2,3,3,4,1,"148,58",2723,"0,05",Broker,0
56,0,2,3,3,4,1,"175,77",2917,"0,05",Broker,0
48,0,2,3,3,4,1,"155,91",3583,"0,05",Broker,0
40,0,2,3,3,4,1,"119,34",5284,"0,05",www,0
51,0,2,3,3,4,1,"157,36",5698,"0,05",Broker,0
41,0,2,3,3,4,1,"131,47",5781,"0,05",Broker,0
40,0,2,3,3,4,1,"126,39",6794,"0,05",Facebook,0
45,0,2,3,3,4,1,"143,86",8942,"0,05",Broker,0
40,0,2,3,3,4,1,"128,24",9597,"0,05",Facebook,0
48,0,2,3,3,4,2,"144,47",2028,"0,05",Broker,0
49,0,2,3,3,4,0,"146,08",2115,"0,05",Broker,0
51,0,2,3,3,4,2,"165,90",3435,"0,05",Broker,0
41,0,2,3,3,4,0,"132,14",3808,"0,05",Broker,0
52,0,2,3,3,4,2,"166,58",5262,"0,05",Broker,0
49,0,2,3,3,4,0,"149,99",5276,"0,05",Broker,0
49,0,2,3,3,4,2,"141,68",5390,"0,05",Broker,0
56,0,2,3,3,4,2,"175,19",6527,"0,05",Broker,0
48,0,2,3,3,4,2,"133,55",7863,"0,05",Broker,0
51,0,2,3,3,4,2,"151,99",9351,"0,05",Broker,0
56,0,2,3,3,4,2,"177,14",9582,"0,05",Broker,0
46,0,2,3,3,4,0,"148,09",9963,"0,05",Broker,0
56,0,2,3,2,3,1,"168,79",1907,"0,05",Broker,0
41,0,2,3,2,3,1,"126,77",2711,"0,05",Broker,0
49,0,2,3,2,3,1,"153,51",3277,"0,05",Broker,0
42,0,2,3,2,3,1,"136,02",5902,"0,05",Broker,0
52,0,2,3,2,3,1,"162,15",6085,"0,05",Broker,0
60,0,2,3,2,3,1,"180,00",9908,"0,05",Broker,0
40,0,2,3,2,3,0,"129,59",1644,"0,05",Facebook,0
55,0,2,3,2,3,2,"165,95",1758,"0,05",Broker,0
42,0,2,3,2,3,2,"125,87",4552,"0,05",Broker,0
64,0,2,3,2,3,2,"180,00",5278,"0,05",Broker,0
47,0,2,3,2,3,2,"146,94",5689,"0,05",Broker,0
42,0,2,3,2,3,2,"139,48",8990,"0,05",Broker,0
40,0,2,3,1,1,1,"130,96",71,"0,05",Facebook,0
57,0,2,3,1,2,1,"180,00",202,"0,05",Broker,0
52,0,2,3,1,2,1,"163,62",259,"0,05",Broker,0
60,0,2,3,4,4,1,"180,00",1620,"0,05",Broker,0
56,0,2,3,1,1,1,"167,79",1657,"0,05",Broker,0
46,0,2,3,1,1,1,"156,60",1797,"0,05",Broker,0
56,0,2,3,4,4,1,"165,72",1820,"0,05",Broker,0
44,0,2,3,1,2,1,"132,02",1954,"0,05",Broker,0
48,0,2,3,1,1,1,"156,98",2226,"0,05",Broker,0
48,0,2,3,2,2,1,"148,64",3063,"0,05",Broker,0
44,0,2,3,1,1,1,"131,77",3221,"0,05",Broker,0
44,0,2,3,2,2,1,"136,37",3251,"0,05",Broker,0
43,0,2,3,1,1,1,"130,55",3310,"0,05",Broker,0
60,0,2,3,4,4,1,"180,00",3809,"0,05",Broker,0
53,0,2,3,4,4,1,"169,99",3823,"0,05",Broker,0
50,0,2,3,2,2,1,"155,58",3916,"0,05",Broker,0
59,0,2,3,1,2,1,"179,32",4029,"0,05",Broker,0
49,0,2,3,2,2,1,"153,67",4359,"0,05",Broker,0
62,0,2,3,4,4,1,"180,00",4767,"0,05",Broker,0
53,0,2,3,1,1,1,"164,02",5021,"0,05",Broker,0
46,0,2,3,2,2,1,"148,27",5106,"0,05",Broker,0
50,0,2,3,1,2,1,"160,96",5205,"0,05",Broker,0
57,0,2,3,2,2,1,"177,25",5216,"0,05",Broker,0
55,0,2,3,1,1,1,"170,39",5443,"0,05",Broker,0
63,0,2,3,4,4,1,"180,00",5853,"0,05",Broker,0
46,0,2,3,1,1,1,"145,23",6798,"0,05",Broker,0
53,0,2,3,1,2,1,"161,96",8300,"0,05",Broker,0
40,0,2,3,4,4,1,"127,50",8629,"0,05",Facebook,0
45,0,2,3,1,1,1,"148,10",8676,"0,05",Broker,0
52,0,2,3,1,1,1,"165,45",8904,"0,05",Broker,0
40,0,2,3,1,1,1,"126,01",9304,"0,05",Facebook,0
47,0,2,3,1,1,1,"143,51",9676,"0,05",Broker,0
41,0,2,3,1,2,1,"124,96",9989,"0,05",Broker,0
56,0,2,3,1,2,2,"174,21",11,"0,05",Broker,0
58,0,2,3,1,1,2,"175,80",129,"0,05",Broker,0
41,0,2,3,1,2,0,"128,19",194,"0,05",Broker,0
45,0,2,3,4,4,0,"146,86",296,"0,05",Broker,0
54,0,2,3,1,1,2,"166,62",513,"0,05",Broker,0
58,0,2,3,1,1,2,"176,63",652,"0,05",Broker,0
49,0,2,3,1,1,0,"150,29",658,"0,05",Broker,0
52,0,2,3,4,4,0,"163,56",736,"0,05",Broker,0
41,0,2,3,1,1,0,"129,01",773,"0,05",Broker,0
65,0,2,3,1,1,2,"180,00",1122,"0,05",Broker,0
48,0,2,3,1,1,0,"154,35",1164,"0,05",Broker,0
42,0,2,3,1,2,2,"130,40",1496,"0,05",Broker,0
49,0,2,3,1,2,2,"146,74",1646,"0,05",Broker,0
60,0,2,3,1,1,0,"180,00",1878,"0,05",Broker,0
60,0,2,3,1,2,0,"180,00",1978,"0,05",Broker,0
44,0,2,3,4,4,2,"138,62",2019,"0,05",Broker,0
49,0,2,3,1,1,2,"155,49",2084,"0,05",Broker,0
55,0,2,3,4,4,2,"175,11",2134,"0,05",Broker,0
60,0,2,3,1,1,2,"180,00",2187,"0,05",Broker,0
49,0,2,3,1,1,2,"158,82",2627,"0,05",Broker,0
53,0,2,3,1,1,2,"163,18",2644,"0,05",Broker,0
49,0,2,3,1,2,2,"143,63",2675,"0,05",Broker,0
60,0,2,3,1,1,2,"180,00",2694,"0,05",Broker,0
53,0,2,3,1,1,2,"163,79",3075,"0,05",Broker,0
60,0,2,3,2,2,3,"180,00",3121,"0,05",Broker,0
42,0,2,3,1,1,0,"135,64",3183,"0,05",Broker,0
48,0,2,3,1,1,2,"148,68",3191,"0,05",Broker,0
60,0,2,3,1,1,2,"180,00",3359,"0,05",Broker,0
44,0,2,3,1,2,2,"135,45",3457,"0,05",Broker,0
49,0,2,3,1,1,0,"146,13",3543,"0,05",Broker,0
46,0,2,3,1,1,2,"143,47",3627,"0,05",Broker,0
42,0,2,3,4,4,2,"131,77",3643,"0,05",Broker,0
60,0,2,3,1,1,2,"180,00",3669,"0,05",Broker,0
44,0,2,3,1,1,2,"143,78",3697,"0,05",Broker,0
40,0,2,3,4,4,2,"134,04",4063,"0,05",Facebook,0
56,0,2,3,1,2,0,"162,19",4083,"0,05",Broker,0
46,0,2,3,2,2,2,"148,28",4184,"0,05",Broker,0
53,0,2,3,4,4,0,"169,00",4314,"0,05",Broker,0
44,0,2,3,1,2,2,"143,69",4394,"0,05",Broker,0
44,0,2,3,4,4,0,"139,07",4514,"0,05",Broker,0
48,0,2,3,1,1,0,"147,11",4555,"0,05",Broker,0
41,0,2,3,1,2,2,"132,38",4604,"0,05",Broker,0
45,0,2,3,1,1,2,"141,12",5042,"0,05",Broker,0
46,0,2,3,4,4,2,"141,53",5505,"0,05",Broker,0
49,0,2,3,2,2,0,"162,60",5560,"0,05",Broker,0
42,0,2,3,1,2,2,"132,15",5872,"0,05",Broker,0
53,0,2,3,1,1,2,"172,71",6015,"0,05",Broker,0
46,0,2,3,2,2,0,"149,51",6325,"0,05",Broker,0
58,0,2,3,4,4,2,"176,07",6432,"0,05",Broker,0
43,0,2,3,2,2,2,"136,84",6547,"0,05",Broker,0
40,0,2,3,4,4,2,"118,56",6618,"0,05",www,0
45,0,2,3,1,2,0,"132,32",6808,"0,05",Broker,0
44,0,2,3,1,2,2,"138,01",6868,"0,05",Broker,0
55,0,2,3,2,2,2,"168,39",7031,"0,05",Broker,0
48,0,2,3,2,2,0,"153,32",7065,"0,05",Broker,0
46,0,2,3,2,2,0,"146,58",7592,"0,05",Broker,0
61,0,2,3,1,2,2,"180,00",7634,"0,05",Broker,0
48,0,2,3,1,1,0,"148,11",7858,"0,05",Broker,0
50,0,2,3,2,2,2,"155,52",7867,"0,05",Broker,0
52,0,2,3,1,1,0,"157,49",7875,"0,05",Broker,0
55,0,2,3,2,2,2,"171,10",7951,"0,05",Broker,0
47,0,2,3,1,1,2,"138,42",8009,"0,05",Broker,0
61,0,2,3,1,1,2,"180,00",8046,"0,05",Broker,0
45,0,2,3,1,2,2,"142,80",8207,"0,05",Broker,0
43,0,2,3,1,1,0,"137,64",8361,"0,05",Broker,0
42,0,2,3,1,1,0,"136,64",8412,"0,05",Broker,0
51,0,2,3,1,2,2,"161,46",8575,"0,05",Broker,0
42,0,2,3,1,1,2,"132,67",8637,"0,05",Broker,0
46,0,2,3,1,1,0,"141,53",8696,"0,05",Broker,0
54,0,2,3,1,2,0,"157,73",8753,"0,05",Broker,0
62,0,2,3,1,1,2,"180,00",8823,"0,05",Broker,0
43,0,2,3,1,1,0,"137,36",9012,"0,05",Broker,0
44,0,2,3,2,2,2,"141,54",9101,"0,05",Broker,0
45,0,2,3,1,2,2,"152,38",9273,"0,05",Broker,0
40,0,2,3,4,4,0,"123,41",9774,"0,05",Facebook,0
50,0,2,3,4,4,0,"155,10",9827,"0,05",Broker,0
49,0,2,4,3,3,1,"139,82",2086,"0,05",Broker,0
49,0,2,4,3,3,1,"155,33",2709,"0,05",Broker,0
43,0,2,4,3,3,1,"136,12",2891,"0,05",Broker,0
54,0,2,4,3,3,1,"164,40",3072,"0,05",Broker,0
53,0,2,4,3,3,1,"160,75",3165,"0,05",Broker,0
56,0,2,4,3,3,1,"175,15",3346,"0,05",Broker,0
41,0,2,4,3,3,1,"119,57",4039,"0,05",Broker,0
40,0,2,4,3,3,1,"125,93",4766,"0,05",Facebook,0
60,0,2,4,3,3,1,"180,00",6094,"0,05",Broker,0
61,0,2,4,3,3,1,"180,00",6188,"0,05",Broker,0
43,0,2,4,3,3,1,"141,58",6394,"0,05",Broker,0
52,0,2,4,3,3,1,"160,89",6626,"0,05",Broker,0
51,0,2,4,3,3,1,"150,45",7091,"0,05",Broker,0
53,0,2,4,3,3,1,"162,71",7853,"0,05",Broker,0
58,0,2,4,3,3,1,"180,00",8067,"0,05",Broker,0
60,0,2,4,3,3,1,"180,00",8244,"0,05",Broker,0
46,0,2,4,3,3,2,"153,12",388,"0,05",Broker,0
49,0,2,4,3,3,3,"154,50",1067,"0,05",Broker,0
49,0,2,4,3,3,2,"151,47",1144,"0,05",Broker,0
49,0,2,4,3,3,2,"165,20",1173,"0,05",Broker,0
54,0,2,4,3,3,0,"172,34",1443,"0,05",Broker,0
52,0,2,4,3,3,2,"154,24",2215,"0,05",Broker,0
56,0,2,4,3,3,2,"171,28",2967,"0,05",Broker,0
49,0,2,4,3,3,0,"146,90",2981,"0,05",Broker,0
45,0,2,4,3,3,2,"139,06",3185,"0,05",Broker,0
46,0,2,4,3,3,3,"147,97",3245,"0,05",Broker,0
43,0,2,4,3,3,0,"136,80",3531,"0,05",Broker,0
60,0,2,4,3,3,2,"180,00",3572,"0,05",Broker,0
40,0,2,4,3,3,2,"120,04",3736,"0,05",Facebook,0
45,0,2,4,3,3,0,"144,72",3771,"0,05",Broker,0
49,0,2,4,3,3,3,"147,83",3951,"0,05",Broker,0
41,0,2,4,3,3,2,"133,93",4270,"0,05",Broker,0
41,0,2,4,3,3,0,"132,39",4510,"0,05",Broker,0
48,0,2,4,3,3,0,"154,07",4827,"0,05",Broker,0
40,0,2,4,3,3,0,"133,29",4832,"0,05",Facebook,0
45,0,2,4,3,3,3,"143,59",6546,"0,05",Broker,0
51,0,2,4,3,3,2,"158,17",7052,"0,05",Broker,0
40,0,2,4,3,3,0,"135,39",7499,"0,05",Facebook,0
52,0,2,4,3,3,2,"156,69",7686,"0,05",Broker,0
51,0,2,4,3,3,2,"160,76",7743,"0,05",Broker,0
47,0,2,4,3,3,2,"154,61",7859,"0,05",Broker,0
56,0,2,4,3,3,2,"162,67",8033,"0,05",Broker,0
45,0,2,4,3,3,2,"137,89",8342,"0,05",Broker,0
51,0,2,4,3,3,0,"163,54",9095,"0,05",Broker,0
44,0,2,4,3,3,2,"138,19",9312,"0,05",Broker,0
50,0,2,4,3,3,2,"149,93",9368,"0,05",Broker,0
47,0,2,4,3,3,2,"153,53",9812,"0,05",Broker,0
40,0,2,4,3,4,1,"128,08",137,"0,05",Facebook,0
64,0,2,4,3,4,1,"180,00",258,"0,05",Broker,0
44,0,2,4,3,4,1,"141,48",1551,"0,05",Broker,0
42,0,2,4,3,4,1,"133,08",2192,"0,05",Broker,0
42,0,2,4,3,4,1,"129,76",2591,"0,05",Broker,0
44,0,2,4,3,4,1,"135,75",2782,"0,05",Broker,0
43,0,2,4,3,4,1,"128,96",3570,"0,05",Broker,0
48,0,2,4,3,4,1,"144,44",5398,"0,05",Broker,0
45,0,2,4,3,4,1,"133,39",6021,"0,05",Broker,0
55,0,2,4,3,4,1,"168,89",6341,"0,05",Broker,0
52,0,2,4,3,4,1,"167,77",6721,"0,05",Broker,0
46,0,2,4,3,4,1,"150,95",7081,"0,05",Broker,0
40,0,2,4,3,4,1,"129,01",7305,"0,05",Facebook,0
40,0,2,4,3,4,1,"128,01",7929,"0,05",Facebook,0
52,0,2,4,3,4,1,"161,85",8213,"0,05",Broker,0
50,0,2,4,3,4,1,"157,33",8402,"0,05",Broker,0
51,0,2,4,3,4,1,"156,11",8428,"0,05",Broker,0
54,0,2,4,3,4,1,"172,35",8776,"0,05",Broker,0
43,0,2,4,3,4,2,"138,63",329,"0,05",Broker,0
52,0,2,4,3,4,3,"163,57",1346,"0,05",Broker,0
57,0,2,4,3,4,2,"179,27",1358,"0,05",Broker,0
54,0,2,4,3,4,0,"174,63",1817,"0,05",Broker,0
42,0,2,4,3,4,0,"134,67",1934,"0,05",Broker,0
43,0,2,4,3,4,0,"137,14",2526,"0,05",Broker,0
41,0,2,4,3,4,2,"130,97",4183,"0,05",Broker,0
56,0,2,4,3,4,0,"169,88",4864,"0,05",Broker,0
60,0,2,4,3,4,2,"180,00",6025,"0,05",Broker,1
43,0,2,4,3,4,2,"141,09",7048,"0,05",Broker,0
41,0,2,4,3,4,2,"134,30",7617,"0,05",Broker,0
41,0,2,4,3,4,0,"129,18",8727,"0,05",Broker,0
40,0,2,4,3,4,0,"121,96",8737,"0,05",Facebook,0
57,0,2,4,2,3,1,"177,67",717,"0,05",Broker,0
41,0,2,4,2,3,1,"124,60",965,"0,05",Broker,0
52,0,2,4,2,3,1,"166,27",1699,"0,05",Broker,0
58,0,2,4,2,3,1,"173,33",7830,"0,05",Broker,0
40,0,2,4,2,3,1,"120,28",9185,"0,05",Facebook,0
56,0,2,4,2,3,2,"176,03",5280,"0,05",Broker,0
40,0,2,4,2,3,2,"119,62",9335,"0,05",www,0
52,0,2,4,2,3,2,"169,57",9944,"0,05",Broker,0
52,0,2,4,1,1,1,"161,32",6,"0,05",Broker,0
49,0,2,4,1,1,1,"148,24",55,"0,05",Broker,0
54,0,2,4,1,1,1,"165,92",82,"0,05",Broker,0
44,0,2,4,2,2,1,"134,21",341,"0,05",Broker,0
51,0,2,4,4,4,1,"154,86",508,"0,05",Broker,0
49,0,2,4,1,2,1,"142,63",747,"0,05",Broker,0
58,0,2,4,2,2,1,"180,00",1098,"0,05",Broker,0
54,0,2,4,1,1,1,"173,19",1149,"0,05",Broker,0
42,0,2,4,1,2,1,"131,36",1631,"0,05",Broker,0
47,0,2,4,2,2,1,"147,75",1736,"0,05",Broker,0
44,0,2,4,4,4,1,"141,76",2246,"0,05",Broker,0
50,0,2,4,1,1,1,"156,57",2374,"0,05",Broker,1
65,0,2,4,1,1,1,"180,00",2422,"0,05",Broker,0
60,0,2,4,1,1,1,"180,00",3175,"0,05",Broker,0
55,0,2,4,2,2,1,"167,64",3272,"0,05",Broker,0
48,0,2,4,1,1,1,"146,99",3642,"0,05",Broker,0
61,0,2,4,4,4,1,"180,00",3873,"0,05",Broker,0
43,0,2,4,4,4,1,"128,78",3905,"0,05",Broker,0
40,0,2,4,2,2,1,"116,88",4578,"0,05",www,0
63,0,2,4,1,1,1,"180,00",4905,"0,05",Broker,0
53,0,2,4,4,4,1,"169,09",4961,"0,05",Broker,0
42,0,2,4,2,2,1,"131,85",5025,"0,05",Broker,0
47,0,2,4,1,2,1,"140,52",5313,"0,05",Broker,0
49,0,2,4,2,2,1,"154,16",5378,"0,05",Broker,0
41,0,2,4,4,4,1,"131,70",5395,"0,05",Broker,0
59,0,2,4,4,4,1,"180,00",5411,"0,05",Broker,0
45,0,2,4,1,2,1,"135,87",5542,"0,05",Broker,0
45,0,2,4,1,1,1,"131,77",5596,"0,05",Broker,0
40,0,2,4,1,1,1,"125,08",6833,"0,05",Facebook,0
50,0,2,4,1,2,1,"148,07",7284,"0,05",Broker,0
47,0,2,4,1,2,1,"159,10",7702,"0,05",Broker,0
58,0,2,4,1,2,1,"174,02",8052,"0,05",Broker,0
43,0,2,4,2,2,1,"136,68",8155,"0,05",Broker,0
61,0,2,4,1,1,1,"180,00",8172,"0,05",Broker,0
40,0,2,4,1,2,1,"130,01",8689,"0,05",Facebook,0
62,0,2,4,4,4,1,"180,00",9085,"0,05",Broker,0
40,0,2,4,1,1,1,"119,99",9241,"0,05",www,0
53,0,2,4,1,1,1,"161,65",9746,"0,05",Broker,0
43,0,2,4,1,1,2,"141,99",209,"0,05",Broker,0
42,0,2,4,2,2,2,"132,01",327,"0,05",Broker,0
47,0,2,4,2,2,2,"152,24",740,"0,05",Broker,0
59,0,2,4,4,4,2,"180,00",813,"0,05",Broker,0
53,0,2,4,1,2,2,"165,52",970,"0,05",Broker,0
51,0,2,4,2,2,2,"149,52",1137,"0,05",Broker,0
48,0,2,4,2,2,2,"148,26",1347,"0,05",Broker,0
48,0,2,4,2,2,0,"143,89",1475,"0,05",Broker,0
55,0,2,4,1,2,2,"165,16",1508,"0,05",Broker,0
60,0,2,4,1,2,3,"180,00",1639,"0,05",Broker,0
64,0,2,4,1,1,0,"180,00",1747,"0,05",Broker,0
57,0,2,4,2,2,2,"177,48",1991,"0,05",Broker,0
53,0,2,4,4,4,2,"168,80",2003,"0,05",Broker,0
60,0,2,4,4,4,0,"180,00",2346,"0,05",Broker,0
43,0,2,4,1,1,3,"126,45",2649,"0,05",Broker,0
63,0,2,4,2,2,2,"180,00",2687,"0,05",Broker,0
45,0,2,4,1,1,2,"139,41",2712,"0,05",Broker,0
47,0,2,4,1,1,2,"150,09",2855,"0,05",Broker,0
65,0,2,4,1,1,2,"180,00",2973,"0,05",Broker,0
42,0,2,4,2,2,2,"134,19",3212,"0,05",Broker,0
46,0,2,4,1,1,2,"142,06",3315,"0,05",Broker,0
43,0,2,4,4,4,0,"128,17",3568,"0,05",Broker,0
64,0,2,4,1,1,2,"180,00",3831,"0,05",Broker,0
40,0,2,4,1,2,2,"125,89",4214,"0,05",Facebook,0
53,0,2,4,1,1,0,"170,11",4221,"0,05",Broker,0
57,0,2,4,1,2,0,"180,00",4344,"0,05",Broker,0
41,0,2,4,1,1,2,"123,37",4486,"0,05",Broker,0
60,0,2,4,1,2,0,"175,41",4653,"0,05",Broker,0
48,0,2,4,4,4,2,"141,58",4707,"0,05",Broker,0
46,0,2,4,4,4,3,"146,65",4813,"0,05",Broker,0
41,0,2,4,4,4,0,"121,62",4869,"0,05",Broker,0
53,0,2,4,4,4,2,"159,10",5153,"0,05",Broker,0
51,0,2,4,4,4,0,"166,90",5217,"0,05",Broker,0
42,0,2,4,1,1,2,"129,67",5271,"0,05",Broker,0
41,0,2,4,2,2,0,"129,70",5627,"0,05",Broker,0
54,0,2,4,1,1,2,"177,01",5763,"0,05",Broker,0
60,0,2,4,4,4,2,"178,87",5891,"0,05",Broker,0
44,0,2,4,4,4,0,"137,30",6042,"0,05",Broker,0
49,0,2,4,2,2,2,"151,00",6284,"0,05",Broker,0
45,0,2,4,2,2,0,"138,13",6641,"0,05",Broker,0
61,0,2,4,1,1,0,"180,00",6712,"0,05",Broker,0
59,0,2,4,4,4,0,"180,00",6872,"0,05",Broker,0
60,0,2,4,4,4,2,"176,08",6965,"0,05",Broker,0
53,0,2,4,1,1,2,"173,33",6969,"0,05",Broker,0
40,0,2,4,1,1,3,"123,98",7067,"0,05",Facebook,0
50,0,2,4,1,2,2,"150,02",7303,"0,05",Broker,0
53,0,2,4,1,2,0,"176,55",7546,"0,05",Broker,0
56,0,2,4,4,4,2,"174,70",7717,"0,05",Broker,0
57,0,2,4,1,2,2,"180,00",8042,"0,05",Broker,0
53,0,2,4,1,1,2,"164,77",8497,"0,05",Broker,0
43,0,2,4,1,1,2,"134,17",8728,"0,05",Broker,0
49,0,2,4,1,2,0,"150,06",8785,"0,05",Broker,0
47,0,2,4,1,2,2,"145,11",9329,"0,05",Broker,0
53,0,2,4,4,4,2,"165,41",9429,"0,05",Broker,0
47,0,2,4,1,1,2,"155,18",9467,"0,05",Broker,0
43,0,2,4,1,2,2,"136,66",9540,"0,05",Broker,0
62,0,2,4,2,2,2,"180,00",9695,"0,05",Broker,0
48,0,2,4,1,1,2,"152,93",9872,"0,05",Broker,0
46,0,2,4,1,1,0,"146,26",9903,"0,05",Broker,0
44,0,2,4,4,4,0,"134,82",9956,"0,05",Broker,0
52,0,2,4,1,2,3,"162,61",9981,"0,05",Broker,0
42,1,1,1,3,3,1,"145,75",67,"0,05",Broker,0
48,1,1,2,3,3,1,"141,47",430,"0,05",Broker,0
52,1,1,2,3,3,1,"175,42",583,"0,05",Broker,0
47,1,1,2,3,3,1,"159,66",631,"0,05",Broker,0
43,1,1,2,3,3,1,"140,89",925,"0,05",Broker,0
43,1,1,1,3,3,1,"138,02",1169,"0,05",Broker,0
53,1,4,1,3,3,1,"171,24",1223,"0,05",Broker,0
65,1,4,2,3,3,1,"180,00",1225,"0,05",Broker,0
40,1,1,2,3,3,1,"116,05",1237,"0,05",www,0
55,1,4,1,3,3,1,"173,12",1255,"0,05",Broker,0
41,1,1,2,3,3,1,"133,26",1260,"0,05",Broker,0
43,1,4,1,3,3,1,"136,79",1479,"0,05",Broker,0
40,1,4,2,3,3,1,"123,71",1713,"0,05",Facebook,0
54,1,4,1,3,3,1,"169,19",1732,"0,05",Broker,0
58,1,1,2,3,3,1,"180,00",1772,"0,05",Broker,0
58,1,1,1,3,3,1,"180,00",1799,"0,05",Broker,0
40,1,1,2,3,3,1,"139,69",1848,"0,05",Facebook,0
45,1,1,1,3,3,1,"147,60",1940,"0,05",Broker,0
60,1,4,1,3,3,1,"180,00",2111,"0,05",Broker,0
48,1,4,2,3,3,1,"151,49",2172,"0,05",Broker,0
41,1,1,1,3,3,1,"134,18",2216,"0,05",Broker,0
42,1,1,1,3,3,1,"131,01",2217,"0,05",Broker,0
42,1,1,1,3,3,1,"129,76",2218,"0,05",Broker,0
63,1,1,2,3,3,1,"180,00",2266,"0,05",Broker,0
54,1,4,1,3,3,1,"169,29",2539,"0,05",Broker,0
56,1,1,2,3,3,1,"171,79",2645,"0,05",Broker,0
44,1,1,1,3,3,1,"140,65",2809,"0,05",Broker,0
54,1,1,2,3,3,1,"173,07",3030,"0,05",Broker,0
49,1,4,2,3,3,1,"148,02",3031,"0,05",Broker,0
49,1,1,2,3,3,1,"154,32",3761,"0,05",Broker,0
55,1,4,1,3,3,1,"165,38",3834,"0,05",Broker,0
56,1,4,2,3,3,1,"168,96",3845,"0,05",Broker,0
64,1,1,1,3,3,1,"180,00",3854,"0,05",Broker,0
60,1,1,1,3,3,1,"180,00",4102,"0,05",Broker,0
45,1,4,1,3,3,1,"144,33",4186,"0,05",Broker,0
46,1,4,2,3,3,1,"146,54",4575,"0,05",Broker,0
41,1,1,1,3,3,1,"130,96",4885,"0,05",Broker,0
44,1,4,1,3,3,1,"139,07",5003,"0,05",Broker,0
43,1,4,2,3,3,1,"140,89",5143,"0,05",Broker,0
61,1,4,1,3,3,1,"180,00",5407,"0,05",Broker,0
44,1,4,1,3,3,1,"133,88",5473,"0,05",Broker,0
57,1,4,1,3,3,1,"173,42",5529,"0,05",Broker,0
43,1,1,1,3,3,1,"140,29",5625,"0,05",Broker,0
48,1,1,2,3,3,1,"151,27",5809,"0,05",Broker,0
50,1,1,2,3,3,1,"153,13",5990,"0,05",Broker,0
41,1,4,2,3,3,1,"128,92",6030,"0,05",Broker,0
57,1,4,1,3,3,1,"180,00",6117,"0,05",Broker,0
64,1,1,2,3,3,1,"180,00",6221,"0,05",Broker,0
45,1,4,2,3,3,1,"146,07",6256,"0,05",Broker,0
40,1,4,2,3,3,1,"118,80",6322,"0,05",www,0
51,1,1,1,3,3,1,"158,59",6387,"0,05",Broker,0
43,1,1,1,3,3,1,"125,98",6474,"0,05",Broker,0
50,1,4,1,3,3,1,"161,34",7104,"0,05",Broker,0
56,1,1,1,3,3,1,"172,35",7201,"0,05",Broker,0
43,1,1,1,3,3,1,"133,54",7370,"0,05",Broker,0
57,1,4,1,3,3,1,"171,28",7416,"0,05",Broker,0
47,1,1,1,3,3,1,"146,44",7508,"0,05",Broker,0
45,1,4,1,3,3,1,"141,99",7759,"0,05",Broker,0
62,1,4,2,3,3,1,"180,00",8209,"0,05",Broker,0
56,1,1,1,3,3,1,"171,12",8261,"0,05",Broker,0
48,1,4,1,3,3,1,"145,23",8463,"0,05",Broker,0
61,1,1,2,3,3,1,"180,00",8496,"0,05",Broker,0
48,1,1,1,3,3,1,"146,22",8639,"0,05",Broker,0
59,1,1,2,3,3,1,"180,00",8789,"0,05",Broker,0
47,1,4,2,3,3,1,"148,76",9008,"0,05",Broker,0
54,1,1,2,3,3,1,"173,27",9161,"0,05",Broker,0
48,1,1,1,3,3,1,"145,98",9172,"0,05",Broker,0
53,1,1,1,3,3,1,"161,23",9339,"0,05",Broker,0
49,1,1,2,3,3,1,"147,78",9766,"0,05",Broker,0
65,1,4,2,3,3,2,"180,00",116,"0,05",Broker,0
53,1,4,2,3,3,2,"168,48",416,"0,05",Broker,0
47,1,1,2,3,3,0,"146,49",432,"0,05",Broker,0
49,1,1,1,3,3,2,"150,49",535,"0,05",Broker,0
42,1,4,1,3,3,2,"140,02",588,"0,05",Broker,0
45,1,4,1,3,3,3,"147,21",604,"0,05",Broker,0
63,1,4,2,3,3,2,"180,00",685,"0,05",Broker,0
52,1,1,1,3,3,2,"161,98",772,"0,05",Broker,0
51,1,1,1,3,3,2,"156,28",869,"0,05",Broker,0
50,1,1,1,3,3,0,"155,16",895,"0,05",Broker,0
43,1,1,2,3,3,2,"138,48",927,"0,05",Broker,0
49,1,4,2,3,3,0,"157,45",945,"0,05",Broker,0
47,1,1,1,3,3,2,"147,41",1060,"0,05",Broker,0
46,1,1,1,3,3,2,"151,02",1125,"0,05",Broker,0
43,1,4,2,3,3,2,"143,21",1189,"0,05",Broker,0
51,1,4,2,3,3,0,"165,91",1234,"0,05",Broker,0
52,1,1,2,3,3,2,"160,84",1245,"0,05",Broker,0
50,1,1,1,3,3,0,"156,38",1274,"0,05",Broker,0
52,1,4,1,3,3,2,"156,43",1287,"0,05",Broker,0
44,1,1,1,3,3,0,"138,22",1288,"0,05",Broker,0
50,1,4,1,3,3,2,"154,71",1291,"0,05",Broker,0
62,1,4,1,3,3,2,"180,00",1343,"0,05",Broker,0
44,1,1,1,3,3,2,"131,59",1386,"0,05",Broker,0
61,1,4,2,3,3,0,"180,00",1439,"0,05",Broker,0
48,1,4,1,3,3,0,"152,88",1447,"0,05",Broker,0
58,1,1,1,3,3,2,"180,00",1539,"0,05",Broker,0
65,1,4,2,3,3,0,"180,00",1597,"0,05",Broker,0
59,1,1,2,3,3,0,"180,00",1668,"0,05",Broker,0
62,1,4,1,3,3,2,"180,00",1671,"0,05",Broker,0
51,1,4,2,3,3,0,"158,90",1712,"0,05",Broker,0
54,1,4,2,3,3,2,"166,95",1759,"0,05",Broker,0
48,1,4,1,3,3,2,"147,25",1768,"0,05",Broker,0
47,1,4,2,3,3,2,"144,57",1808,"0,05",Broker,0
44,1,4,2,3,3,0,"129,46",1829,"0,05",Broker,0
55,1,1,1,3,3,2,"168,87",2140,"0,05",Broker,0
59,1,4,1,3,3,2,"180,00",2175,"0,05",Broker,0
50,1,4,2,3,3,2,"155,14",2264,"0,05",Broker,0
47,1,1,2,3,3,2,"150,46",2705,"0,05",Broker,0
54,1,1,2,3,3,2,"168,69",2758,"0,05",Broker,0
45,1,1,1,3,3,2,"135,31",2890,"0,05",Broker,0
51,1,4,2,3,3,2,"161,75",3027,"0,05",Broker,0
58,1,1,2,3,3,2,"180,00",3108,"0,05",Broker,0
42,1,4,1,3,3,2,"132,92",3250,"0,05",Broker,0
44,1,1,1,3,3,0,"131,64",3438,"0,05",Broker,0
41,1,1,2,3,3,2,"127,31",3454,"0,05",Broker,0
44,1,1,1,3,3,2,"138,34",3538,"0,05",Broker,0
42,1,4,1,3,3,2,"131,32",3561,"0,05",Broker,0
53,1,1,1,3,3,3,"163,53",3599,"0,05",Broker,0
56,1,1,2,3,3,2,"175,05",3618,"0,05",Broker,0
42,1,1,1,3,3,2,"132,77",3707,"0,05",Broker,0
46,1,1,1,3,3,0,"140,36",3717,"0,05",Broker,0
51,1,1,1,3,3,2,"177,32",3810,"0,05",Broker,0
48,1,1,1,3,3,0,"151,72",3986,"0,05",Broker,0
41,1,4,2,3,3,0,"127,89",4034,"0,05",Broker,0
57,1,4,2,3,3,2,"178,80",4069,"0,05",Broker,0
43,1,1,1,3,3,2,"134,70",4178,"0,05",Broker,0
41,1,4,1,3,3,2,"131,52",4190,"0,05",Broker,0
52,1,4,2,3,3,0,"165,91",4238,"0,05",Broker,0
63,1,1,1,3,3,2,"180,00",4471,"0,05",Broker,0
58,1,1,1,3,3,2,"177,85",4681,"0,05",Broker,0
41,1,1,2,3,3,0,"130,96",4690,"0,05",Broker,0
48,1,4,2,3,3,0,"159,56",4829,"0,05",Broker,0
56,1,4,1,3,3,2,"162,78",5016,"0,05",Broker,0
56,1,4,2,3,3,2,"173,38",5115,"0,05",Broker,0
46,1,4,2,3,3,3,"142,49",5176,"0,05",Broker,0
54,1,1,2,3,3,2,"167,27",5194,"0,05",Broker,0
44,1,1,2,3,3,0,"128,70",5207,"0,05",Broker,0
41,1,4,2,3,3,2,"121,47",5230,"0,05",Broker,0
47,1,1,2,3,3,0,"155,03",5233,"0,05",Broker,0
52,1,1,1,3,3,2,"168,67",5239,"0,05",Broker,0
59,1,4,1,3,3,0,"180,00",5265,"0,05",Broker,0
45,1,4,2,3,3,2,"134,92",5377,"0,05",Broker,0
61,1,1,1,3,3,0,"180,00",5381,"0,05",Broker,0
60,1,1,2,3,3,2,"180,00",5385,"0,05",Broker,0
52,1,1,2,3,3,0,"153,32",5514,"0,05",Broker,0
59,1,4,1,3,3,2,"170,77",5548,"0,05",Broker,0
43,1,4,1,3,3,0,"140,34",5553,"0,05",Broker,0
51,1,4,2,3,3,0,"162,80",5797,"0,05",Broker,0
58,1,4,1,3,3,2,"177,18",6269,"0,05",Broker,0
49,1,4,1,3,3,2,"158,17",6302,"0,05",Broker,0
45,1,1,2,3,3,0,"143,37",6306,"0,05",Broker,0
46,1,1,2,3,3,3,"139,19",6660,"0,05",Broker,0
44,1,1,1,3,3,0,"142,41",6747,"0,05",Broker,0
47,1,1,1,3,3,2,"151,03",6867,"0,05",Broker,0
47,1,1,1,3,3,0,"148,66",7142,"0,05",Broker,0
61,1,1,2,3,3,0,"180,00",7188,"0,05",Broker,1
57,1,1,1,3,3,2,"180,00",7200,"0,05",Broker,0
42,1,4,1,3,3,0,"133,71",7214,"0,05",Broker,0
46,1,4,2,3,3,2,"138,82",7229,"0,05",Broker,0
53,1,1,1,3,3,3,"180,00",7259,"0,05",Broker,0
61,1,4,2,3,3,2,"180,00",7285,"0,05",Broker,0
60,1,1,2,3,3,0,"180,00",7293,"0,05",Broker,0
52,1,4,2,3,3,2,"168,84",7435,"0,05",Broker,0
61,1,4,2,3,3,2,"180,00",7441,"0,05",Broker,0
41,1,1,1,3,3,0,"119,15",7473,"0,05",Broker,0
56,1,4,2,3,3,2,"167,37",7534,"0,05",Broker,0
40,1,1,2,3,3,0,"124,03",7590,"0,05",Facebook,0
42,1,4,1,3,3,2,"135,25",7597,"0,05",Broker,0
48,1,4,2,3,3,2,"146,12",7603,"0,05",Broker,0
52,1,1,2,3,3,0,"163,30",7604,"0,05",Broker,0
45,1,1,2,3,3,2,"137,82",7669,"0,05",Broker,0
46,1,4,2,3,3,2,"146,81",7703,"0,05",Broker,0
44,1,1,1,3,3,2,"142,45",7734,"0,05",Broker,0
64,1,4,2,3,3,2,"180,00",7807,"0,05",Broker,0
49,1,4,2,3,3,2,"160,18",8053,"0,05",Broker,0
64,1,4,1,3,3,0,"180,00",8235,"0,05",Broker,0
55,1,1,2,3,3,3,"170,69",8292,"0,05",Broker,0
40,1,4,2,3,3,0,"128,93",8368,"0,05",Facebook,0
51,1,1,2,3,3,0,"161,78",8750,"0,05",Broker,0
45,1,1,2,3,3,3,"137,54",8758,"0,05",Broker,0
41,1,4,1,3,3,0,"120,85",8781,"0,05",Broker,0
50,1,4,2,3,3,0,"167,57",8814,"0,05",Broker,0
64,1,1,2,3,3,0,"180,00",8898,"0,05",Broker,0
56,1,4,1,3,3,2,"177,44",8902,"0,05",Broker,0
46,1,4,2,3,3,2,"135,14",8985,"0,05",Broker,0
55,1,1,2,3,3,0,"178,16",8992,"0,05",Broker,0
48,1,1,1,3,3,2,"146,57",8998,"0,05",Broker,0
44,1,1,1,3,3,2,"135,57",9019,"0,05",Broker,0
54,1,1,1,3,3,2,"166,44",9078,"0,05",Broker,0
51,1,4,2,3,3,2,"163,67",9130,"0,05",Broker,0
52,1,1,2,3,3,2,"157,98",9342,"0,05",Broker,0
46,1,4,2,3,3,0,"154,66",9348,"0,05",Broker,0
59,1,4,2,3,3,2,"177,76",9409,"0,05",Broker,0
49,1,1,2,3,3,0,"151,63",9433,"0,05",Broker,0
53,1,4,2,3,3,0,"171,15",9449,"0,05",Broker,0
56,1,1,2,3,3,2,"174,02",9608,"0,05",Broker,0
54,1,1,2,3,3,0,"168,47",9626,"0,05",Broker,0
48,1,1,2,3,3,2,"149,47",9663,"0,05",Broker,0
57,1,4,1,3,3,0,"179,35",9707,"0,05",Broker,0
59,1,4,1,3,3,2,"180,00",9712,"0,05",Broker,0
40,1,4,1,3,3,2,"118,21",9775,"0,05",www,0
59,1,4,2,3,3,2,"180,00",9876,"0,05",Broker,0
46,1,1,2,3,3,2,"135,29",9881,"0,05",Broker,0
61,1,1,1,3,3,2,"180,00",9964,"0,05",Broker,0
48,1,4,1,3,3,2,"153,29",9972,"0,05",Broker,0
50,1,4,1,3,3,3,"165,53",10000,"0,05",Broker,0
42,1,1,1,3,4,1,"136,20",205,"0,05",Broker,0
56,1,4,2,3,4,1,"177,93",328,"0,05",Broker,0
53,1,4,2,3,4,1,"163,15",386,"0,05",Broker,0
58,1,4,2,3,4,1,"173,66",492,"0,05",Broker,0
48,1,4,1,3,4,1,"151,70",494,"0,05",Broker,0
55,1,1,2,3,4,1,"174,51",707,"0,05",Broker,0
61,1,1,1,3,4,1,"180,00",1023,"0,05",Broker,0
61,1,4,2,3,4,1,"180,00",1313,"0,05",Broker,0
51,1,1,1,3,4,1,"157,99",1522,"0,05",Broker,0
47,1,4,2,3,4,1,"150,19",1824,"0,05",Broker,0
42,1,4,1,3,4,1,"136,73",1947,"0,05",Broker,0
43,1,1,1,3,4,1,"127,88",2142,"0,05",Broker,0
41,1,4,2,3,4,1,"131,34",2357,"0,05",Broker,0
48,1,4,1,3,4,1,"148,35",2496,"0,05",Broker,0
40,1,4,2,3,4,1,"117,75",3024,"0,05",www,0
60,1,1,2,3,4,1,"177,75",3102,"0,05",Broker,0
55,1,1,1,3,4,1,"169,22",3373,"0,05",Broker,0
48,1,4,2,3,4,1,"150,20",3463,"0,05",Broker,0
62,1,1,2,3,4,1,"180,00",3481,"0,05",Broker,0
45,1,4,2,3,4,1,"139,61",4686,"0,05",Broker,0
51,1,1,1,3,4,1,"149,49",4731,"0,05",Broker,0
60,1,4,2,3,4,1,"180,00",4922,"0,05",Broker,0
56,1,1,1,3,4,1,"173,89",5158,"0,05",Broker,0
44,1,4,1,3,4,1,"137,38",5847,"0,05",Broker,0
62,1,4,1,3,4,1,"180,00",6041,"0,05",Broker,0
60,1,1,1,3,4,1,"180,00",6100,"0,05",Broker,0
64,1,1,2,3,4,1,"180,00",6168,"0,05",Broker,0
63,1,1,1,3,4,1,"180,00",6338,"0,05",Broker,0
48,1,4,1,3,4,1,"142,60",6401,"0,05",Broker,0
55,1,4,1,3,4,1,"168,27",6768,"0,05",Broker,0
45,1,1,1,3,4,1,"134,70",6985,"0,05",Broker,0
47,1,4,1,3,4,1,"139,75",7912,"0,05",Broker,0
43,1,4,1,3,4,1,"133,81",7961,"0,05",Broker,0
40,1,4,2,3,4,1,"124,56",8381,"0,05",Facebook,0
42,1,1,1,3,4,1,"131,09",8844,"0,05",Broker,0
49,1,4,1,3,4,1,"150,29",9155,"0,05",Broker,0
44,1,4,2,3,4,1,"140,10",9243,"0,05",Broker,0
47,1,1,1,3,4,1,"147,16",9332,"0,05",Broker,0
48,1,1,2,3,4,1,"152,36",9602,"0,05",Broker,0
60,1,1,1,3,4,1,"180,00",9681,"0,05",Broker,0
45,1,4,1,3,4,1,"142,19",9689,"0,05",Broker,0
54,1,1,1,3,4,1,"167,05",9799,"0,05",Broker,0
51,1,1,2,3,4,1,"155,72",9830,"0,05",Broker,0
55,1,4,1,3,4,2,"175,35",274,"0,05",Broker,0
53,1,1,2,3,4,0,"165,08",437,"0,05",Broker,0
44,1,1,2,3,4,2,"133,10",656,"0,05",Broker,0
45,1,1,1,3,4,0,"135,87",912,"0,05",Broker,0
59,1,1,2,3,4,2,"175,99",964,"0,05",Broker,0
41,1,1,1,3,4,0,"133,53",997,"0,05",Broker,0
54,1,1,1,3,4,2,"160,10",1029,"0,05",Broker,0
40,1,4,1,3,4,2,"126,72",1047,"0,05",Facebook,0
57,1,4,1,3,4,0,"180,00",1064,"0,05",Broker,0
46,1,4,1,3,4,2,"151,67",1198,"0,05",Broker,0
63,1,1,2,3,4,0,"180,00",1717,"0,05",Broker,0
56,1,4,2,3,4,2,"175,32",1719,"0,05",Broker,0
53,1,1,2,3,4,0,"162,06",1734,"0,05",Broker,0
47,1,1,1,3,4,2,"157,08",1892,"0,05",Broker,0
50,1,4,1,3,4,2,"155,55",2131,"0,05",Broker,0
47,1,1,1,3,4,0,"147,70",2206,"0,05",Broker,0
47,1,4,1,3,4,2,"142,23",2210,"0,05",Broker,0
51,1,1,2,3,4,2,"165,89",2335,"0,05",Broker,0
49,1,4,2,3,4,0,"150,06",2379,"0,05",Broker,0
52,1,1,2,3,4,0,"161,02",2762,"0,05",Broker,0
40,1,1,1,3,4,0,"133,96",2787,"0,05",Facebook,0
56,1,1,2,3,4,2,"171,30",2868,"0,05",Broker,0
52,1,4,1,3,4,0,"160,16",2901,"0,05",Broker,0
51,1,4,2,3,4,2,"158,99",3147,"0,05",Broker,0
42,1,1,1,3,4,0,"131,35",3149,"0,05",Broker,0
55,1,1,2,3,4,0,"172,28",3219,"0,05",Broker,0
53,1,1,2,3,4,2,"155,57",3394,"0,05",Broker,0
44,1,4,2,3,4,2,"130,59",3670,"0,05",Broker,0
55,1,4,1,3,4,2,"171,36",3699,"0,05",Broker,0
55,1,1,1,3,4,2,"171,88",3739,"0,05",Broker,0
59,1,1,1,3,4,2,"180,00",3848,"0,05",Broker,0
51,1,1,2,3,4,2,"159,45",3896,"0,05",Broker,0
43,1,1,2,3,4,2,"132,80",4202,"0,05",Broker,0
64,1,4,2,3,4,2,"180,00",4241,"0,05",Broker,0
44,1,4,1,3,4,0,"137,31",4447,"0,05",Broker,0
57,1,4,1,3,4,2,"178,53",4710,"0,05",Broker,0
57,1,4,2,3,4,2,"173,48",4852,"0,05",Broker,0
41,1,1,1,3,4,0,"132,71",5066,"0,05",Broker,0
55,1,1,2,3,4,2,"168,04",5121,"0,05",Broker,0
42,1,1,2,3,4,2,"136,05",5446,"0,05",Broker,0
50,1,1,1,3,4,2,"148,19",5621,"0,05",Broker,0
47,1,4,2,3,4,0,"146,96",5708,"0,05",Broker,0
54,1,1,1,3,4,0,"161,88",5822,"0,05",Broker,0
42,1,4,1,3,4,2,"134,69",5911,"0,05",Broker,0
44,1,1,2,3,4,2,"138,77",5921,"0,05",Broker,0
52,1,1,1,3,4,2,"167,73",6032,"0,05",Broker,0
45,1,4,2,3,4,2,"137,05",6222,"0,05",Broker,0
48,1,1,1,3,4,2,"140,33",6318,"0,05",Broker,0
44,1,1,1,3,4,0,"138,01",6480,"0,05",Broker,0
40,1,1,1,3,4,0,"124,29",6673,"0,05",Facebook,0
45,1,4,2,3,4,2,"144,67",6838,"0,05",Broker,0
45,1,4,1,3,4,2,"139,15",6951,"0,05",Broker,0
54,1,1,2,3,4,0,"168,69",7136,"0,05",Broker,0
40,1,4,2,3,4,2,"120,41",7252,"0,05",Facebook,0
45,1,1,2,3,4,0,"135,67",7549,"0,05",Broker,0
54,1,4,2,3,4,0,"168,81",7714,"0,05",Broker,0
58,1,4,1,3,4,2,"176,85",7879,"0,05",Broker,0
49,1,4,2,3,4,0,"149,13",8012,"0,05",Broker,0
52,1,1,1,3,4,2,"158,16",8072,"0,05",Broker,0
40,1,4,2,3,4,0,"123,50",8257,"0,05",Facebook,0
57,1,1,1,3,4,0,"175,53",8473,"0,05",Broker,0
40,1,1,1,3,4,0,"116,07",8574,"0,05",www,0
49,1,1,2,3,4,0,"148,75",8581,"0,05",Broker,0
65,1,4,1,3,4,2,"180,00",8711,"0,05",Broker,0
49,1,4,2,3,4,2,"149,43",8717,"0,05",Broker,0
46,1,1,2,3,4,0,"146,56",9355,"0,05",Broker,0
46,1,4,2,3,4,2,"149,12",9507,"0,05",Broker,0
47,1,4,2,3,4,2,"142,53",9661,"0,05",Broker,0
49,1,4,1,3,4,2,"155,16",9680,"0,05",Broker,0
43,1,1,2,3,4,3,"140,12",9697,"0,05",Broker,0
45,1,4,1,3,4,2,"136,43",9740,"0,05",Broker,0
62,1,4,2,3,4,2,"180,00",9947,"0,05",Broker,0
52,1,4,2,2,3,1,"161,47",326,"0,05",Broker,0
51,1,4,2,2,3,1,"168,94",399,"0,05",Broker,0
60,1,4,2,2,3,1,"180,00",428,"0,05",Broker,0
59,1,1,2,2,3,1,"180,00",2464,"0,05",Broker,0
42,1,1,2,2,3,1,"123,40",2911,"0,05",Broker,0
65,1,4,2,2,3,1,"180,00",5422,"0,05",Broker,0
42,1,4,2,2,3,1,"127,80",5852,"0,05",Broker,0
46,1,4,2,2,3,1,"148,08",6465,"0,05",Broker,0
57,1,1,1,2,3,1,"176,28",7118,"0,05",Broker,0
52,1,4,2,2,3,1,"159,70",8057,"0,05",Broker,0
55,1,1,2,2,3,1,"175,18",8946,"0,05",Broker,0
43,1,1,2,2,3,1,"136,12",9573,"0,05",Broker,0
48,1,1,2,2,3,1,"148,48",9742,"0,05",Broker,0
46,1,1,1,2,3,2,"145,97",857,"0,05",Broker,0
43,1,4,1,2,3,0,"130,96",1396,"0,05",Broker,0
40,1,1,1,2,3,3,"120,22",1638,"0,05",Facebook,0
51,1,1,2,2,3,0,"159,90",2308,"0,05",Broker,0
41,1,1,2,2,3,2,"132,60",2471,"0,05",Broker,0
50,1,1,1,2,3,2,"150,72",3242,"0,05",Broker,0
50,1,4,2,2,3,2,"158,27",4804,"0,05",Broker,0
43,1,1,2,2,3,2,"130,25",5102,"0,05",Broker,0
45,1,4,2,2,3,0,"133,09",5405,"0,05",Broker,0
49,1,4,2,2,3,3,"160,22",5478,"0,05",Broker,0
41,1,4,1,2,3,0,"137,59",6545,"0,05",Broker,0
44,1,4,2,2,3,3,"135,64",7096,"0,05",Broker,0
43,1,1,1,2,3,2,"134,20",7723,"0,05",Broker,0
51,1,4,1,2,3,2,"158,27",8596,"0,05",Broker,0
59,1,4,1,2,3,2,"180,00",8836,"0,05",Broker,0
40,1,4,1,2,3,2,"123,30",9107,"0,05",Facebook,0
47,1,1,1,2,3,0,"140,47",9515,"0,05",Broker,0
59,1,4,1,2,3,2,"180,00",9810,"0,05",Broker,0
49,1,4,2,1,2,1,"161,48",22,"0,05",Broker,0
47,1,4,2,4,4,1,"151,88",102,"0,05",Broker,0
56,1,1,2,1,1,1,"161,50",145,"0,05",Broker,1
48,1,1,1,2,2,1,"143,01",196,"0,05",Broker,0
57,1,1,1,1,2,1,"173,59",201,"0,05",Broker,0
59,1,4,1,1,1,1,"180,00",251,"0,05",Broker,0
45,1,4,1,2,2,1,"132,83",524,"0,05",Broker,0
44,1,4,1,1,2,1,"148,14",552,"0,05",Broker,0
47,1,4,1,1,2,1,"145,49",624,"0,05",Broker,0
58,1,1,2,1,2,1,"180,00",752,"0,05",Broker,0
44,1,4,2,1,1,1,"136,03",844,"0,05",Broker,0
48,1,4,1,1,1,1,"146,87",952,"0,05",Broker,0
54,1,4,1,2,2,1,"175,17",973,"0,05",Broker,0
56,1,1,2,1,1,1,"172,94",989,"0,05",Broker,0
43,1,4,2,4,4,1,"140,17",1039,"0,05",Broker,0
53,1,4,2,2,2,1,"163,21",1318,"0,05",Broker,0
59,1,4,2,1,2,1,"172,87",1340,"0,05",Broker,0
44,1,1,1,4,4,1,"129,01",1376,"0,05",Broker,0
59,1,1,2,1,2,1,"180,00",1414,"0,05",Broker,0
46,1,1,2,4,4,1,"143,46",1503,"0,05",Broker,0
63,1,1,1,1,2,1,"180,00",1528,"0,05",Broker,0
59,1,4,1,1,2,1,"174,97",1553,"0,05",Broker,0
43,1,1,1,1,1,1,"139,42",1626,"0,05",Broker,0
48,1,4,1,2,2,1,"141,94",1694,"0,05",Broker,0
51,1,1,1,4,4,1,"154,50",1811,"0,05",Broker,0
52,1,1,2,4,4,1,"166,78",1859,"0,05",Broker,0
51,1,4,1,1,1,1,"152,99",1896,"0,05",Broker,0
55,1,1,1,4,4,1,"167,30",2064,"0,05",Broker,0
54,1,1,1,1,1,1,"173,28",2068,"0,05",Broker,0
44,1,4,2,1,1,1,"141,27",2117,"0,05",Broker,0
50,1,4,1,1,1,1,"157,18",2155,"0,05",Broker,0
49,1,4,2,1,1,1,"157,36",2214,"0,05",Broker,0
45,1,1,1,1,1,1,"149,61",2323,"0,05",Broker,0
54,1,4,1,1,2,1,"162,02",2371,"0,05",Broker,0
61,1,4,1,1,2,1,"180,00",2479,"0,05",Broker,0
59,1,4,2,2,2,1,"180,00",2558,"0,05",Broker,0
48,1,4,1,1,2,1,"153,51",2714,"0,05",Broker,0
41,1,4,1,2,2,1,"129,97",2812,"0,05",Broker,0
42,1,1,2,2,2,1,"129,28",2916,"0,05",Broker,0
56,1,1,1,1,2,1,"170,94",2957,"0,05",Broker,0
55,1,1,1,2,2,1,"169,64",2990,"0,05",Broker,0
52,1,1,2,1,1,1,"158,38",2992,"0,05",Broker,0
56,1,1,1,4,4,1,"180,00",3091,"0,05",Broker,0
49,1,4,2,4,4,1,"151,24",3150,"0,05",Broker,0
63,1,4,1,4,4,1,"180,00",3206,"0,05",Broker,0
48,1,1,2,4,4,1,"152,49",3235,"0,05",Broker,0
53,1,4,2,1,2,1,"167,85",3367,"0,05",Broker,0
44,1,4,2,1,1,1,"139,34",3408,"0,05",Broker,0
40,1,4,1,2,2,1,"130,03",3579,"0,05",Facebook,0
55,1,1,2,1,2,1,"173,94",3613,"0,05",Broker,0
61,1,1,1,1,2,1,"180,00",3668,"0,05",Broker,0
49,1,4,2,1,1,1,"147,46",3700,"0,05",Broker,0
65,1,1,2,1,1,1,"180,00",3712,"0,05",Broker,1
58,1,1,2,4,4,1,"180,00",3840,"0,05",Broker,0
49,1,1,2,1,1,1,"147,82",3879,"0,05",Broker,0
43,1,4,1,1,1,1,"138,55",3920,"0,05",Broker,0
40,1,1,1,2,2,1,"132,00",3922,"0,05",Facebook,0
55,1,4,2,1,1,1,"161,46",3937,"0,05",Broker,0
64,1,4,1,2,2,1,"180,00",3993,"0,05",Broker,0
53,1,1,1,1,1,1,"172,95",4073,"0,05",Broker,0
49,1,1,1,1,1,1,"147,72",4274,"0,05",Broker,0
53,1,1,1,1,1,1,"170,89",4319,"0,05",Broker,0
55,1,4,2,1,1,1,"171,35",4405,"0,05",Broker,0
53,1,4,2,4,4,1,"160,47",4459,"0,05",Broker,0
52,1,4,1,1,2,1,"166,70",4556,"0,05",Broker,0
52,1,1,2,1,1,1,"159,39",4558,"0,05",Broker,0
48,1,4,2,2,2,1,"149,77",4581,"0,05",Broker,0
52,1,1,2,4,4,1,"163,46",4629,"0,05",Broker,0
49,1,1,2,1,1,1,"156,71",4631,"0,05",Broker,0
53,1,1,1,1,1,1,"156,99",4717,"0,05",Broker,1
48,1,1,2,4,4,1,"146,54",4811,"0,05",Broker,0
49,1,1,1,4,4,1,"150,38",4925,"0,05",Broker,0
54,1,4,2,4,4,1,"167,74",4946,"0,05",Broker,0
41,1,1,1,2,2,1,"124,71",4985,"0,05",Broker,0
52,1,4,2,4,4,1,"157,18",5043,"0,05",Broker,0
42,1,4,2,4,4,1,"126,78",5067,"0,05",Broker,0
57,1,1,2,4,4,1,"175,54",5184,"0,05",Broker,0
61,1,1,1,2,2,1,"180,00",5215,"0,05",Broker,0
56,1,4,2,2,2,1,"170,72",5218,"0,05",Broker,0
41,1,1,1,4,4,1,"126,84",5247,"0,05",Broker,0
55,1,1,1,1,2,1,"173,94",5376,"0,05",Broker,0
46,1,1,2,4,4,1,"146,40",5419,"0,05",Broker,0
45,1,4,1,2,2,1,"144,57",5757,"0,05",Broker,0
60,1,4,2,1,1,1,"180,00",5818,"0,05",Broker,0
41,1,4,2,1,1,1,"129,20",5842,"0,05",Broker,0
47,1,4,2,4,4,1,"142,28",5850,"0,05",Broker,0
51,1,4,1,1,1,1,"158,62",5883,"0,05",Broker,0
49,1,1,1,1,2,1,"155,38",5885,"0,05",Broker,0
52,1,1,2,4,4,1,"170,95",5965,"0,05",Broker,0
44,1,1,1,4,4,1,"136,50",5994,"0,05",Broker,0
53,1,4,2,1,1,1,"169,09",6000,"0,05",Broker,0
57,1,1,1,1,1,1,"177,63",6003,"0,05",Broker,0
62,1,4,2,2,2,1,"180,00",6200,"0,05",Broker,0
43,1,1,1,4,4,1,"135,99",6205,"0,05",Broker,0
48,1,1,2,1,1,1,"154,19",6253,"0,05",Broker,0
49,1,1,1,1,1,1,"147,69",6352,"0,05",Broker,0
43,1,1,1,2,2,1,"128,13",6571,"0,05",Broker,0
54,1,1,2,1,2,1,"171,08",6600,"0,05",Broker,0
41,1,1,2,4,4,1,"126,85",6616,"0,05",Broker,0
49,1,4,2,2,2,1,"160,93",6657,"0,05",Broker,0
45,1,4,2,1,1,1,"140,24",6706,"0,05",Broker,0
47,1,4,2,4,4,1,"148,27",6807,"0,05",Broker,0
52,1,1,2,1,1,1,"156,48",6813,"0,05",Broker,0
42,1,1,2,4,4,1,"141,63",6944,"0,05",Broker,0
56,1,4,1,1,1,1,"180,00",6953,"0,05",Broker,0
48,1,4,2,1,2,1,"152,57",6984,"0,05",Broker,0
53,1,1,1,1,1,1,"162,17",6996,"0,05",Broker,0
57,1,4,1,4,4,1,"180,00",7000,"0,05",Broker,0
41,1,1,2,1,1,1,"122,75",7034,"0,05",Broker,0
54,1,1,1,1,1,1,"161,04",7050,"0,05",Broker,0
50,1,1,2,4,4,1,"156,87",7075,"0,05",Broker,0
42,1,4,1,1,1,1,"141,08",7159,"0,05",Broker,0
43,1,1,1,4,4,1,"137,39",7195,"0,05",Broker,0
62,1,1,1,1,1,1,"180,00",7199,"0,05",Broker,0
46,1,1,2,1,2,1,"149,24",7208,"0,05",Broker,0
41,1,4,2,4,4,1,"131,78",7234,"0,05",Broker,0
53,1,4,1,1,2,1,"166,05",7338,"0,05",Broker,0
59,1,1,1,4,4,1,"180,00",7397,"0,05",Broker,0
45,1,4,1,2,2,1,"142,74",7414,"0,05",Broker,0
55,1,1,1,4,4,1,"177,51",7418,"0,05",Broker,0
42,1,1,1,1,1,1,"129,10",7446,"0,05",Broker,0
44,1,4,1,1,1,1,"132,75",7526,"0,05",Broker,0
62,1,1,1,4,4,1,"180,00",7725,"0,05",Broker,0
60,1,1,1,4,4,1,"180,00",7774,"0,05",Broker,0
53,1,4,1,1,2,1,"168,81",7808,"0,05",Broker,0
60,1,4,2,1,2,1,"180,00",8002,"0,05",Broker,0
42,1,4,2,1,1,1,"128,40",8091,"0,05",Broker,0
58,1,1,1,1,1,1,"180,00",8171,"0,05",Broker,0
47,1,4,2,1,1,1,"153,10",8173,"0,05",Broker,0
63,1,1,1,1,2,1,"180,00",8178,"0,05",Broker,0
47,1,4,2,2,2,1,"148,92",8188,"0,05",Broker,0
48,1,4,1,4,4,1,"156,67",8202,"0,05",Broker,0
64,1,1,1,1,1,1,"180,00",8273,"0,05",Broker,0
56,1,1,2,1,1,1,"171,34",8538,"0,05",Broker,0
50,1,4,1,1,1,1,"156,17",8631,"0,05",Broker,1
49,1,4,1,1,2,1,"157,93",8668,"0,05",Broker,0
49,1,1,1,4,4,1,"156,16",8708,"0,05",Broker,0
49,1,4,2,2,2,1,"159,79",8886,"0,05",Broker,0
53,1,1,1,1,1,1,"170,64",9046,"0,05",Broker,0
48,1,1,1,1,1,1,"152,10",9136,"0,05",Broker,0
40,1,4,2,4,4,1,"116,71",9377,"0,05",www,0
53,1,1,2,4,4,1,"168,46",9402,"0,05",Broker,0
55,1,1,1,4,4,1,"170,72",9406,"0,05",Broker,0
40,1,1,2,1,1,1,"128,07",9435,"0,05",Facebook,0
56,1,4,1,1,1,1,"177,26",9560,"0,05",Broker,0
41,1,1,1,4,4,1,"128,26",9650,"0,05",Broker,0
40,1,1,1,4,4,1,"128,29",9692,"0,05",Facebook,0
52,1,4,2,1,1,1,"166,08",9763,"0,05",Broker,0
63,1,1,2,1,1,1,"180,00",9801,"0,05",Broker,0
44,1,4,2,1,1,1,"135,40",9911,"0,05",Broker,0
57,1,1,2,4,4,1,"180,00",9930,"0,05",Broker,0
51,1,4,1,1,1,1,"155,66",9988,"0,05",Broker,0
56,1,1,2,1,1,3,"178,86",26,"0,05",Broker,0
40,1,4,1,1,2,0,"129,98",146,"0,05",Facebook,1
42,1,4,1,2,2,0,"136,64",197,"0,05",Broker,0
40,1,4,2,4,4,2,"126,02",213,"0,05",Facebook,0
62,1,4,2,1,1,0,"180,00",233,"0,05",Broker,0
49,1,4,2,1,1,2,"151,17",264,"0,05",Broker,0
56,1,1,2,1,1,2,"170,94",463,"0,05",Broker,0
43,1,1,2,2,2,2,"138,92",484,"0,05",Broker,0
58,1,1,1,1,1,2,"174,67",500,"0,05",Broker,0
49,1,4,2,1,1,0,"153,66",539,"0,05",Broker,0
51,1,1,2,4,4,0,"157,19",581,"0,05",Broker,0
42,1,4,2,4,4,2,"126,66",589,"0,05",Broker,0
42,1,4,2,1,2,0,"141,88",615,"0,05",Broker,0
45,1,4,2,1,1,2,"142,00",618,"0,05",Broker,0
41,1,1,2,1,1,2,"126,28",659,"0,05",Broker,0
41,1,1,2,4,4,2,"127,68",692,"0,05",Broker,0
47,1,1,1,2,2,2,"151,11",709,"0,05",Broker,0
52,1,1,2,2,2,2,"164,37",753,"0,05",Broker,0
48,1,4,2,1,1,3,"151,96",782,"0,05",Broker,1
54,1,1,1,1,2,2,"176,21",802,"0,05",Broker,0
42,1,4,2,2,2,2,"130,09",804,"0,05",Broker,0
63,1,4,2,1,2,0,"180,00",823,"0,05",Broker,0
63,1,4,2,1,2,0,"180,00",842,"0,05",Broker,0
51,1,4,2,1,2,2,"158,79",849,"0,05",Broker,0
45,1,1,1,1,1,2,"135,48",850,"0,05",Broker,0
42,1,1,2,1,2,0,"135,86",1028,"0,05",Broker,0
47,1,1,1,1,2,3,"147,46",1092,"0,05",Broker,0
45,1,1,2,1,2,0,"138,35",1104,"0,05",Broker,0
49,1,1,1,2,2,2,"154,83",1216,"0,05",Broker,0
65,1,4,1,1,1,2,"180,00",1248,"0,05",Broker,0
42,1,4,2,1,1,2,"127,73",1338,"0,05",Broker,0
57,1,1,1,4,4,0,"171,61",1351,"0,05",Broker,0
50,1,1,1,2,2,2,"156,51",1377,"0,05",Broker,0
40,1,4,2,2,2,0,"125,30",1524,"0,05",Facebook,0
43,1,1,1,1,2,2,"132,39",1654,"0,05",Broker,0
44,1,4,1,2,2,2,"143,85",1678,"0,05",Broker,0
48,1,4,2,1,1,2,"151,19",1746,"0,05",Broker,0
56,1,4,2,2,2,3,"168,40",1751,"0,05",Broker,0
44,1,1,1,1,2,2,"143,14",1959,"0,05",Broker,0
55,1,4,1,1,2,2,"161,37",1994,"0,05",Broker,0
47,1,1,2,1,2,2,"144,44",1995,"0,05",Broker,0
50,1,1,1,4,4,2,"156,07",2013,"0,05",Broker,0
45,1,4,1,1,1,0,"138,18",2027,"0,05",Broker,0
54,1,4,2,1,1,0,"164,01",2077,"0,05",Broker,0
56,1,1,1,4,4,0,"179,21",2120,"0,05",Broker,0
47,1,1,1,2,2,2,"143,55",2123,"0,05",Broker,0
42,1,1,2,1,2,0,"135,37",2141,"0,05",Broker,0
50,1,4,2,1,2,2,"150,13",2152,"0,05",Broker,0
58,1,1,2,2,2,2,"175,44",2167,"0,05",Broker,0
47,1,4,1,2,2,0,"149,06",2180,"0,05",Broker,0
46,1,4,1,2,2,2,"141,00",2205,"0,05",Broker,0
59,1,1,2,1,2,0,"180,00",2219,"0,05",Broker,0
59,1,1,1,2,2,0,"176,61",2237,"0,05",Broker,0
54,1,1,2,1,1,2,"170,20",2311,"0,05",Broker,0
44,1,4,2,1,1,2,"133,93",2319,"0,05",Broker,0
48,1,1,2,1,2,0,"155,22",2342,"0,05",Broker,0
40,1,4,2,1,2,0,"116,78",2393,"0,05",www,0
64,1,4,1,4,4,0,"180,00",2411,"0,05",Broker,0
49,1,1,2,4,4,3,"160,74",2468,"0,05",Broker,0
47,1,1,1,1,1,0,"155,47",2560,"0,05",Broker,0
45,1,1,1,2,2,0,"138,23",2670,"0,05",Broker,0
60,1,1,1,1,1,0,"180,00",2697,"0,05",Broker,0
55,1,4,2,2,2,0,"169,60",2716,"0,05",Broker,0
50,1,1,1,1,1,2,"161,99",2781,"0,05",Broker,0
41,1,4,2,4,4,2,"132,35",2839,"0,05",Broker,0
43,1,4,1,1,1,0,"138,86",2881,"0,05",Broker,0
51,1,4,2,4,4,2,"158,80",2884,"0,05",Broker,0
47,1,1,1,1,1,2,"143,48",2924,"0,05",Broker,0
44,1,4,2,4,4,2,"142,81",3003,"0,05",Broker,0
51,1,4,1,1,1,2,"155,31",3017,"0,05",Broker,0
44,1,1,2,1,1,2,"137,91",3021,"0,05",Broker,0
63,1,1,2,4,4,2,"180,00",3040,"0,05",Broker,0
51,1,1,2,1,1,2,"156,66",3047,"0,05",Broker,0
53,1,4,1,1,1,2,"168,17",3069,"0,05",Broker,0
43,1,4,1,1,1,0,"135,70",3071,"0,05",Broker,0
52,1,4,1,1,1,2,"158,29",3092,"0,05",Broker,0
47,1,1,2,1,1,2,"139,07",3114,"0,05",Broker,0
60,1,1,1,1,2,2,"180,00",3116,"0,05",Broker,0
53,1,4,1,2,2,3,"160,97",3122,"0,05",Broker,0
48,1,1,1,2,2,3,"150,85",3247,"0,05",Broker,0
44,1,1,1,4,4,0,"131,22",3258,"0,05",Broker,0
49,1,1,2,1,1,2,"148,47",3264,"0,05",Broker,0
57,1,4,2,1,1,2,"172,69",3271,"0,05",Broker,0
49,1,4,1,1,2,0,"144,92",3274,"0,05",Broker,0
48,1,1,2,1,2,2,"145,75",3281,"0,05",Broker,0
41,1,4,2,1,1,2,"131,42",3341,"0,05",Broker,1
61,1,4,2,4,4,2,"180,00",3353,"0,05",Broker,0
52,1,1,2,1,1,2,"159,28",3372,"0,05",Broker,0
50,1,1,1,4,4,2,"157,20",3453,"0,05",Broker,0
63,1,4,1,1,2,2,"180,00",3456,"0,05",Broker,0
41,1,4,2,4,4,2,"133,61",3461,"0,05",Broker,0
50,1,1,1,2,2,0,"158,22",3473,"0,05",Broker,0
56,1,4,1,1,1,2,"171,96",3511,"0,05",Broker,0
55,1,1,2,1,1,2,"170,00",3517,"0,05",Broker,0
55,1,1,2,4,4,0,"174,91",3550,"0,05",Broker,0
51,1,1,2,2,2,3,"154,47",3578,"0,05",Broker,0
54,1,1,2,2,2,2,"171,19",3591,"0,05",Broker,1
44,1,4,2,4,4,2,"143,54",3648,"0,05",Broker,0
61,1,4,2,1,1,0,"180,00",3658,"0,05",Broker,0
44,1,1,2,1,2,2,"135,85",3672,"0,05",Broker,0
49,1,1,2,1,1,2,"153,00",3678,"0,05",Broker,0
50,1,4,1,4,4,2,"159,20",3690,"0,05",Broker,0
44,1,1,1,2,2,2,"138,30",3838,"0,05",Broker,0
47,1,4,1,4,4,2,"148,45",3843,"0,05",Broker,0
56,1,1,1,1,1,2,"168,98",3911,"0,05",Broker,0
42,1,1,2,1,2,2,"121,91",3917,"0,05",Broker,0
41,1,1,1,1,1,2,"138,23",3927,"0,05",Broker,0
45,1,4,1,4,4,2,"149,79",3930,"0,05",Broker,0
56,1,1,1,1,2,0,"178,17",4051,"0,05",Broker,0
57,1,4,1,1,1,2,"180,00",4058,"0,05",Broker,0
51,1,1,1,4,4,3,"158,88",4066,"0,05",Broker,0
51,1,4,2,1,2,2,"163,23",4067,"0,05",Broker,0
49,1,1,2,4,4,2,"152,69",4088,"0,05",Broker,0
44,1,4,2,4,4,2,"145,90",4095,"0,05",Broker,0
64,1,1,1,1,2,0,"180,00",4104,"0,05",Broker,0
58,1,4,1,2,2,2,"174,53",4111,"0,05",Broker,0
41,1,1,1,4,4,2,"130,06",4128,"0,05",Broker,0
46,1,1,1,1,2,2,"137,62",4141,"0,05",Broker,0
43,1,4,1,4,4,2,"139,41",4174,"0,05",Broker,0
63,1,4,2,1,1,2,"180,00",4283,"0,05",Broker,0
42,1,1,2,1,2,2,"127,05",4387,"0,05",Broker,0
40,1,4,1,1,1,2,"123,87",4413,"0,05",Facebook,0
52,1,1,1,1,2,2,"161,68",4426,"0,05",Broker,0
46,1,4,1,2,2,2,"147,56",4450,"0,05",Broker,0
43,1,4,2,1,1,0,"139,69",4458,"0,05",Broker,0
40,1,4,2,4,4,0,"130,28",4507,"0,05",Facebook,0
53,1,1,2,2,2,0,"162,48",4599,"0,05",Broker,0
45,1,4,1,4,4,2,"138,15",4621,"0,05",Broker,0
58,1,4,2,2,2,0,"179,87",4683,"0,05",Broker,0
60,1,4,1,1,2,0,"180,00",4716,"0,05",Broker,0
54,1,4,1,4,4,2,"161,79",4752,"0,05",Broker,0
41,1,4,1,1,1,0,"126,76",4778,"0,05",Broker,0
51,1,4,1,4,4,0,"157,54",4839,"0,05",Broker,0
49,1,4,1,4,4,3,"149,89",4904,"0,05",Broker,0
57,1,4,1,2,2,2,"180,00",4926,"0,05",Broker,0
42,1,4,1,1,2,2,"122,06",4943,"0,05",Broker,0
59,1,1,2,4,4,2,"180,00",4954,"0,05",Broker,0
41,1,1,1,1,1,3,"126,32",5004,"0,05",Broker,0
47,1,1,2,1,2,0,"159,35",5029,"0,05",Broker,0
50,1,4,2,1,1,2,"155,37",5139,"0,05",Broker,0
42,1,4,2,4,4,2,"132,03",5155,"0,05",Broker,0
51,1,1,1,1,2,2,"158,31",5226,"0,05",Broker,0
64,1,4,2,1,1,0,"180,00",5253,"0,05",Broker,0
41,1,1,1,1,2,2,"130,09",5256,"0,05",Broker,0
61,1,4,2,1,2,2,"180,00",5300,"0,05",Broker,0
59,1,1,1,2,2,0,"180,00",5333,"0,05",Broker,0
48,1,4,1,4,4,2,"151,50",5355,"0,05",Broker,0
59,1,4,1,4,4,2,"180,00",5444,"0,05",Broker,0
56,1,4,1,1,1,2,"172,56",5459,"0,05",Broker,0
61,1,1,2,1,2,2,"180,00",5591,"0,05",Broker,0
65,1,1,1,2,2,0,"180,00",5592,"0,05",Broker,0
58,1,4,2,1,1,2,"176,75",5696,"0,05",Broker,0
47,1,4,1,1,1,2,"149,40",5733,"0,05",Broker,0
45,1,1,2,1,1,2,"139,57",5748,"0,05",Broker,0
45,1,1,1,1,2,2,"147,64",5780,"0,05",Broker,0
51,1,1,2,1,1,2,"161,11",5877,"0,05",Broker,1
59,1,4,1,1,1,2,"178,92",5922,"0,05",Broker,0
45,1,1,1,1,1,0,"144,62",5959,"0,05",Broker,0
59,1,4,2,2,2,0,"178,13",5966,"0,05",Broker,0
52,1,4,1,1,1,2,"166,01",5987,"0,05",Broker,0
58,1,4,2,1,1,0,"179,28",6012,"0,05",Broker,0
43,1,4,1,4,4,0,"133,93",6093,"0,05",Broker,0
55,1,4,1,1,1,2,"164,82",6132,"0,05",Broker,0
45,1,1,2,1,1,2,"145,14",6226,"0,05",Broker,0
46,1,1,1,1,2,2,"147,16",6252,"0,05",Broker,0
54,1,1,1,1,1,0,"180,00",6333,"0,05",Broker,0
51,1,4,1,1,1,2,"152,49",6339,"0,05",Broker,0
40,1,4,2,1,1,2,"126,46",6362,"0,05",Facebook,0
43,1,1,1,1,1,0,"131,12",6385,"0,05",Broker,0
55,1,1,1,1,2,2,"166,09",6399,"0,05",Broker,0
50,1,4,1,4,4,0,"157,87",6404,"0,05",Broker,0
41,1,4,1,1,1,2,"125,40",6423,"0,05",Broker,0
50,1,1,2,1,1,2,"157,79",6469,"0,05",Broker,0
42,1,1,1,1,1,2,"124,40",6479,"0,05",Broker,0
59,1,1,1,1,1,3,"176,42",6544,"0,05",Broker,0
47,1,1,2,1,1,0,"143,95",6572,"0,05",Broker,0
43,1,1,1,1,1,2,"142,00",6577,"0,05",Broker,0
42,1,1,1,4,4,2,"127,37",6578,"0,05",Broker,0
62,1,4,2,4,4,2,"180,00",6635,"0,05",Broker,0
43,1,4,2,2,2,2,"129,53",6658,"0,05",Broker,0
48,1,1,1,2,2,2,"156,66",6695,"0,05",Broker,0
43,1,4,2,1,2,2,"134,44",6713,"0,05",Broker,0
65,1,4,2,4,4,0,"180,00",6763,"0,05",Broker,0
53,1,4,2,4,4,0,"168,25",6774,"0,05",Broker,0
59,1,1,1,1,1,2,"171,26",6927,"0,05",Broker,0
64,1,4,1,1,2,2,"180,00",6946,"0,05",Broker,0
46,1,1,2,4,4,3,"138,93",6947,"0,05",Broker,0
58,1,1,2,4,4,2,"173,28",6963,"0,05",Broker,0
53,1,1,2,1,1,2,"166,01",6970,"0,05",Broker,0
53,1,4,1,4,4,2,"155,72",7007,"0,05",Broker,0
55,1,1,1,1,2,0,"180,00",7044,"0,05",Broker,0
47,1,4,1,1,1,0,"143,26",7047,"0,05",Broker,0
54,1,4,1,2,2,2,"166,35",7143,"0,05",Broker,0
52,1,1,1,4,4,0,"164,22",7145,"0,05",Broker,0
53,1,4,2,1,2,2,"168,43",7151,"0,05",Broker,0
53,1,4,2,1,1,2,"173,99",7169,"0,05",Broker,0
46,1,1,2,2,2,2,"140,96",7206,"0,05",Broker,0
46,1,4,2,4,4,0,"137,38",7217,"0,05",Broker,0
41,1,4,2,1,1,2,"122,60",7238,"0,05",Broker,0
48,1,4,1,4,4,2,"150,12",7255,"0,05",Broker,0
50,1,4,2,1,2,2,"161,77",7489,"0,05",Broker,0
44,1,4,1,2,2,2,"133,54",7496,"0,05",Broker,0
51,1,1,2,4,4,2,"163,36",7540,"0,05",Broker,0
43,1,4,2,1,2,3,"130,37",7541,"0,05",Broker,0
51,1,4,2,4,4,2,"153,20",7582,"0,05",Broker,0
43,1,4,1,1,1,2,"131,03",7587,"0,05",Broker,0
53,1,4,2,1,1,0,"171,23",7621,"0,05",Broker,0
48,1,1,2,2,2,2,"146,07",7773,"0,05",Broker,0
41,1,1,1,2,2,3,"122,48",7787,"0,05",Broker,0
57,1,1,1,4,4,2,"180,00",7822,"0,05",Broker,0
62,1,1,2,4,4,0,"180,00",7876,"0,05",Broker,0
53,1,1,1,1,1,2,"162,08",7883,"0,05",Broker,1
60,1,1,2,1,1,2,"180,00",7890,"0,05",Broker,1
60,1,4,1,4,4,0,"180,00",7924,"0,05",Broker,0
44,1,4,2,1,1,2,"137,50",7926,"0,05",Broker,0
52,1,4,1,1,2,0,"158,08",7934,"0,05",Broker,0
51,1,4,1,1,1,2,"150,93",8100,"0,05",Broker,0
59,1,4,1,2,2,2,"178,81",8120,"0,05",Broker,0
41,1,4,2,1,2,2,"124,26",8129,"0,05",Broker,0
51,1,4,1,2,2,2,"151,25",8165,"0,05",Broker,0
42,1,4,1,1,2,2,"135,70",8248,"0,05",Broker,0
41,1,1,1,1,1,0,"130,82",8344,"0,05",Broker,0
61,1,4,1,2,2,0,"180,00",8410,"0,05",Broker,0
49,1,4,1,2,2,2,"152,57",8417,"0,05",Broker,0
43,1,1,2,2,2,2,"129,77",8462,"0,05",Broker,0
42,1,1,2,2,2,0,"130,45",8498,"0,05",Broker,0
54,1,4,1,1,1,2,"165,01",8548,"0,05",Broker,0
65,1,4,1,1,1,0,"180,00",8568,"0,05",Broker,0
48,1,4,2,4,4,2,"152,57",8633,"0,05",Broker,0
44,1,1,2,2,2,2,"139,26",8652,"0,05",Broker,0
47,1,4,1,1,1,0,"140,87",8772,"0,05",Broker,0
41,1,1,2,1,2,2,"121,27",8822,"0,05",Broker,1
41,1,4,2,4,4,2,"125,46",8868,"0,05",Broker,0
47,1,1,2,4,4,2,"144,22",8882,"0,05",Broker,0
53,1,4,2,1,2,2,"164,43",8982,"0,05",Broker,0
51,1,4,2,1,2,3,"151,73",8999,"0,05",Broker,0
40,1,4,2,1,1,3,"131,26",9025,"0,05",Facebook,0
51,1,4,1,4,4,2,"157,06",9032,"0,05",Broker,0
65,1,4,1,1,1,2,"180,00",9081,"0,05",Broker,0
46,1,4,1,2,2,2,"143,13",9208,"0,05",Broker,0
44,1,4,2,4,4,2,"131,46",9271,"0,05",Broker,0
49,1,4,1,4,4,2,"154,38",9288,"0,05",Broker,0
53,1,4,2,1,1,0,"163,97",9314,"0,05",Broker,0
54,1,4,1,1,2,2,"165,20",9323,"0,05",Broker,0
41,1,4,2,1,2,2,"130,58",9336,"0,05",Broker,0
45,1,1,2,1,2,0,"131,93",9345,"0,05",Broker,0
60,1,1,2,1,1,0,"180,00",9428,"0,05",Broker,0
44,1,1,1,1,2,0,"141,99",9436,"0,05",Broker,0
40,1,4,2,4,4,0,"132,09",9463,"0,05",Facebook,0
46,1,4,1,4,4,2,"141,70",9497,"0,05",Broker,0
45,1,1,1,4,4,2,"152,24",9536,"0,05",Broker,0
54,1,4,1,1,1,0,"178,28",9639,"0,05",Broker,0
49,1,1,1,4,4,2,"148,08",9657,"0,05",Broker,0
46,1,1,2,4,4,2,"145,64",9675,"0,05",Broker,0
60,1,1,2,1,2,2,"180,00",9744,"0,05",Broker,0
51,1,1,2,1,1,2,"155,61",9754,"0,05",Broker,0
51,1,1,1,1,1,2,"159,74",9817,"0,05",Broker,0
53,1,1,1,1,2,2,"169,63",9855,"0,05",Broker,0
48,1,1,1,2,2,0,"154,39",9958,"0,05",Broker,0
47,1,4,2,1,1,2,"151,00",9971,"0,05",Broker,0
49,1,4,1,1,1,2,"153,60",9984,"0,05",Broker,0
48,1,4,2,2,2,2,"150,92",9996,"0,05",Broker,0
51,1,4,3,3,3,1,"165,26",58,"0,05",Broker,0
47,1,4,3,3,3,1,"148,10",78,"0,05",Broker,0
55,1,4,3,3,3,1,"180,00",505,"0,05",Broker,0
44,1,1,3,3,3,1,"125,22",571,"0,05",Broker,0
41,1,4,3,3,3,1,"123,73",698,"0,05",Broker,0
53,1,1,3,3,3,1,"162,94",831,"0,05",Broker,0
62,1,4,3,3,3,1,"180,00",886,"0,05",Broker,0
47,1,4,3,3,3,1,"145,61",1091,"0,05",Broker,0
45,1,4,3,3,3,1,"140,02",1166,"0,05",Broker,0
47,1,1,3,3,3,1,"138,08",1177,"0,05",Broker,0
51,1,4,3,3,3,1,"162,86",1209,"0,05",Broker,0
56,1,1,3,3,3,1,"172,84",1416,"0,05",Broker,0
56,1,4,3,3,3,1,"180,00",1781,"0,05",Broker,0
55,1,4,3,3,3,1,"167,62",1798,"0,05",Broker,0
55,1,4,3,3,3,1,"169,66",1815,"0,05",Broker,0
51,1,4,3,3,3,1,"160,57",2281,"0,05",Broker,0
56,1,4,3,3,3,1,"167,20",2813,"0,05",Broker,0
40,1,1,3,3,3,1,"130,42",2870,"0,05",Facebook,0
57,1,1,3,3,3,1,"170,71",3279,"0,05",Broker,0
62,1,4,3,3,3,1,"180,00",3588,"0,05",Broker,0
57,1,1,3,3,3,1,"164,24",3626,"0,05",Broker,0
48,1,1,3,3,3,1,"148,61",3649,"0,05",Broker,0
50,1,4,3,3,3,1,"149,68",3799,"0,05",Broker,0
43,1,1,3,3,3,1,"125,76",3800,"0,05",Broker,0
62,1,4,3,3,3,1,"180,00",3983,"0,05",Broker,0
42,1,1,3,3,3,1,"136,18",4086,"0,05",Broker,0
52,1,1,3,3,3,1,"164,98",5286,"0,05",Broker,0
60,1,4,3,3,3,1,"180,00",5570,"0,05",Broker,0
43,1,1,3,3,3,1,"140,95",5907,"0,05",Broker,0
51,1,4,3,3,3,1,"144,94",7474,"0,05",Broker,0
61,1,4,3,3,3,1,"180,00",7693,"0,05",Broker,0
50,1,4,3,3,3,1,"154,34",7800,"0,05",Broker,0
47,1,1,3,3,3,1,"141,98",8069,"0,05",Broker,0
49,1,1,3,3,3,1,"150,06",8215,"0,05",Broker,0
45,1,1,3,3,3,1,"141,61",8613,"0,05",Broker,0
52,1,1,3,3,3,1,"160,44",8621,"0,05",Broker,0
47,1,1,3,3,3,1,"151,63",8794,"0,05",Broker,0
53,1,4,3,3,3,1,"164,14",8843,"0,05",Broker,0
53,1,4,3,3,3,1,"170,02",9529,"0,05",Broker,0
46,1,4,3,3,3,1,"144,68",9711,"0,05",Broker,0
50,1,1,3,3,3,2,"150,42",1,"0,05",Broker,0
56,1,4,3,3,3,2,"176,06",396,"0,05",Broker,0
50,1,1,3,3,3,2,"157,51",426,"0,05",Broker,0
41,1,1,3,3,3,2,"123,75",777,"0,05",Broker,0
45,1,4,3,3,3,2,"139,73",1030,"0,05",Broker,0
49,1,4,3,3,3,2,"146,47",1108,"0,05",Broker,0
65,1,1,3,3,3,2,"180,00",1349,"0,05",Broker,0
47,1,4,3,3,3,0,"136,74",1474,"0,05",Broker,0
55,1,1,3,3,3,2,"177,61",1997,"0,05",Broker,0
61,1,4,3,3,3,2,"180,00",2378,"0,05",Broker,0
65,1,4,3,3,3,2,"180,00",2603,"0,05",Broker,0
50,1,4,3,3,3,2,"160,13",2730,"0,05",Broker,0
44,1,1,3,3,3,0,"134,88",3060,"0,05",Broker,0
53,1,1,3,3,3,0,"169,09",3127,"0,05",Broker,0
40,1,4,3,3,3,2,"124,64",3297,"0,05",Facebook,0
55,1,4,3,3,3,2,"169,34",3426,"0,05",Broker,0
49,1,4,3,3,3,0,"152,77",3571,"0,05",Broker,0
56,1,4,3,3,3,3,"175,67",3614,"0,05",Broker,0
48,1,4,3,3,3,3,"153,61",3745,"0,05",Broker,0
51,1,4,3,3,3,0,"157,25",4117,"0,05",Broker,0
43,1,1,3,3,3,2,"135,96",4136,"0,05",Broker,0
47,1,1,3,3,3,3,"145,34",4275,"0,05",Broker,0
49,1,4,3,3,3,0,"149,51",4799,"0,05",Broker,0
49,1,4,3,3,3,2,"147,10",4818,"0,05",Broker,0
44,1,4,3,3,3,0,"140,04",4996,"0,05",Broker,0
54,1,1,3,3,3,2,"163,83",5523,"0,05",Broker,0
61,1,4,3,3,3,2,"180,00",5554,"0,05",Broker,0
55,1,1,3,3,3,2,"166,09",5600,"0,05",Broker,0
45,1,1,3,3,3,0,"139,26",5683,"0,05",Broker,0
43,1,1,3,3,3,2,"143,27",5742,"0,05",Broker,0
64,1,1,3,3,3,3,"180,00",5878,"0,05",Broker,0
56,1,1,3,3,3,2,"174,15",5950,"0,05",Broker,0
42,1,4,3,3,3,2,"141,37",6044,"0,05",Broker,0
65,1,4,3,3,3,0,"180,00",6477,"0,05",Broker,0
64,1,1,3,3,3,0,"180,00",6510,"0,05",Broker,0
60,1,1,3,3,3,2,"180,00",6542,"0,05",Broker,0
55,1,1,3,3,3,0,"167,87",6696,"0,05",Broker,0
65,1,4,3,3,3,2,"180,00",6726,"0,05",Broker,0
54,1,4,3,3,3,0,"162,53",6816,"0,05",Broker,0
50,1,4,3,3,3,3,"154,74",6818,"0,05",Broker,0
50,1,1,3,3,3,0,"153,50",7009,"0,05",Broker,0
44,1,4,3,3,3,2,"134,92",7083,"0,05",Broker,0
41,1,4,3,3,3,3,"133,73",7218,"0,05",Broker,0
57,1,4,3,3,3,0,"178,76",7256,"0,05",Broker,0
46,1,1,3,3,3,2,"142,73",7299,"0,05",Broker,0
63,1,4,3,3,3,0,"180,00",7467,"0,05",Broker,0
56,1,1,3,3,3,3,"173,16",7872,"0,05",Broker,0
43,1,1,3,3,3,2,"130,24",7976,"0,05",Broker,0
49,1,4,3,3,3,0,"150,12",8219,"0,05",Broker,0
54,1,1,3,3,3,0,"160,95",8382,"0,05",Broker,0
45,1,1,3,3,3,2,"144,93",8848,"0,05",Broker,0
58,1,4,3,3,3,2,"176,60",9030,"0,05",Broker,0
48,1,4,3,3,3,0,"153,76",9035,"0,05",Broker,0
57,1,4,3,3,3,2,"179,88",9071,"0,05",Broker,0
43,1,1,3,3,3,0,"138,89",9313,"0,05",Broker,0
50,1,4,3,3,3,2,"154,59",9350,"0,05",Broker,0
42,1,1,3,3,3,2,"130,13",9831,"0,05",Broker,0
59,1,4,3,3,3,2,"180,00",9885,"0,05",Broker,0
59,1,1,3,3,4,1,"180,00",625,"0,05",Broker,0
47,1,4,3,3,4,1,"139,24",1926,"0,05",Broker,0
45,1,4,3,3,4,1,"132,48",1931,"0,05",Broker,0
45,1,1,3,3,4,1,"145,76",2499,"0,05",Broker,0
43,1,1,3,3,4,1,"136,05",2754,"0,05",Broker,0
45,1,1,3,3,4,1,"138,22",3871,"0,05",Broker,0
52,1,4,3,3,4,1,"165,25",4332,"0,05",Broker,0
43,1,1,3,3,4,1,"119,77",5099,"0,05",Broker,0
43,1,1,3,3,4,1,"137,86",5236,"0,05",Broker,0
44,1,1,3,3,4,1,"138,09",5871,"0,05",Broker,0
50,1,4,3,3,4,1,"168,56",5879,"0,05",Broker,0
64,1,4,3,3,4,1,"180,00",6815,"0,05",Broker,0
46,1,4,3,3,4,1,"143,51",7124,"0,05",Broker,0
53,1,1,3,3,4,1,"162,00",7332,"0,05",Broker,0
40,1,1,3,3,4,1,"118,07",7503,"0,05",www,0
61,1,1,3,3,4,1,"180,00",8420,"0,05",Broker,0
45,1,1,3,3,4,1,"139,32",8578,"0,05",Broker,0
51,1,4,3,3,4,1,"166,10",8825,"0,05",Broker,0
50,1,4,3,3,4,1,"153,08",8830,"0,05",Broker,0
52,1,4,3,3,4,1,"160,26",8975,"0,05",Broker,0
44,1,1,3,3,4,1,"145,29",9324,"0,05",Broker,0
42,1,4,3,3,4,0,"134,38",207,"0,05",Broker,0
49,1,1,3,3,4,2,"154,70",223,"0,05",Broker,0
44,1,4,3,3,4,0,"142,35",574,"0,05",Broker,0
42,1,1,3,3,4,0,"135,05",781,"0,05",Broker,0
47,1,4,3,3,4,2,"146,12",821,"0,05",Broker,0
52,1,4,3,3,4,0,"169,82",1614,"0,05",Broker,0
51,1,1,3,3,4,0,"160,19",1785,"0,05",Broker,0
42,1,4,3,3,4,2,"127,52",2508,"0,05",Broker,0
65,1,4,3,3,4,0,"180,00",2618,"0,05",Broker,0
47,1,4,3,3,4,2,"143,59",3278,"0,05",Broker,0
43,1,4,3,3,4,0,"135,21",3769,"0,05",Broker,0
63,1,1,3,3,4,3,"180,00",4243,"0,05",Broker,0
45,1,1,3,3,4,0,"147,79",5740,"0,05",Broker,0
55,1,4,3,3,4,2,"166,98",6029,"0,05",Broker,0
40,1,1,3,3,4,0,"118,35",6087,"0,05",www,0
48,1,1,3,3,4,2,"153,18",6348,"0,05",Broker,0
53,1,1,3,3,4,0,"159,37",6525,"0,05",Broker,0
50,1,1,3,3,4,2,"149,70",6819,"0,05",Broker,0
45,1,1,3,3,4,2,"139,07",7186,"0,05",Broker,0
55,1,4,3,3,4,2,"161,54",7325,"0,05",Broker,0
44,1,4,3,3,4,2,"129,01",7358,"0,05",Broker,0
47,1,4,3,3,4,2,"151,45",7784,"0,05",Broker,0
44,1,1,3,3,4,2,"133,58",8545,"0,05",Broker,0
49,1,1,3,3,4,0,"157,38",8632,"0,05",Broker,0
48,1,4,3,3,4,2,"157,13",8746,"0,05",Broker,0
64,1,1,3,3,4,2,"180,00",8821,"0,05",Broker,0
40,1,1,3,3,4,2,"126,99",8832,"0,05",Facebook,0
51,1,1,3,3,4,0,"157,55",9191,"0,05",Broker,0
56,1,4,3,3,4,0,"172,72",9460,"0,05",Broker,0
40,1,4,3,2,3,1,"117,60",154,"0,05",www,0
53,1,1,3,2,3,1,"170,98",584,"0,05",Broker,0
52,1,1,3,2,3,1,"160,41",798,"0,05",Broker,0
43,1,1,3,2,3,1,"134,92",1444,"0,05",Broker,0
54,1,4,3,2,3,1,"165,61",7260,"0,05",Broker,0
42,1,1,3,2,3,2,"136,72",190,"0,05",Broker,0
41,1,4,3,2,3,2,"126,08",2139,"0,05",Broker,0
49,1,4,3,2,3,2,"154,12",2473,"0,05",Broker,0
53,1,1,3,2,3,0,"164,36",3740,"0,05",Broker,0
45,1,1,3,2,3,0,"143,07",4580,"0,05",Broker,0
43,1,1,3,2,3,0,"129,52",6481,"0,05",Broker,0
44,1,4,3,2,3,3,"139,35",6827,"0,05",Broker,0
52,1,4,3,2,3,2,"171,89",7677,"0,05",Broker,0
43,1,4,3,2,3,2,"133,55",7753,"0,05",Broker,0
53,1,4,3,2,3,2,"161,93",7844,"0,05",Broker,0
43,1,1,3,2,3,3,"141,15",8593,"0,05",Broker,0
40,1,4,3,2,3,2,"126,65",9688,"0,05",Facebook,0
47,1,4,3,1,1,1,"146,81",170,"0,05",Broker,0
44,1,4,3,1,2,1,"131,91",334,"0,05",Broker,0
61,1,4,3,1,1,1,"180,00",442,"0,05",Broker,0
57,1,1,3,1,2,1,"180,00",557,"0,05",Broker,0
53,1,1,3,1,1,1,"154,55",648,"0,05",Broker,0
52,1,1,3,1,1,1,"155,49",795,"0,05",Broker,0
55,1,4,3,1,2,1,"172,82",956,"0,05",Broker,0
54,1,1,3,1,1,1,"175,24",980,"0,05",Broker,0
46,1,1,3,2,2,1,"146,21",1042,"0,05",Broker,0
55,1,4,3,1,1,1,"168,02",1107,"0,05",Broker,0
53,1,1,3,1,1,1,"176,04",1324,"0,05",Broker,0
45,1,1,3,4,4,1,"138,45",1385,"0,05",Broker,0
41,1,4,3,1,1,1,"118,00",1477,"0,05",Broker,0
65,1,4,3,1,2,1,"180,00",1494,"0,05",Broker,0
53,1,4,3,4,4,1,"163,80",1621,"0,05",Broker,0
54,1,1,3,4,4,1,"164,21",1669,"0,05",Broker,0
40,1,4,3,1,1,1,"120,91",1812,"0,05",Facebook,0
48,1,4,3,1,2,1,"147,25",1866,"0,05",Broker,0
57,1,4,3,2,2,1,"169,30",1922,"0,05",Broker,0
41,1,1,3,2,2,1,"133,06",2253,"0,05",Broker,0
57,1,4,3,2,2,1,"170,00",2386,"0,05",Broker,0
52,1,4,3,1,2,1,"156,86",2607,"0,05",Broker,0
49,1,1,3,2,2,1,"147,14",2671,"0,05",Broker,0
55,1,1,3,1,1,1,"180,00",2776,"0,05",Broker,0
60,1,1,3,1,2,1,"180,00",2832,"0,05",Broker,0
53,1,1,3,4,4,1,"161,60",2858,"0,05",Broker,0
49,1,4,3,4,4,1,"159,92",2871,"0,05",Broker,0
53,1,4,3,4,4,1,"166,34",2944,"0,05",Broker,0
51,1,1,3,1,2,1,"155,76",2975,"0,05",Broker,0
56,1,4,3,1,2,1,"172,07",3094,"0,05",Broker,0
53,1,1,3,1,1,1,"162,40",3173,"0,05",Broker,0
42,1,1,3,1,2,1,"123,73",3246,"0,05",Broker,0
51,1,4,3,2,2,1,"156,64",3415,"0,05",Broker,0
51,1,4,3,1,1,1,"152,93",3499,"0,05",Broker,0
42,1,4,3,1,1,1,"136,93",3574,"0,05",Broker,0
48,1,4,3,1,1,1,"151,10",3633,"0,05",Broker,0
52,1,1,3,4,4,1,"166,07",3742,"0,05",Broker,0
47,1,4,3,1,2,1,"148,59",3779,"0,05",Broker,0
48,1,4,3,1,1,1,"149,70",3870,"0,05",Broker,0
47,1,1,3,1,1,1,"144,92",4180,"0,05",Broker,0
55,1,1,3,2,2,1,"169,08",4304,"0,05",Broker,0
40,1,4,3,1,1,1,"127,54",4454,"0,05",Facebook,0
41,1,4,3,4,4,1,"127,21",4503,"0,05",Broker,0
40,1,4,3,1,1,1,"128,98",4541,"0,05",Facebook,0
61,1,4,3,1,2,1,"180,00",4688,"0,05",Broker,0
59,1,4,3,4,4,1,"180,00",4722,"0,05",Broker,0
41,1,4,3,4,4,1,"134,86",4866,"0,05",Broker,0
49,1,1,3,2,2,1,"145,69",4878,"0,05",Broker,0
58,1,1,3,1,2,1,"174,95",4924,"0,05",Broker,0
46,1,1,3,1,2,1,"154,42",4991,"0,05",Broker,0
56,1,1,3,1,2,1,"176,37",5134,"0,05",Broker,0
43,1,4,3,1,1,1,"137,26",5220,"0,05",Broker,0
61,1,1,3,1,2,1,"180,00",5535,"0,05",Broker,0
43,1,1,3,1,1,1,"140,79",5807,"0,05",Broker,0
51,1,4,3,2,2,1,"160,70",5957,"0,05",Broker,0
52,1,4,3,1,1,1,"160,76",6193,"0,05",Broker,0
57,1,1,3,1,1,1,"172,96",6283,"0,05",Broker,0
58,1,1,3,1,1,1,"180,00",6331,"0,05",Broker,0
65,1,4,3,4,4,1,"180,00",6344,"0,05",Broker,0
55,1,1,3,2,2,1,"175,25",6392,"0,05",Broker,0
60,1,4,3,1,1,1,"180,00",6424,"0,05",Broker,0
50,1,4,3,1,2,1,"149,41",6454,"0,05",Broker,0
42,1,1,3,1,1,1,"129,45",6757,"0,05",Broker,0
41,1,4,3,1,1,1,"130,89",6840,"0,05",Broker,0
50,1,1,3,1,1,1,"150,92",6855,"0,05",Broker,0
43,1,1,3,4,4,1,"129,39",7076,"0,05",Broker,0
41,1,4,3,1,1,1,"133,21",7100,"0,05",Broker,0
47,1,4,3,4,4,1,"154,41",7160,"0,05",Broker,0
52,1,1,3,1,2,1,"174,66",7281,"0,05",Broker,0
47,1,4,3,1,2,1,"155,82",7437,"0,05",Broker,0
46,1,4,3,4,4,1,"144,06",7641,"0,05",Broker,0
41,1,4,3,1,1,1,"140,25",7719,"0,05",Broker,0
58,1,4,3,1,1,1,"165,34",7841,"0,05",Broker,0
49,1,4,3,1,2,1,"156,02",8050,"0,05",Broker,0
57,1,4,3,1,1,1,"178,93",8278,"0,05",Broker,0
41,1,1,3,1,2,1,"123,48",8387,"0,05",Broker,0
45,1,4,3,1,2,1,"136,37",9166,"0,05",Broker,0
43,1,4,3,1,1,1,"142,00",9266,"0,05",Broker,0
41,1,1,3,1,1,1,"128,42",9333,"0,05",Broker,0
43,1,4,3,2,2,1,"130,84",9438,"0,05",Broker,0
52,1,4,3,1,1,1,"159,21",9826,"0,05",Broker,0
53,1,4,3,4,4,1,"159,65",9904,"0,05",Broker,0
58,1,4,3,1,1,1,"180,00",9912,"0,05",Broker,0
45,1,4,3,1,2,1,"129,20",9913,"0,05",Broker,0
56,1,4,3,4,4,3,"179,09",98,"0,05",Broker,0
48,1,4,3,4,4,2,"157,27",127,"0,05",Broker,0
54,1,1,3,4,4,0,"172,98",131,"0,05",Broker,0
43,1,4,3,1,1,2,"135,71",139,"0,05",Broker,0
56,1,4,3,1,1,3,"164,71",162,"0,05",Broker,0
47,1,4,3,2,2,2,"149,21",172,"0,05",Broker,0
56,1,4,3,2,2,0,"174,87",413,"0,05",Broker,0
41,1,1,3,1,1,2,"126,00",638,"0,05",Broker,0
41,1,1,3,1,1,2,"128,68",712,"0,05",Broker,0
41,1,1,3,2,2,0,"136,47",780,"0,05",Broker,0
42,1,1,3,1,2,0,"131,04",793,"0,05",Broker,0
46,1,4,3,1,2,2,"151,87",833,"0,05",Broker,0
61,1,4,3,1,1,2,"180,00",1000,"0,05",Broker,0
44,1,4,3,1,1,2,"136,09",1208,"0,05",Broker,0
50,1,4,3,4,4,2,"153,87",1272,"0,05",Broker,0
45,1,4,3,1,2,2,"137,69",1316,"0,05",Broker,0
63,1,1,3,1,1,2,"180,00",1323,"0,05",Broker,1
45,1,1,3,2,2,2,"137,98",1600,"0,05",Broker,0
59,1,1,3,1,1,2,"180,00",1766,"0,05",Broker,0
65,1,4,3,2,2,2,"180,00",1822,"0,05",Broker,0
42,1,4,3,1,1,2,"138,73",1875,"0,05",Broker,0
47,1,4,3,1,2,3,"142,74",1973,"0,05",Broker,0
56,1,1,3,1,2,2,"175,70",2076,"0,05",Broker,0
49,1,4,3,1,2,0,"149,87",2162,"0,05",Broker,0
57,1,1,3,2,2,3,"176,51",2164,"0,05",Broker,0
49,1,1,3,4,4,0,"153,46",2313,"0,05",Broker,0
48,1,4,3,4,4,3,"148,96",2387,"0,05",Broker,0
46,1,1,3,4,4,2,"135,41",2535,"0,05",Broker,0
47,1,1,3,1,2,2,"146,28",2577,"0,05",Broker,0
42,1,1,3,4,4,2,"130,77",2580,"0,05",Broker,0
64,1,1,3,1,2,2,"180,00",2760,"0,05",Broker,0
60,1,1,3,1,1,2,"180,00",3005,"0,05",Broker,0
63,1,1,3,1,1,2,"180,00",3008,"0,05",Broker,0
43,1,4,3,1,1,0,"137,95",3035,"0,05",Broker,0
49,1,4,3,2,2,2,"145,63",3082,"0,05",Broker,0
59,1,4,3,4,4,2,"174,75",3267,"0,05",Broker,0
42,1,1,3,1,1,2,"137,29",3309,"0,05",Broker,0
48,1,4,3,4,4,0,"153,05",3437,"0,05",Broker,0
52,1,4,3,4,4,2,"166,22",3533,"0,05",Broker,0
59,1,1,3,1,1,0,"180,00",3537,"0,05",Broker,0
58,1,1,3,2,2,2,"180,00",3727,"0,05",Broker,0
49,1,1,3,1,1,2,"151,71",4224,"0,05",Broker,0
65,1,1,3,2,2,2,"180,00",4409,"0,05",Broker,0
53,1,4,3,4,4,2,"165,66",4473,"0,05",Broker,0
43,1,4,3,2,2,2,"135,60",4495,"0,05",Broker,0
46,1,4,3,1,2,2,"148,56",4687,"0,05",Broker,0
40,1,4,3,4,4,2,"132,26",4715,"0,05",Facebook,0
60,1,4,3,1,1,2,"180,00",4791,"0,05",Broker,0
44,1,1,3,4,4,0,"142,18",4884,"0,05",Broker,0
55,1,4,3,4,4,2,"168,50",4920,"0,05",Broker,0
46,1,4,3,1,1,2,"145,82",4930,"0,05",Broker,0
54,1,1,3,1,2,2,"168,60",5005,"0,05",Broker,0
51,1,1,3,1,1,2,"166,59",5237,"0,05",Broker,0
51,1,1,3,2,2,2,"158,96",5327,"0,05",Broker,0
57,1,1,3,4,4,2,"174,57",5379,"0,05",Broker,0
40,1,4,3,1,2,2,"128,76",5533,"0,05",Facebook,0
41,1,1,3,4,4,0,"126,73",5615,"0,05",Broker,0
57,1,4,3,1,2,2,"176,09",5668,"0,05",Broker,0
53,1,4,3,2,2,0,"155,07",5796,"0,05",Broker,0
49,1,1,3,4,4,0,"152,88",5820,"0,05",Broker,0
61,1,4,3,4,4,0,"180,00",5875,"0,05",Broker,0
53,1,4,3,1,1,2,"161,08",5970,"0,05",Broker,0
45,1,4,3,4,4,2,"132,73",6022,"0,05",Broker,0
50,1,4,3,4,4,0,"155,62",6058,"0,05",Broker,0
58,1,4,3,1,1,2,"180,00",6151,"0,05",Broker,0
48,1,4,3,1,1,2,"152,82",6156,"0,05",Broker,0
48,1,1,3,1,1,2,"148,62",6166,"0,05",Broker,0
47,1,1,3,1,1,0,"155,52",6241,"0,05",Broker,0
60,1,4,3,1,1,2,"180,00",6288,"0,05",Broker,0
42,1,1,3,4,4,2,"129,19",6350,"0,05",Broker,0
57,1,1,3,4,4,3,"180,00",6369,"0,05",Broker,0
53,1,1,3,1,1,2,"159,53",6466,"0,05",Broker,0
44,1,4,3,4,4,2,"145,04",6502,"0,05",Broker,0
51,1,4,3,1,2,2,"166,61",6740,"0,05",Broker,0
47,1,1,3,1,1,2,"148,19",6849,"0,05",Broker,0
50,1,4,3,1,1,3,"162,02",6954,"0,05",Broker,0
56,1,4,3,2,2,2,"180,00",7248,"0,05",Broker,0
40,1,4,3,2,2,2,"130,49",7287,"0,05",Facebook,0
42,1,1,3,4,4,2,"128,52",7330,"0,05",Broker,0
42,1,4,3,2,2,2,"135,88",7439,"0,05",Broker,0
51,1,4,3,4,4,2,"146,93",7483,"0,05",Broker,0
55,1,1,3,4,4,0,"174,50",7615,"0,05",Broker,0
55,1,1,3,1,2,0,"171,59",7782,"0,05",Broker,0
42,1,4,3,1,1,2,"134,19",7834,"0,05",Broker,0
47,1,1,3,1,2,2,"143,54",7931,"0,05",Broker,0
52,1,4,3,1,2,2,"153,41",8103,"0,05",Broker,0
47,1,1,3,4,4,2,"150,95",8166,"0,05",Broker,0
47,1,4,3,2,2,2,"149,67",8255,"0,05",Broker,0
60,1,1,3,1,1,2,"180,00",8333,"0,05",Broker,0
44,1,1,3,1,2,2,"135,22",8391,"0,05",Broker,0
53,1,1,3,4,4,2,"170,27",8454,"0,05",Broker,0
53,1,4,3,1,2,2,"163,31",8481,"0,05",Broker,0
45,1,1,3,1,1,2,"140,46",8490,"0,05",Broker,0
50,1,1,3,4,4,0,"161,17",8654,"0,05",Broker,0
58,1,1,3,1,1,0,"171,76",8736,"0,05",Broker,0
45,1,1,3,4,4,0,"141,03",8890,"0,05",Broker,0
61,1,1,3,1,1,0,"180,00",8944,"0,05",Broker,0
54,1,1,3,1,1,0,"170,28",9009,"0,05",Broker,0
44,1,1,3,4,4,0,"139,04",9022,"0,05",Broker,0
54,1,4,3,1,1,2,"170,75",9103,"0,05",Broker,0
44,1,1,3,4,4,2,"130,36",9144,"0,05",Broker,0
49,1,1,3,1,2,2,"162,87",9167,"0,05",Broker,0
40,1,1,3,1,1,2,"129,58",9330,"0,05",Facebook,0
56,1,4,3,1,2,2,"178,20",9705,"0,05",Broker,0
42,1,4,3,1,1,0,"129,09",9706,"0,05",Broker,0
55,1,4,3,2,2,3,"171,60",9715,"0,05",Broker,0
58,1,4,3,1,2,0,"178,91",9783,"0,05",Broker,0
53,1,1,3,2,2,3,"161,22",9796,"0,05",Broker,0
44,1,1,3,4,4,0,"139,45",9994,"0,05",Broker,0
40,1,4,4,3,3,1,"130,44",95,"0,05",Facebook,0
52,1,1,4,3,3,1,"158,11",140,"0,05",Broker,0
43,1,1,4,3,3,1,"141,74",422,"0,05",Broker,0
41,1,4,4,3,3,1,"127,65",427,"0,05",Broker,0
40,1,1,4,3,3,1,"121,73",829,"0,05",Facebook,0
62,1,1,4,3,3,1,"180,00",860,"0,05",Broker,0
46,1,4,4,3,3,1,"148,90",1037,"0,05",Broker,0
53,1,1,4,3,3,1,"160,80",1150,"0,05",Broker,0
52,1,1,4,3,3,1,"159,54",1596,"0,05",Broker,0
44,1,4,4,3,3,1,"130,61",1861,"0,05",Broker,0
54,1,4,4,3,3,1,"174,05",1885,"0,05",Broker,0
59,1,1,4,3,3,1,"180,00",2511,"0,05",Broker,0
60,1,4,4,3,3,1,"180,00",2861,"0,05",Broker,0
45,1,4,4,3,3,1,"146,73",4474,"0,05",Broker,0
56,1,4,4,3,3,1,"161,64",4739,"0,05",Broker,0
54,1,4,4,3,3,1,"174,30",4765,"0,05",Broker,0
41,1,1,4,3,3,1,"127,90",4802,"0,05",Broker,0
62,1,1,4,3,3,1,"180,00",5079,"0,05",Broker,0
41,1,1,4,3,3,1,"130,44",5531,"0,05",Broker,0
48,1,4,4,3,3,1,"144,42",5648,"0,05",Broker,0
44,1,1,4,3,3,1,"142,88",5720,"0,05",Broker,0
43,1,1,4,3,3,1,"130,29",5725,"0,05",Broker,0
49,1,4,4,3,3,1,"149,74",5983,"0,05",Broker,0
59,1,4,4,3,3,1,"180,00",6118,"0,05",Broker,0
43,1,1,4,3,3,1,"133,75",6903,"0,05",Broker,0
50,1,4,4,3,3,1,"162,74",6998,"0,05",Broker,0
57,1,4,4,3,3,1,"174,08",7035,"0,05",Broker,0
63,1,1,4,3,3,1,"180,00",7079,"0,05",Broker,0
58,1,4,4,3,3,1,"174,66",7449,"0,05",Broker,0
40,1,1,4,3,3,1,"121,30",7732,"0,05",Facebook,0
46,1,1,4,3,3,1,"148,26",7861,"0,05",Broker,0
62,1,4,4,3,3,1,"180,00",7892,"0,05",Broker,0
40,1,4,4,3,3,1,"122,96",7910,"0,05",Facebook,0
54,1,4,4,3,3,1,"164,21",8017,"0,05",Broker,0
61,1,4,4,3,3,1,"180,00",8346,"0,05",Broker,0
43,1,4,4,3,3,1,"143,24",8393,"0,05",Broker,0
53,1,4,4,3,3,1,"166,43",8658,"0,05",Broker,0
45,1,4,4,3,3,1,"140,03",9290,"0,05",Broker,0
58,1,4,4,3,3,1,"180,00",9395,"0,05",Broker,0
52,1,1,4,3,3,1,"160,97",9430,"0,05",Broker,0
53,1,1,4,3,3,1,"163,39",9600,"0,05",Broker,0
42,1,4,4,3,3,1,"134,63",9929,"0,05",Broker,0
58,1,4,4,3,3,0,"180,00",18,"0,05",Broker,0
40,1,4,4,3,3,0,"123,89",497,"0,05",Facebook,0
41,1,1,4,3,3,2,"132,05",668,"0,05",Broker,0
40,1,1,4,3,3,0,"129,11",679,"0,05",Facebook,0
59,1,1,4,3,3,2,"180,00",726,"0,05",Broker,0
55,1,1,4,3,3,0,"172,98",775,"0,05",Broker,0
61,1,1,4,3,3,2,"180,00",875,"0,05",Broker,0
58,1,1,4,3,3,2,"178,31",915,"0,05",Broker,0
47,1,4,4,3,3,2,"150,03",1052,"0,05",Broker,0
45,1,4,4,3,3,0,"132,55",1089,"0,05",Broker,0
64,1,1,4,3,3,2,"180,00",1134,"0,05",Broker,0
62,1,4,4,3,3,2,"180,00",1240,"0,05",Broker,0
46,1,1,4,3,3,2,"144,96",1252,"0,05",Broker,0
56,1,1,4,3,3,0,"177,27",1442,"0,05",Broker,0
56,1,4,4,3,3,3,"173,74",1473,"0,05",Broker,0
63,1,1,4,3,3,2,"180,00",1510,"0,05",Broker,0
55,1,4,4,3,3,0,"166,70",1589,"0,05",Broker,0
42,1,1,4,3,3,2,"129,57",1647,"0,05",Broker,0
54,1,4,4,3,3,2,"161,05",1718,"0,05",Broker,0
63,1,4,4,3,3,2,"180,00",1753,"0,05",Broker,0
47,1,1,4,3,3,0,"153,86",2145,"0,05",Broker,0
47,1,4,4,3,3,0,"133,26",2207,"0,05",Broker,0
44,1,4,4,3,3,2,"139,34",2449,"0,05",Broker,0
55,1,4,4,3,3,0,"173,74",2547,"0,05",Broker,0
43,1,4,4,3,3,2,"132,44",2572,"0,05",Broker,0
40,1,1,4,3,3,2,"116,26",2658,"0,05",www,0
62,1,1,4,3,3,0,"180,00",3344,"0,05",Broker,0
42,1,4,4,3,3,0,"123,76",3515,"0,05",Broker,0
45,1,1,4,3,3,2,"149,32",4261,"0,05",Broker,0
44,1,4,4,3,3,2,"137,81",4281,"0,05",Broker,0
51,1,1,4,3,3,0,"161,32",4612,"0,05",Broker,0
64,1,1,4,3,3,2,"180,00",4951,"0,05",Broker,0
58,1,4,4,3,3,2,"173,34",5183,"0,05",Broker,0
49,1,4,4,3,3,0,"157,62",5429,"0,05",Broker,0
56,1,4,4,3,3,0,"171,76",5880,"0,05",Broker,0
42,1,1,4,3,3,2,"128,28",6018,"0,05",Broker,0
43,1,4,4,3,3,2,"136,25",6090,"0,05",Broker,0
52,1,1,4,3,3,2,"156,93",6204,"0,05",Broker,1
46,1,4,4,3,3,2,"139,63",6631,"0,05",Broker,0
58,1,1,4,3,3,3,"177,55",6756,"0,05",Broker,0
56,1,4,4,3,3,0,"169,45",6854,"0,05",Broker,0
48,1,1,4,3,3,0,"150,40",6938,"0,05",Broker,0
63,1,4,4,3,3,2,"180,00",7352,"0,05",Broker,0
46,1,4,4,3,3,2,"145,45",7400,"0,05",Broker,0
50,1,1,4,3,3,2,"149,41",7438,"0,05",Broker,0
46,1,4,4,3,3,2,"140,24",7559,"0,05",Broker,0
41,1,4,4,3,3,2,"136,15",8065,"0,05",Broker,0
52,1,4,4,3,3,0,"155,68",8343,"0,05",Broker,0
44,1,4,4,3,3,0,"130,72",8551,"0,05",Broker,0
61,1,1,4,3,3,2,"180,00",8759,"0,05",Broker,0
63,1,1,4,3,3,3,"180,00",8872,"0,05",Broker,0
48,1,4,4,3,3,0,"145,72",9160,"0,05",Broker,0
59,1,4,4,3,3,0,"180,00",9297,"0,05",Broker,0
42,1,1,4,3,3,2,"131,39",9493,"0,05",Broker,0
55,1,4,4,3,3,2,"179,28",9605,"0,05",Broker,0
61,1,4,4,3,3,0,"180,00",9656,"0,05",Broker,0
48,1,4,4,3,4,1,"159,15",228,"0,05",Broker,0
50,1,1,4,3,4,1,"155,43",619,"0,05",Broker,0
45,1,4,4,3,4,1,"132,21",785,"0,05",Broker,0
59,1,4,4,3,4,1,"180,00",1388,"0,05",Broker,0
47,1,1,4,3,4,1,"147,03",2791,"0,05",Broker,0
43,1,4,4,3,4,1,"138,88",3042,"0,05",Broker,0
43,1,1,4,3,4,1,"139,81",3050,"0,05",Broker,0
50,1,4,4,3,4,1,"150,22",3858,"0,05",Broker,0
43,1,1,4,3,4,1,"126,42",4045,"0,05",Broker,0
42,1,1,4,3,4,1,"126,49",4179,"0,05",Broker,0
43,1,1,4,3,4,1,"133,12",4546,"0,05",Broker,0
41,1,4,4,3,4,1,"126,81",5046,"0,05",Broker,0
60,1,4,4,3,4,1,"178,53",5281,"0,05",Broker,0
65,1,4,4,3,4,1,"180,00",5565,"0,05",Broker,0
60,1,4,4,3,4,1,"180,00",6218,"0,05",Broker,0
47,1,4,4,3,4,1,"141,33",7720,"0,05",Broker,0
45,1,4,4,3,4,1,"135,40",7922,"0,05",Broker,0
48,1,1,4,3,4,1,"150,28",9062,"0,05",Broker,0
62,1,1,4,3,4,1,"180,00",9547,"0,05",Broker,0
40,1,1,4,3,4,0,"119,09",392,"0,05",www,0
42,1,1,4,3,4,2,"138,36",642,"0,05",Broker,0
52,1,4,4,3,4,2,"163,83",1040,"0,05",Broker,0
53,1,1,4,3,4,2,"164,07",1196,"0,05",Broker,0
59,1,1,4,3,4,0,"180,00",1249,"0,05",Broker,0
44,1,1,4,3,4,2,"132,63",1455,"0,05",Broker,0
51,1,1,4,3,4,2,"152,00",1823,"0,05",Broker,0
42,1,1,4,3,4,2,"121,57",1872,"0,05",Broker,0
41,1,4,4,3,4,0,"125,29",2190,"0,05",Broker,0
45,1,4,4,3,4,2,"136,81",2320,"0,05",Broker,0
40,1,4,4,3,4,0,"127,81",2610,"0,05",Facebook,0
40,1,1,4,3,4,2,"127,15",2625,"0,05",Facebook,0
46,1,4,4,3,4,2,"146,14",3136,"0,05",Broker,0
54,1,1,4,3,4,2,"158,25",4233,"0,05",Broker,0
59,1,4,4,3,4,2,"180,00",4338,"0,05",Broker,0
40,1,4,4,3,4,0,"136,08",4469,"0,05",Facebook,0
54,1,4,4,3,4,2,"159,26",4518,"0,05",Broker,0
60,1,4,4,3,4,0,"180,00",4618,"0,05",Broker,0
42,1,1,4,3,4,0,"138,77",5024,"0,05",Broker,0
63,1,1,4,3,4,2,"180,00",5166,"0,05",Broker,0
44,1,4,4,3,4,2,"131,69",5403,"0,05",Broker,0
60,1,1,4,3,4,2,"180,00",5456,"0,05",Broker,0
55,1,4,4,3,4,0,"167,52",5488,"0,05",Broker,0
46,1,1,4,3,4,0,"139,03",5586,"0,05",Broker,0
43,1,4,4,3,4,0,"135,51",5657,"0,05",Broker,0
53,1,4,4,3,4,0,"164,27",5893,"0,05",Broker,0
44,1,1,4,3,4,2,"139,17",5916,"0,05",Broker,0
43,1,4,4,3,4,2,"131,88",6052,"0,05",Broker,0
51,1,1,4,3,4,0,"157,25",6097,"0,05",Broker,0
62,1,1,4,3,4,3,"180,00",6383,"0,05",Broker,0
59,1,4,4,3,4,0,"180,00",6492,"0,05",Broker,0
58,1,4,4,3,4,2,"179,35",6642,"0,05",Broker,0
52,1,1,4,3,4,2,"159,96",6667,"0,05",Broker,0
40,1,1,4,3,4,2,"129,20",6719,"0,05",Facebook,0
40,1,1,4,3,4,2,"125,10",8020,"0,05",Facebook,0
48,1,1,4,3,4,2,"148,85",8160,"0,05",Broker,0
41,1,4,4,3,4,0,"128,78",8546,"0,05",Broker,0
55,1,1,4,3,4,2,"168,97",8592,"0,05",Broker,0
46,1,4,4,3,4,3,"139,07",8606,"0,05",Broker,0
42,1,1,4,3,4,3,"135,59",8919,"0,05",Broker,0
62,1,4,4,3,4,2,"180,00",9523,"0,05",Broker,0
50,1,4,4,3,4,2,"147,01",9825,"0,05",Broker,0
47,1,4,4,2,3,1,"151,17",359,"0,05",Broker,0
47,1,1,4,2,3,1,"142,00",1952,"0,05",Broker,0
52,1,4,4,2,3,1,"162,05",2183,"0,05",Broker,0
44,1,1,4,2,3,1,"139,65",2942,"0,05",Broker,0
51,1,1,4,2,3,1,"160,95",3541,"0,05",Broker,0
48,1,4,4,2,3,1,"149,68",4129,"0,05",Broker,0
50,1,4,4,2,3,1,"157,45",8488,"0,05",Broker,0
40,1,1,4,2,3,1,"127,73",9091,"0,05",Facebook,0
49,1,1,4,2,3,0,"157,83",152,"0,05",Broker,0
58,1,4,4,2,3,2,"180,00",2065,"0,05",Broker,0
51,1,4,4,2,3,2,"162,58",2105,"0,05",Broker,0
51,1,1,4,2,3,0,"151,23",2389,"0,05",Broker,0
57,1,4,4,2,3,0,"170,70",2629,"0,05",Broker,0
61,1,1,4,2,3,0,"180,00",2827,"0,05",Broker,0
48,1,1,4,2,3,2,"154,18",5862,"0,05",Broker,0
51,1,1,4,2,3,2,"157,35",8442,"0,05",Broker,0
44,1,1,4,2,3,2,"143,50",8541,"0,05",Broker,0
45,1,1,4,4,4,1,"140,77",493,"0,05",Broker,0
44,1,1,4,1,1,1,"140,57",531,"0,05",Broker,0
41,1,1,4,1,1,1,"128,81",553,"0,05",Broker,0
47,1,1,4,4,4,1,"138,97",739,"0,05",Broker,0
55,1,4,4,1,2,1,"168,89",790,"0,05",Broker,0
43,1,1,4,4,4,1,"140,05",1212,"0,05",Broker,0
47,1,4,4,2,2,1,"146,98",1239,"0,05",Broker,0
59,1,4,4,1,2,1,"180,00",1289,"0,05",Broker,0
57,1,1,4,2,2,1,"170,50",1363,"0,05",Broker,0
52,1,1,4,4,4,1,"164,53",1467,"0,05",Broker,0
48,1,4,4,1,1,1,"155,46",1676,"0,05",Broker,0
63,1,1,4,1,1,1,"180,00",1684,"0,05",Broker,0
48,1,4,4,2,2,1,"151,38",1686,"0,05",Broker,0
50,1,1,4,1,1,1,"150,23",1784,"0,05",Broker,0
55,1,4,4,1,1,1,"167,01",1960,"0,05",Broker,0
43,1,1,4,4,4,1,"140,29",2136,"0,05",Broker,0
54,1,1,4,1,2,1,"164,98",2569,"0,05",Broker,0
45,1,4,4,1,2,1,"136,96",2681,"0,05",Broker,0
55,1,4,4,4,4,1,"177,74",2751,"0,05",Broker,0
45,1,1,4,1,1,1,"140,11",2937,"0,05",Broker,0
56,1,4,4,1,1,1,"174,57",3380,"0,05",Broker,0
46,1,4,4,2,2,1,"155,12",3386,"0,05",Broker,0
45,1,1,4,2,2,1,"140,35",3619,"0,05",Broker,0
48,1,4,4,1,1,1,"146,47",3623,"0,05",Broker,0
54,1,1,4,1,1,1,"167,02",3815,"0,05",Broker,0
50,1,4,4,1,2,1,"158,71",3832,"0,05",Broker,0
55,1,1,4,4,4,1,"166,78",4246,"0,05",Broker,0
48,1,4,4,1,1,1,"151,00",4247,"0,05",Broker,1
49,1,1,4,1,1,1,"155,65",4492,"0,05",Broker,0
61,1,1,4,4,4,1,"180,00",4656,"0,05",Broker,0
58,1,1,4,1,2,1,"175,84",4751,"0,05",Broker,0
48,1,1,4,1,2,1,"142,77",4845,"0,05",Broker,0
44,1,4,4,1,1,1,"136,41",4923,"0,05",Broker,0
49,1,4,4,1,2,1,"142,30",4953,"0,05",Broker,0
62,1,4,4,1,2,1,"180,00",5008,"0,05",Broker,0
40,1,1,4,4,4,1,"127,13",5325,"0,05",Facebook,0
57,1,4,4,1,1,1,"171,51",5445,"0,05",Broker,0
40,1,1,4,2,2,1,"127,68",5550,"0,05",Facebook,0
49,1,1,4,1,1,1,"149,26",5868,"0,05",Broker,0
58,1,4,4,1,1,1,"180,00",6224,"0,05",Broker,0
53,1,4,4,1,1,1,"165,18",6272,"0,05",Broker,0
43,1,4,4,2,2,1,"127,58",6439,"0,05",Broker,0
51,1,4,4,1,1,1,"166,82",6486,"0,05",Broker,0
50,1,4,4,1,1,1,"158,05",6494,"0,05",Broker,0
48,1,4,4,4,4,1,"149,88",6501,"0,05",Broker,0
58,1,4,4,1,1,1,"173,85",6623,"0,05",Broker,0
57,1,4,4,4,4,1,"176,64",6769,"0,05",Broker,0
43,1,1,4,1,1,1,"133,81",6797,"0,05",Broker,0
58,1,4,4,1,1,1,"178,97",7077,"0,05",Broker,0
41,1,1,4,1,1,1,"131,47",7161,"0,05",Broker,0
43,1,4,4,2,2,1,"135,41",7205,"0,05",Broker,0
50,1,4,4,4,4,1,"149,51",7272,"0,05",Broker,0
40,1,4,4,1,1,1,"129,71",7378,"0,05",Facebook,0
42,1,4,4,1,1,1,"137,16",7421,"0,05",Broker,0
49,1,1,4,1,1,1,"150,99",7547,"0,05",Broker,0
46,1,4,4,4,4,1,"145,78",7803,"0,05",Broker,0
44,1,1,4,4,4,1,"137,14",8180,"0,05",Broker,0
43,1,1,4,1,1,1,"136,36",8341,"0,05",Broker,0
51,1,4,4,1,2,1,"156,80",8396,"0,05",Broker,0
44,1,4,4,4,4,1,"141,60",8439,"0,05",Broker,0
46,1,4,4,4,4,1,"146,71",8906,"0,05",Broker,0
41,1,4,4,1,2,1,"130,37",8922,"0,05",Broker,0
48,1,4,4,1,2,1,"146,66",8931,"0,05",Broker,0
56,1,1,4,2,2,1,"173,66",8936,"0,05",Broker,0
47,1,1,4,4,4,1,"147,77",8954,"0,05",Broker,0
41,1,4,4,1,1,1,"124,31",9066,"0,05",Broker,0
51,1,1,4,1,1,1,"162,48",9098,"0,05",Broker,0
55,1,1,4,1,1,1,"170,20",9301,"0,05",Broker,0
46,1,1,4,1,1,1,"141,63",9505,"0,05",Broker,0
61,1,4,4,4,4,1,"180,00",9544,"0,05",Broker,0
40,1,1,4,2,2,1,"132,46",9621,"0,05",Facebook,0
50,1,1,4,1,1,1,"150,54",9632,"0,05",Broker,0
46,1,4,4,1,1,1,"143,85",9853,"0,05",Broker,0
45,1,4,4,1,2,0,"149,88",4,"0,05",Broker,0
41,1,4,4,4,4,3,"128,68",39,"0,05",Broker,0
45,1,1,4,1,1,3,"145,26",124,"0,05",Broker,0
47,1,4,4,2,2,2,"144,83",248,"0,05",Broker,0
44,1,1,4,4,4,3,"143,49",297,"0,05",Broker,0
56,1,1,4,4,4,0,"178,21",373,"0,05",Broker,0
45,1,4,4,4,4,0,"134,17",410,"0,05",Broker,0
40,1,1,4,1,2,0,"126,79",415,"0,05",Facebook,0
47,1,4,4,4,4,0,"148,82",459,"0,05",Broker,0
56,1,1,4,1,2,2,"180,00",545,"0,05",Broker,0
44,1,1,4,1,1,2,"136,75",605,"0,05",Broker,0
44,1,1,4,1,2,2,"138,65",727,"0,05",Broker,0
48,1,1,4,1,1,2,"147,24",734,"0,05",Broker,0
50,1,1,4,1,1,0,"159,39",760,"0,05",Broker,0
51,1,1,4,1,1,2,"161,45",1058,"0,05",Broker,0
53,1,1,4,2,2,0,"164,05",1110,"0,05",Broker,0
46,1,4,4,4,4,0,"152,09",1320,"0,05",Broker,0
64,1,4,4,2,2,2,"180,00",1353,"0,05",Broker,0
46,1,4,4,1,1,2,"139,55",1451,"0,05",Broker,0
53,1,1,4,2,2,2,"169,79",1492,"0,05",Broker,0
47,1,4,4,1,2,2,"155,69",1501,"0,05",Broker,0
44,1,1,4,1,1,2,"133,28",1665,"0,05",Broker,0
43,1,1,4,1,1,2,"132,80",1707,"0,05",Broker,0
53,1,4,4,4,4,0,"161,71",1846,"0,05",Broker,0
50,1,1,4,1,2,2,"161,09",1965,"0,05",Broker,0
54,1,1,4,2,2,2,"164,60",2112,"0,05",Broker,0
55,1,4,4,1,2,0,"175,82",2132,"0,05",Broker,0
50,1,1,4,1,2,0,"155,78",2185,"0,05",Broker,0
45,1,1,4,4,4,0,"141,68",2202,"0,05",Broker,0
58,1,1,4,2,2,2,"180,00",2305,"0,05",Broker,0
55,1,1,4,1,1,2,"168,89",2382,"0,05",Broker,0
41,1,1,4,2,2,2,"133,80",2546,"0,05",Broker,0
54,1,1,4,1,1,2,"175,76",2737,"0,05",Broker,0
56,1,4,4,4,4,2,"175,30",2793,"0,05",Broker,0
49,1,4,4,1,1,0,"153,51",2818,"0,05",Broker,0
49,1,1,4,4,4,2,"142,70",2997,"0,05",Broker,0
45,1,1,4,1,2,2,"143,17",3010,"0,05",Broker,0
44,1,1,4,4,4,0,"134,76",3015,"0,05",Broker,0
64,1,4,4,2,2,2,"180,00",3037,"0,05",Broker,0
42,1,1,4,4,4,2,"140,39",3043,"0,05",Broker,0
41,1,4,4,1,1,3,"129,13",3168,"0,05",Broker,0
51,1,1,4,1,1,0,"157,05",3207,"0,05",Broker,0
64,1,1,4,1,1,0,"180,00",3224,"0,05",Broker,0
46,1,4,4,4,4,0,"142,90",3293,"0,05",Broker,0
40,1,1,4,1,1,3,"125,95",3339,"0,05",Facebook,0
51,1,1,4,2,2,2,"153,79",3383,"0,05",Broker,0
41,1,1,4,2,2,2,"124,90",3445,"0,05",Broker,0
45,1,1,4,1,2,2,"143,99",3449,"0,05",Broker,0
49,1,1,4,1,1,2,"154,45",3597,"0,05",Broker,0
62,1,4,4,4,4,3,"180,00",3617,"0,05",Broker,0
49,1,1,4,1,2,0,"149,43",3703,"0,05",Broker,0
47,1,1,4,2,2,3,"145,15",3961,"0,05",Broker,0
57,1,1,4,2,2,2,"173,17",3968,"0,05",Broker,0
50,1,4,4,1,1,2,"173,73",4151,"0,05",Broker,0
63,1,4,4,1,1,0,"180,00",4245,"0,05",Broker,0
51,1,1,4,1,1,2,"156,34",4271,"0,05",Broker,0
50,1,1,4,4,4,2,"147,91",4308,"0,05",Broker,0
64,1,1,4,1,2,2,"180,00",4360,"0,05",Broker,0
40,1,4,4,1,1,2,"125,90",4402,"0,05",Facebook,0
60,1,4,4,1,2,2,"180,00",4416,"0,05",Broker,0
41,1,1,4,1,1,2,"127,20",4461,"0,05",Broker,0
45,1,4,4,2,2,2,"142,42",4485,"0,05",Broker,0
54,1,1,4,1,1,2,"172,03",4693,"0,05",Broker,0
43,1,1,4,4,4,3,"129,55",4871,"0,05",Broker,0
45,1,1,4,1,2,0,"141,84",4903,"0,05",Broker,0
46,1,4,4,1,2,2,"145,07",5018,"0,05",Broker,0
56,1,4,4,1,2,2,"178,24",5125,"0,05",Broker,0
62,1,4,4,2,2,3,"180,00",5277,"0,05",Broker,0
48,1,1,4,2,2,2,"158,94",5579,"0,05",Broker,0
42,1,4,4,2,2,2,"128,47",5633,"0,05",Broker,0
42,1,4,4,4,4,0,"127,02",5673,"0,05",Broker,0
54,1,1,4,1,1,0,"160,26",5680,"0,05",Broker,0
49,1,1,4,1,1,2,"155,13",5904,"0,05",Broker,0
53,1,1,4,4,4,0,"163,12",5927,"0,05",Broker,0
54,1,4,4,1,1,0,"167,64",5960,"0,05",Broker,0
54,1,4,4,1,2,2,"160,42",6178,"0,05",Broker,0
49,1,4,4,4,4,2,"158,26",6191,"0,05",Broker,0
50,1,1,4,1,2,2,"152,96",6265,"0,05",Broker,0
40,1,1,4,1,2,2,"121,36",6408,"0,05",Facebook,0
43,1,1,4,1,1,0,"121,76",6688,"0,05",Broker,0
48,1,1,4,1,1,2,"146,19",6834,"0,05",Broker,0
59,1,4,4,4,4,0,"180,00",7006,"0,05",Broker,0
55,1,1,4,2,2,2,"175,11",7095,"0,05",Broker,0
50,1,1,4,4,4,3,"158,35",7317,"0,05",Broker,0
42,1,4,4,1,1,2,"128,24",7501,"0,05",Broker,0
43,1,4,4,1,1,2,"126,82",7666,"0,05",Broker,0
60,1,1,4,2,2,0,"180,00",7852,"0,05",Broker,0
47,1,4,4,1,1,2,"141,79",7865,"0,05",Broker,0
60,1,4,4,1,1,2,"180,00",7944,"0,05",Broker,0
43,1,1,4,1,1,2,"137,38",7994,"0,05",Broker,0
51,1,4,4,4,4,0,"159,28",8038,"0,05",Broker,0
59,1,1,4,1,2,2,"180,00",8117,"0,05",Broker,0
56,1,1,4,2,2,2,"177,29",8197,"0,05",Broker,0
41,1,4,4,1,1,2,"130,66",8206,"0,05",Broker,0
50,1,4,4,1,2,2,"153,79",8590,"0,05",Broker,0
40,1,1,4,1,1,0,"130,97",8624,"0,05",Facebook,0
62,1,1,4,1,1,0,"180,00",8808,"0,05",Broker,0
63,1,4,4,4,4,2,"180,00",8842,"0,05",Broker,0
53,1,1,4,1,2,2,"170,48",8967,"0,05",Broker,0
50,1,4,4,1,1,2,"145,66",9005,"0,05",Broker,1
56,1,1,4,1,2,2,"175,03",9122,"0,05",Broker,0
46,1,4,4,4,4,2,"144,50",9141,"0,05",Broker,0
46,1,4,4,1,1,2,"142,12",9150,"0,05",Broker,0
55,1,1,4,1,1,0,"164,74",9294,"0,05",Broker,0
47,1,1,4,1,2,2,"149,97",9337,"0,05",Broker,0
46,1,4,4,4,4,2,"149,02",9479,"0,05",Broker,0
64,1,1,4,2,2,2,"180,00",9666,"0,05",Broker,0
42,1,1,4,1,1,2,"136,72",9714,"0,05",Broker,0
47,1,1,4,4,4,0,"148,01",9721,"0,05",Broker,0
46,1,4,4,2,2,0,"150,87",9871,"0,05",Broker,0
50,1,1,4,2,2,2,"144,42",9931,"0,05",Broker,0
59,1,3,1,3,3,1,"180,00",166,"0,05",Broker,0
55,1,3,1,3,3,1,"172,01",566,"0,05",Broker,0
53,1,3,2,3,3,1,"170,47",630,"0,05",Broker,0
50,1,3,2,3,3,1,"161,55",744,"0,05",Broker,0
56,1,3,1,3,3,1,"176,35",1043,"0,05",Broker,0
40,1,3,2,3,3,1,"130,46",2109,"0,05",Facebook,1
42,1,3,2,3,3,1,"127,85",2566,"0,05",Broker,0
58,1,3,2,3,3,1,"180,00",2628,"0,05",Broker,0
54,1,3,1,3,3,1,"156,49",2777,"0,05",Broker,0
51,1,3,1,3,3,1,"155,76",3020,"0,05",Broker,0
47,1,3,1,3,3,1,"146,54",3556,"0,05",Broker,0
51,1,3,2,3,3,1,"155,95",3738,"0,05",Broker,0
50,1,3,2,3,3,1,"158,05",3851,"0,05",Broker,0
63,1,3,1,3,3,1,"180,00",3943,"0,05",Broker,0
46,1,3,2,3,3,1,"142,45",3960,"0,05",Broker,0
53,1,3,2,3,3,1,"160,47",4022,"0,05",Broker,0
53,1,3,1,3,3,1,"166,58",4153,"0,05",Broker,0
52,1,3,1,3,3,1,"163,66",4277,"0,05",Broker,0
41,1,3,2,3,3,1,"124,35",4408,"0,05",Broker,0
51,1,3,2,3,3,1,"154,65",4502,"0,05",Broker,0
40,1,3,1,3,3,1,"128,63",4571,"0,05",Facebook,0
48,1,3,2,3,3,1,"150,59",4655,"0,05",Broker,0
46,1,3,2,3,3,1,"140,18",5203,"0,05",Broker,0
51,1,3,1,3,3,1,"166,28",5293,"0,05",Broker,0
53,1,3,2,3,3,1,"158,83",5345,"0,05",Broker,0
64,1,3,2,3,3,1,"180,00",5361,"0,05",Broker,0
44,1,3,2,3,3,1,"135,49",5441,"0,05",Broker,0
46,1,3,2,3,3,1,"140,72",5484,"0,05",Broker,0
48,1,3,2,3,3,1,"157,47",5593,"0,05",Broker,0
40,1,3,1,3,3,1,"121,34",5626,"0,05",Facebook,0
43,1,3,1,3,3,1,"129,63",5815,"0,05",Broker,0
42,1,3,2,3,3,1,"127,53",5846,"0,05",Broker,0
49,1,3,2,3,3,1,"143,90",6063,"0,05",Broker,0
54,1,3,2,3,3,1,"169,86",6308,"0,05",Broker,0
51,1,3,1,3,3,1,"159,39",6353,"0,05",Broker,0
56,1,3,1,3,3,1,"167,37",6662,"0,05",Broker,0
47,1,3,2,3,3,1,"142,88",6939,"0,05",Broker,0
53,1,3,2,3,3,1,"161,41",6967,"0,05",Broker,0
56,1,3,1,3,3,1,"172,54",8239,"0,05",Broker,0
50,1,3,2,3,3,1,"153,78",8338,"0,05",Broker,0
49,1,3,1,3,3,1,"154,69",8446,"0,05",Broker,0
40,1,3,1,3,3,1,"124,47",9217,"0,05",Facebook,0
46,1,3,1,3,3,1,"146,11",9447,"0,05",Broker,0
41,1,3,1,3,3,1,"129,43",9469,"0,05",Broker,0
45,1,3,2,3,3,1,"146,24",9745,"0,05",Broker,0
50,1,3,1,3,3,1,"151,26",9834,"0,05",Broker,0
57,1,3,1,3,3,2,"180,00",7,"0,05",Broker,0
62,1,3,1,3,3,0,"180,00",181,"0,05",Broker,0
52,1,3,2,3,3,2,"157,45",311,"0,05",Broker,0
45,1,3,2,3,3,2,"134,40",400,"0,05",Broker,0
40,1,3,2,3,3,0,"125,40",608,"0,05",Facebook,0
54,1,3,1,3,3,2,"166,34",702,"0,05",Broker,0
45,1,3,1,3,3,2,"151,57",836,"0,05",Broker,0
40,1,3,2,3,3,2,"118,39",938,"0,05",www,0
40,1,3,2,3,3,2,"120,74",978,"0,05",Facebook,0
62,1,3,2,3,3,2,"180,00",1003,"0,05",Broker,0
55,1,3,2,3,3,0,"162,99",1138,"0,05",Broker,0
54,1,3,2,3,3,2,"167,35",1139,"0,05",Broker,0
52,1,3,1,3,3,2,"162,27",1394,"0,05",Broker,0
64,1,3,1,3,3,0,"180,00",1428,"0,05",Broker,0
47,1,3,2,3,3,0,"146,36",1584,"0,05",Broker,0
63,1,3,1,3,3,2,"180,00",1667,"0,05",Broker,0
61,1,3,1,3,3,2,"180,00",1773,"0,05",Broker,0
59,1,3,2,3,3,2,"168,11",2014,"0,05",Broker,0
49,1,3,1,3,3,0,"149,22",2318,"0,05",Broker,0
47,1,3,2,3,3,3,"145,69",2598,"0,05",Broker,0
65,1,3,1,3,3,2,"180,00",2966,"0,05",Broker,0
46,1,3,1,3,3,2,"144,89",3139,"0,05",Broker,0
44,1,3,2,3,3,2,"135,34",3422,"0,05",Broker,0
46,1,3,2,3,3,0,"140,96",3793,"0,05",Broker,0
59,1,3,1,3,3,2,"180,00",3859,"0,05",Broker,0
42,1,3,1,3,3,2,"130,55",4339,"0,05",Broker,0
44,1,3,1,3,3,3,"137,16",4734,"0,05",Broker,0
44,1,3,1,3,3,2,"139,70",4901,"0,05",Broker,0
60,1,3,2,3,3,2,"180,00",4911,"0,05",Broker,0
48,1,3,1,3,3,0,"152,33",4919,"0,05",Broker,0
47,1,3,2,3,3,0,"144,30",5028,"0,05",Broker,0
63,1,3,2,3,3,0,"180,00",5149,"0,05",Broker,0
48,1,3,2,3,3,0,"144,05",5227,"0,05",Broker,0
47,1,3,2,3,3,3,"150,28",5246,"0,05",Broker,0
53,1,3,1,3,3,2,"167,87",5453,"0,05",Broker,0
45,1,3,2,3,3,0,"134,47",5492,"0,05",Broker,0
46,1,3,1,3,3,3,"138,09",5516,"0,05",Broker,0
46,1,3,2,3,3,0,"141,25",5644,"0,05",Broker,0
41,1,3,2,3,3,2,"124,84",5886,"0,05",Broker,0
44,1,3,2,3,3,0,"134,43",6035,"0,05",Broker,0
53,1,3,1,3,3,3,"154,42",7362,"0,05",Broker,0
58,1,3,1,3,3,2,"180,00",7529,"0,05",Broker,0
41,1,3,1,3,3,2,"126,45",7563,"0,05",Broker,0
41,1,3,1,3,3,0,"128,66",7667,"0,05",Broker,0
57,1,3,1,3,3,2,"176,90",7847,"0,05",Broker,0
54,1,3,2,3,3,3,"163,35",7855,"0,05",Broker,0
62,1,3,1,3,3,2,"180,00",8263,"0,05",Broker,0
47,1,3,2,3,3,0,"142,33",8265,"0,05",Broker,0
54,1,3,2,3,3,2,"172,78",8455,"0,05",Broker,0
61,1,3,1,3,3,3,"180,00",8580,"0,05",Broker,0
63,1,3,1,3,3,2,"180,00",8669,"0,05",Broker,0
53,1,3,2,3,3,2,"156,42",8678,"0,05",Broker,0
51,1,3,1,3,3,2,"163,01",8729,"0,05",Broker,0
42,1,3,2,3,3,2,"132,70",8783,"0,05",Broker,0
43,1,3,2,3,3,2,"141,14",8796,"0,05",Broker,0
42,1,3,1,3,3,2,"137,20",8835,"0,05",Broker,0
49,1,3,2,3,3,2,"154,43",9068,"0,05",Broker,0
45,1,3,1,3,3,2,"132,40",9077,"0,05",Broker,0
53,1,3,1,3,3,2,"167,84",9349,"0,05",Broker,0
46,1,3,2,3,3,2,"143,74",9588,"0,05",Broker,0
44,1,3,2,3,3,2,"137,67",9629,"0,05",Broker,0
45,1,3,2,3,4,1,"142,55",57,"0,05",Broker,0
45,1,3,1,3,4,1,"135,83",110,"0,05",Broker,0
55,1,3,2,3,4,1,"176,96",489,"0,05",Broker,0
52,1,3,1,3,4,1,"159,03",893,"0,05",Broker,0
57,1,3,1,3,4,1,"180,00",935,"0,05",Broker,0
42,1,3,1,3,4,1,"130,84",966,"0,05",Broker,0
46,1,3,2,3,4,1,"147,85",1391,"0,05",Broker,0
43,1,3,1,3,4,1,"133,71",2054,"0,05",Broker,0
50,1,3,1,3,4,1,"153,73",2978,"0,05",Broker,0
60,1,3,1,3,4,1,"173,50",3634,"0,05",Broker,0
53,1,3,1,3,4,1,"172,97",4519,"0,05",Broker,0
57,1,3,2,3,4,1,"179,97",4705,"0,05",Broker,0
53,1,3,2,3,4,1,"163,36",6059,"0,05",Broker,0
46,1,3,1,3,4,1,"149,70",6467,"0,05",Broker,0
54,1,3,1,3,4,1,"162,84",6860,"0,05",Broker,0
49,1,3,1,3,4,1,"156,29",7004,"0,05",Broker,0
45,1,3,2,3,4,1,"133,30",7476,"0,05",Broker,0
43,1,3,2,3,4,1,"134,91",7694,"0,05",Broker,0
50,1,3,2,3,4,1,"155,33",9194,"0,05",Broker,0
63,1,3,1,3,4,1,"180,00",9205,"0,05",Broker,0
43,1,3,1,3,4,1,"128,83",9356,"0,05",Broker,0
42,1,3,1,3,4,0,"137,71",483,"0,05",Broker,0
51,1,3,2,3,4,3,"164,16",644,"0,05",Broker,0
43,1,3,1,3,4,2,"136,02",1145,"0,05",Broker,0
42,1,3,1,3,4,2,"126,16",1418,"0,05",Broker,0
56,1,3,2,3,4,2,"165,31",1582,"0,05",Broker,0
63,1,3,2,3,4,2,"180,00",1645,"0,05",Broker,0
46,1,3,2,3,4,2,"149,59",1726,"0,05",Broker,0
47,1,3,2,3,4,2,"145,92",1742,"0,05",Broker,0
43,1,3,1,3,4,0,"135,01",1990,"0,05",Broker,0
40,1,3,1,3,4,2,"126,48",2366,"0,05",Facebook,0
44,1,3,1,3,4,0,"127,70",2556,"0,05",Broker,0
50,1,3,2,3,4,0,"157,92",2996,"0,05",Broker,0
53,1,3,1,3,4,3,"166,22",3038,"0,05",Broker,0
57,1,3,2,3,4,0,"178,26",3073,"0,05",Broker,0
42,1,3,1,3,4,2,"120,30",3326,"0,05",Broker,0
57,1,3,2,3,4,2,"172,90",3521,"0,05",Broker,0
65,1,3,2,3,4,0,"180,00",3654,"0,05",Broker,0
55,1,3,1,3,4,0,"170,96",3667,"0,05",Broker,0
60,1,3,2,3,4,2,"180,00",3828,"0,05",Broker,0
50,1,3,1,3,4,2,"155,75",3891,"0,05",Broker,0
58,1,3,2,3,4,2,"177,85",4328,"0,05",Broker,0
63,1,3,1,3,4,0,"180,00",4334,"0,05",Broker,0
44,1,3,1,3,4,2,"140,11",4654,"0,05",Broker,0
61,1,3,1,3,4,0,"180,00",4865,"0,05",Broker,0
58,1,3,1,3,4,0,"180,00",5081,"0,05",Broker,0
46,1,3,1,3,4,2,"138,46",5506,"0,05",Broker,0
62,1,3,2,3,4,2,"180,00",5685,"0,05",Broker,0
58,1,3,2,3,4,2,"172,53",5752,"0,05",Broker,0
55,1,3,1,3,4,2,"173,76",5837,"0,05",Broker,0
40,1,3,1,3,4,0,"131,09",6020,"0,05",Facebook,0
50,1,3,2,3,4,3,"154,78",6126,"0,05",Broker,0
62,1,3,2,3,4,2,"180,00",6213,"0,05",Broker,0
56,1,3,2,3,4,2,"170,13",6568,"0,05",Broker,0
48,1,3,2,3,4,2,"151,46",6588,"0,05",Broker,0
56,1,3,2,3,4,0,"175,65",6863,"0,05",Broker,0
56,1,3,1,3,4,0,"171,21",8001,"0,05",Broker,0
43,1,3,2,3,4,2,"132,18",8212,"0,05",Broker,0
42,1,3,1,3,4,0,"139,07",8675,"0,05",Broker,0
55,1,3,2,3,4,2,"170,98",8765,"0,05",Broker,0
52,1,3,1,3,4,2,"165,95",8964,"0,05",Broker,0
62,1,3,1,3,4,2,"180,00",9080,"0,05",Broker,0
55,1,3,1,3,4,2,"166,74",9162,"0,05",Broker,0
49,1,3,1,3,4,3,"152,51",9307,"0,05",Broker,0
56,1,3,1,3,4,2,"166,95",9977,"0,05",Broker,0
47,1,3,1,2,3,1,"150,52",245,"0,05",Broker,0
54,1,3,2,2,3,1,"176,78",3489,"0,05",Broker,0
49,1,3,2,2,3,1,"154,34",3683,"0,05",Broker,0
56,1,3,1,2,3,1,"176,90",5764,"0,05",Broker,0
52,1,3,2,2,3,1,"159,54",6008,"0,05",Broker,0
59,1,3,1,2,3,0,"169,48",372,"0,05",Broker,0
52,1,3,1,2,3,0,"171,05",621,"0,05",Broker,0
44,1,3,1,2,3,0,"128,93",1284,"0,05",Broker,0
59,1,3,2,2,3,2,"180,00",2602,"0,05",Broker,0
40,1,3,1,2,3,2,"123,73",3019,"0,05",Facebook,0
42,1,3,2,2,3,2,"133,36",4521,"0,05",Broker,0
46,1,3,1,2,3,2,"141,89",6007,"0,05",Broker,0
49,1,3,1,2,3,0,"159,96",6725,"0,05",Broker,0
52,1,3,2,2,3,2,"160,62",8663,"0,05",Broker,0
54,1,3,1,2,3,2,"169,12",9027,"0,05",Broker,0
51,1,3,2,2,3,0,"158,16",9178,"0,05",Broker,0
44,1,3,2,1,2,1,"144,56",211,"0,05",Broker,0
51,1,3,1,1,1,1,"163,18",227,"0,05",Broker,0
62,1,3,1,2,2,1,"180,00",240,"0,05",Broker,0
60,1,3,2,1,1,1,"180,00",312,"0,05",Broker,0
58,1,3,2,2,2,1,"176,39",352,"0,05",Broker,0
44,1,3,1,4,4,1,"135,07",429,"0,05",Broker,0
55,1,3,1,4,4,1,"174,07",690,"0,05",Broker,0
46,1,3,1,1,1,1,"153,45",806,"0,05",Broker,0
53,1,3,1,1,2,1,"156,77",1084,"0,05",Broker,0
56,1,3,1,1,2,1,"168,22",1361,"0,05",Broker,0
45,1,3,2,1,2,1,"134,24",1529,"0,05",Broker,0
45,1,3,2,4,4,1,"144,06",1618,"0,05",Broker,0
61,1,3,1,4,4,1,"180,00",1660,"0,05",Broker,0
48,1,3,2,4,4,1,"148,79",1853,"0,05",Broker,0
50,1,3,2,4,4,1,"155,49",1894,"0,05",Broker,0
64,1,3,1,1,2,1,"180,00",1967,"0,05",Broker,0
57,1,3,1,4,4,1,"178,55",2093,"0,05",Broker,0
43,1,3,2,1,2,1,"137,02",2157,"0,05",Broker,0
50,1,3,1,4,4,1,"154,64",2181,"0,05",Broker,0
55,1,3,1,2,2,1,"162,34",2340,"0,05",Broker,0
45,1,3,2,1,1,1,"134,56",2403,"0,05",Broker,0
53,1,3,2,1,1,1,"165,88",2502,"0,05",Broker,0
44,1,3,1,1,1,1,"143,63",2533,"0,05",Broker,0
41,1,3,2,1,1,1,"120,39",2583,"0,05",Broker,0
65,1,3,2,1,2,1,"180,00",2632,"0,05",Broker,0
59,1,3,2,1,1,1,"180,00",2653,"0,05",Broker,0
40,1,3,2,1,1,1,"131,52",2959,"0,05",Facebook,0
50,1,3,1,2,2,1,"151,78",3220,"0,05",Broker,0
40,1,3,2,2,2,1,"122,62",3442,"0,05",Facebook,0
45,1,3,1,2,2,1,"142,91",3464,"0,05",Broker,0
63,1,3,1,1,2,1,"180,00",4358,"0,05",Broker,0
47,1,3,1,1,2,1,"144,82",4391,"0,05",Broker,0
42,1,3,2,2,2,1,"124,84",4403,"0,05",Broker,0
44,1,3,2,4,4,1,"135,40",4726,"0,05",Broker,0
44,1,3,2,1,2,1,"143,60",4855,"0,05",Broker,0
59,1,3,1,4,4,1,"180,00",4889,"0,05",Broker,0
47,1,3,2,1,1,1,"150,21",5087,"0,05",Broker,0
43,1,3,2,4,4,1,"135,65",5140,"0,05",Broker,0
47,1,3,1,1,1,1,"146,34",5201,"0,05",Broker,0
44,1,3,2,1,2,1,"134,67",5231,"0,05",Broker,0
43,1,3,1,1,1,1,"133,08",5290,"0,05",Broker,0
50,1,3,2,1,2,1,"159,27",5343,"0,05",Broker,0
51,1,3,1,2,2,1,"155,97",5470,"0,05",Broker,0
41,1,3,2,1,1,1,"130,01",5787,"0,05",Broker,0
40,1,3,1,1,1,1,"127,84",5932,"0,05",Facebook,0
43,1,3,1,4,4,1,"139,55",6051,"0,05",Broker,0
49,1,3,1,4,4,1,"154,78",6061,"0,05",Broker,0
44,1,3,2,1,2,1,"137,74",6266,"0,05",Broker,0
56,1,3,2,1,1,1,"176,29",6316,"0,05",Broker,0
50,1,3,1,2,2,1,"163,06",6371,"0,05",Broker,0
40,1,3,2,2,2,1,"126,51",6497,"0,05",Facebook,0
49,1,3,1,4,4,1,"142,28",6659,"0,05",Broker,0
58,1,3,2,1,1,1,"180,00",6678,"0,05",Broker,0
53,1,3,2,1,1,1,"161,13",6824,"0,05",Broker,0
44,1,3,2,1,1,1,"153,14",6950,"0,05",Broker,0
49,1,3,1,1,2,1,"154,71",6994,"0,05",Broker,0
41,1,3,2,2,2,1,"127,65",7115,"0,05",Broker,0
40,1,3,1,4,4,1,"121,59",7147,"0,05",Facebook,0
41,1,3,1,1,2,1,"132,19",7335,"0,05",Broker,0
42,1,3,1,2,2,1,"127,38",7417,"0,05",Broker,0
46,1,3,2,1,1,1,"145,13",7448,"0,05",Broker,0
55,1,3,1,1,1,1,"164,24",7780,"0,05",Broker,0
54,1,3,1,2,2,1,"165,96",8032,"0,05",Broker,0
43,1,3,1,1,2,1,"133,47",8073,"0,05",Broker,0
45,1,3,2,1,1,1,"144,35",8084,"0,05",Broker,0
55,1,3,1,4,4,1,"170,36",8154,"0,05",Broker,0
42,1,3,2,1,2,1,"133,43",8339,"0,05",Broker,0
64,1,3,2,1,2,1,"180,00",8474,"0,05",Broker,0
47,1,3,2,4,4,1,"158,53",8576,"0,05",Broker,0
51,1,3,1,1,2,1,"150,66",8647,"0,05",Broker,0
52,1,3,2,4,4,1,"155,49",8741,"0,05",Broker,0
54,1,3,2,1,1,1,"169,10",8991,"0,05",Broker,0
42,1,3,1,1,1,1,"134,85",9001,"0,05",Broker,0
40,1,3,2,4,4,1,"131,26",9177,"0,05",Facebook,0
40,1,3,2,1,1,1,"125,66",9193,"0,05",Facebook,0
49,1,3,1,1,2,1,"152,94",9286,"0,05",Broker,0
40,1,3,1,1,2,1,"125,74",9381,"0,05",Facebook,0
45,1,3,1,4,4,1,"136,01",9396,"0,05",Broker,0
60,1,3,2,2,2,1,"180,00",9422,"0,05",Broker,0
40,1,3,1,1,2,1,"118,90",9512,"0,05",www,0
47,1,3,1,4,4,1,"149,50",9556,"0,05",Broker,0
54,1,3,2,1,2,1,"165,78",9598,"0,05",Broker,0
54,1,3,1,1,1,1,"172,42",9655,"0,05",Broker,0
50,1,3,2,4,4,1,"151,90",9873,"0,05",Broker,0
48,1,3,1,1,1,1,"146,00",9941,"0,05",Broker,0
59,1,3,2,1,1,2,"180,00",61,"0,05",Broker,0
64,1,3,2,1,1,2,"180,00",101,"0,05",Broker,0
62,1,3,1,1,1,2,"180,00",234,"0,05",Broker,0
40,1,3,2,1,1,0,"123,83",280,"0,05",Facebook,0
53,1,3,1,1,1,0,"156,12",368,"0,05",Broker,0
46,1,3,2,4,4,2,"142,40",405,"0,05",Broker,0
40,1,3,1,1,2,0,"125,22",762,"0,05",Facebook,0
45,1,3,1,1,1,0,"142,46",807,"0,05",Broker,0
57,1,3,1,4,4,0,"180,00",920,"0,05",Broker,0
49,1,3,2,4,4,2,"156,32",930,"0,05",Broker,0
53,1,3,1,2,2,2,"167,72",1170,"0,05",Broker,0
58,1,3,2,4,4,0,"180,00",1186,"0,05",Broker,0
47,1,3,2,2,2,0,"141,20",1283,"0,05",Broker,0
50,1,3,1,1,1,2,"152,84",1317,"0,05",Broker,0
40,1,3,1,4,4,2,"122,21",1459,"0,05",Facebook,0
48,1,3,2,4,4,0,"157,17",1521,"0,05",Broker,0
46,1,3,2,2,2,0,"150,03",1568,"0,05",Broker,0
48,1,3,2,1,2,2,"156,17",1641,"0,05",Broker,0
42,1,3,2,2,2,2,"130,49",1661,"0,05",Broker,0
49,1,3,2,1,1,0,"157,05",1708,"0,05",Broker,0
45,1,3,1,1,2,0,"140,25",1777,"0,05",Broker,0
51,1,3,1,4,4,2,"158,88",1813,"0,05",Broker,0
45,1,3,1,1,1,2,"141,32",1890,"0,05",Broker,0
43,1,3,1,1,1,0,"140,41",1927,"0,05",Broker,0
45,1,3,1,1,2,2,"132,09",1951,"0,05",Broker,0
49,1,3,2,4,4,0,"156,78",2075,"0,05",Broker,0
46,1,3,1,1,2,2,"142,97",2232,"0,05",Broker,0
59,1,3,2,2,2,2,"180,00",2489,"0,05",Broker,0
46,1,3,2,1,1,0,"139,75",2551,"0,05",Broker,0
44,1,3,1,2,2,0,"132,92",2584,"0,05",Broker,0
58,1,3,1,1,1,0,"180,00",2635,"0,05",Broker,0
60,1,3,1,1,1,2,"180,00",2771,"0,05",Broker,0
51,1,3,1,4,4,0,"159,31",2900,"0,05",Broker,0
48,1,3,1,1,1,0,"149,33",2976,"0,05",Broker,0
40,1,3,1,4,4,2,"126,05",3123,"0,05",Facebook,0
46,1,3,2,1,1,3,"143,28",3134,"0,05",Broker,0
43,1,3,1,1,1,2,"137,29",3141,"0,05",Broker,0
48,1,3,2,4,4,2,"147,48",3192,"0,05",Broker,0
43,1,3,2,1,2,2,"127,91",3333,"0,05",Broker,0
55,1,3,1,1,1,0,"163,92",3764,"0,05",Broker,0
56,1,3,2,2,2,2,"169,98",3814,"0,05",Broker,0
55,1,3,2,2,2,0,"175,48",3849,"0,05",Broker,0
42,1,3,1,2,2,2,"137,13",3872,"0,05",Broker,0
60,1,3,2,1,2,2,"180,00",3876,"0,05",Broker,0
44,1,3,2,1,1,2,"132,55",3954,"0,05",Broker,0
47,1,3,1,1,1,2,"145,25",3990,"0,05",Broker,0
59,1,3,2,1,1,2,"180,00",3999,"0,05",Broker,0
51,1,3,1,1,1,2,"157,17",4000,"0,05",Broker,0
46,1,3,2,1,2,0,"154,19",4119,"0,05",Broker,0
59,1,3,1,1,1,2,"180,00",4157,"0,05",Broker,0
42,1,3,1,1,2,2,"134,11",4219,"0,05",Broker,0
58,1,3,1,1,1,2,"180,00",4607,"0,05",Broker,0
45,1,3,2,4,4,2,"139,50",4650,"0,05",Broker,0
52,1,3,2,4,4,0,"155,25",4862,"0,05",Broker,0
62,1,3,2,1,1,2,"180,00",4870,"0,05",Broker,0
55,1,3,1,2,2,2,"166,87",4931,"0,05",Broker,0
63,1,3,1,1,2,2,"180,00",4934,"0,05",Broker,0
48,1,3,2,1,2,0,"148,88",5086,"0,05",Broker,0
47,1,3,2,1,1,2,"137,11",5128,"0,05",Broker,0
49,1,3,1,1,2,2,"155,17",5151,"0,05",Broker,0
52,1,3,2,1,1,2,"158,33",5301,"0,05",Broker,0
40,1,3,1,2,2,2,"120,19",5366,"0,05",Facebook,0
40,1,3,2,4,4,2,"121,70",5452,"0,05",Facebook,0
45,1,3,1,2,2,2,"141,20",5454,"0,05",Broker,0
54,1,3,1,1,2,2,"169,05",5462,"0,05",Broker,0
55,1,3,2,4,4,2,"174,90",5463,"0,05",Broker,0
59,1,3,1,2,2,2,"180,00",5494,"0,05",Broker,0
52,1,3,1,2,2,2,"157,89",5524,"0,05",Broker,0
60,1,3,1,1,1,0,"180,00",5551,"0,05",Broker,0
65,1,3,1,1,2,2,"180,00",5616,"0,05",Broker,0
50,1,3,1,4,4,2,"148,96",5664,"0,05",Broker,0
45,1,3,1,1,1,0,"139,85",5697,"0,05",Broker,0
47,1,3,2,4,4,3,"142,31",5707,"0,05",Broker,0
52,1,3,1,1,1,2,"164,35",5775,"0,05",Broker,0
59,1,3,1,1,2,0,"180,00",5840,"0,05",Broker,0
46,1,3,2,4,4,2,"133,32",6049,"0,05",Broker,0
48,1,3,1,1,1,0,"150,50",6057,"0,05",Broker,0
53,1,3,2,1,2,0,"160,46",6077,"0,05",Broker,0
62,1,3,2,1,1,2,"180,00",6125,"0,05",Broker,0
58,1,3,2,4,4,3,"175,51",6130,"0,05",Broker,0
49,1,3,1,4,4,2,"156,54",6215,"0,05",Broker,0
45,1,3,1,1,1,0,"142,49",6227,"0,05",Broker,0
50,1,3,2,1,1,2,"152,27",6313,"0,05",Broker,0
44,1,3,2,1,1,2,"138,05",6378,"0,05",Broker,0
55,1,3,2,1,1,2,"175,21",6416,"0,05",Broker,0
40,1,3,2,4,4,2,"127,22",6425,"0,05",Facebook,0
52,1,3,2,2,2,0,"155,34",6431,"0,05",Broker,0
41,1,3,2,2,2,2,"136,59",6462,"0,05",Broker,0
50,1,3,2,1,1,2,"168,15",6505,"0,05",Broker,0
43,1,3,1,1,1,2,"130,92",6557,"0,05",Broker,0
58,1,3,1,1,1,0,"180,00",6665,"0,05",Broker,0
56,1,3,2,4,4,2,"178,59",6741,"0,05",Broker,0
47,1,3,2,1,1,2,"148,76",6861,"0,05",Broker,0
49,1,3,2,4,4,2,"147,86",7367,"0,05",Broker,0
43,1,3,1,1,2,2,"137,38",7380,"0,05",Broker,0
43,1,3,2,4,4,2,"135,99",7390,"0,05",Broker,0
48,1,3,1,1,1,2,"151,38",7463,"0,05",Broker,0
45,1,3,1,2,2,0,"124,97",7606,"0,05",Broker,0
63,1,3,1,4,4,2,"180,00",7627,"0,05",Broker,0
45,1,3,1,1,1,2,"140,39",7832,"0,05",Broker,0
55,1,3,2,1,2,2,"169,99",8105,"0,05",Broker,0
51,1,3,2,4,4,2,"170,03",8371,"0,05",Broker,0
55,1,3,1,2,2,2,"163,07",8461,"0,05",Broker,0
41,1,3,1,4,4,0,"123,73",8494,"0,05",Broker,0
46,1,3,1,1,1,2,"141,27",8594,"0,05",Broker,0
51,1,3,1,1,1,0,"156,11",8636,"0,05",Broker,0
48,1,3,2,4,4,3,"139,39",8646,"0,05",Broker,0
54,1,3,2,4,4,2,"170,38",8659,"0,05",Broker,0
44,1,3,2,4,4,2,"135,64",8710,"0,05",Broker,0
61,1,3,1,1,1,2,"180,00",8764,"0,05",Broker,1
49,1,3,1,1,2,0,"151,21",8878,"0,05",Broker,0
45,1,3,2,2,2,2,"146,34",8888,"0,05",Broker,1
51,1,3,2,1,1,0,"153,76",8968,"0,05",Broker,0
65,1,3,1,4,4,2,"180,00",8981,"0,05",Broker,0
62,1,3,1,1,1,2,"180,00",9063,"0,05",Broker,0
45,1,3,1,2,2,2,"141,93",9186,"0,05",Broker,0
56,1,3,2,1,1,0,"179,14",9245,"0,05",Broker,0
60,1,3,1,1,1,0,"180,00",9364,"0,05",Broker,0
52,1,3,1,1,2,2,"160,56",9495,"0,05",Broker,0
62,1,3,1,1,1,0,"180,00",9561,"0,05",Broker,0
44,1,3,1,1,1,2,"140,85",9564,"0,05",Broker,0
45,1,3,2,1,1,2,"142,96",9654,"0,05",Broker,0
42,1,3,2,4,4,2,"122,72",9856,"0,05",Broker,0
48,1,3,2,1,1,2,"148,15",9915,"0,05",Broker,0
43,1,3,1,1,1,2,"137,57",9916,"0,05",Broker,0
59,1,3,1,2,2,0,"180,00",9939,"0,05",Broker,0
52,1,3,3,3,3,1,"158,84",841,"0,05",Broker,0
40,1,3,3,3,3,1,"131,54",1215,"0,05",Facebook,0
59,1,3,3,3,3,1,"180,00",1787,"0,05",Broker,0
40,1,3,3,3,3,1,"134,48",3201,"0,05",Facebook,0
54,1,3,3,3,3,1,"172,44",3292,"0,05",Broker,0
40,1,3,3,3,3,1,"128,65",4166,"0,05",Facebook,0
48,1,3,3,3,3,1,"146,91",4313,"0,05",Broker,0
41,1,3,3,3,3,1,"131,19",4520,"0,05",Broker,0
40,1,3,3,3,3,1,"130,85",4837,"0,05",Facebook,0
41,1,3,3,3,3,1,"122,96",4844,"0,05",Broker,0
56,1,3,3,3,3,1,"177,85",4989,"0,05",Broker,0
50,1,3,3,3,3,1,"148,13",5091,"0,05",Broker,0
59,1,3,3,3,3,1,"174,74",5375,"0,05",Broker,0
65,1,3,3,3,3,1,"180,00",5655,"0,05",Broker,0
60,1,3,3,3,3,1,"180,00",5935,"0,05",Broker,0
52,1,3,3,3,3,1,"162,91",5978,"0,05",Broker,0
48,1,3,3,3,3,1,"138,71",6113,"0,05",Broker,0
41,1,3,3,3,3,1,"126,81",7015,"0,05",Broker,0
46,1,3,3,3,3,1,"152,09",7056,"0,05",Broker,0
43,1,3,3,3,3,1,"129,89",7249,"0,05",Broker,0
49,1,3,3,3,3,1,"154,91",7490,"0,05",Broker,0
53,1,3,3,3,3,1,"169,36",7860,"0,05",Broker,0
51,1,3,3,3,3,1,"159,63",9363,"0,05",Broker,0
40,1,3,3,3,3,2,"125,15",29,"0,05",Facebook,0
48,1,3,3,3,3,3,"154,98",183,"0,05",Broker,0
59,1,3,3,3,3,0,"180,00",560,"0,05",Broker,0
48,1,3,3,3,3,0,"152,95",750,"0,05",Broker,0
52,1,3,3,3,3,2,"167,31",852,"0,05",Broker,0
42,1,3,3,3,3,3,"138,86",960,"0,05",Broker,0
42,1,3,3,3,3,2,"127,92",998,"0,05",Broker,0
51,1,3,3,3,3,2,"154,68",1389,"0,05",Broker,0
49,1,3,3,3,3,0,"158,04",1605,"0,05",Broker,0
44,1,3,3,3,3,0,"138,62",1754,"0,05",Broker,0
43,1,3,3,3,3,0,"138,68",1809,"0,05",Broker,0
49,1,3,3,3,3,2,"155,41",1998,"0,05",Broker,0
54,1,3,3,3,3,2,"165,43",2025,"0,05",Broker,0
51,1,3,3,3,3,2,"159,91",2179,"0,05",Broker,0
43,1,3,3,3,3,2,"138,76",2578,"0,05",Broker,0
54,1,3,3,3,3,3,"167,04",2936,"0,05",Broker,0
43,1,3,3,3,3,2,"139,23",2939,"0,05",Broker,0
56,1,3,3,3,3,0,"174,33",4524,"0,05",Broker,0
60,1,3,3,3,3,0,"180,00",4678,"0,05",Broker,0
54,1,3,3,3,3,0,"167,07",4783,"0,05",Broker,0
40,1,3,3,3,3,2,"125,30",5719,"0,05",Facebook,0
43,1,3,3,3,3,2,"137,61",5964,"0,05",Broker,0
54,1,3,3,3,3,3,"164,03",6242,"0,05",Broker,0
47,1,3,3,3,3,2,"143,46",6418,"0,05",Broker,0
52,1,3,3,3,3,2,"169,28",6533,"0,05",Broker,0
54,1,3,3,3,3,2,"169,74",6766,"0,05",Broker,0
60,1,3,3,3,3,2,"180,00",7276,"0,05",Broker,0
52,1,3,3,3,3,2,"159,72",7652,"0,05",Broker,0
47,1,3,3,3,3,0,"140,01",7895,"0,05",Broker,0
48,1,3,3,3,3,2,"153,62",7963,"0,05",Broker,0
47,1,3,3,3,3,2,"151,81",8080,"0,05",Broker,0
44,1,3,3,3,3,3,"145,91",8097,"0,05",Broker,0
50,1,3,3,3,3,0,"161,63",8332,"0,05",Broker,0
45,1,3,3,3,3,2,"143,36",8619,"0,05",Broker,0
52,1,3,3,3,3,0,"160,47",8911,"0,05",Broker,0
61,1,3,3,3,3,2,"180,00",8996,"0,05",Broker,0
50,1,3,3,3,3,2,"156,96",9338,"0,05",Broker,0
49,1,3,3,3,3,3,"155,79",9473,"0,05",Broker,0
46,1,3,3,3,3,0,"149,66",9720,"0,05",Broker,0
45,1,3,3,3,3,2,"146,82",9787,"0,05",Broker,0
48,1,3,3,3,4,1,"149,24",599,"0,05",Broker,0
61,1,3,3,3,4,1,"180,00",2453,"0,05",Broker,0
41,1,3,3,3,4,1,"128,69",3078,"0,05",Broker,0
41,1,3,3,3,4,1,"123,62",4917,"0,05",Broker,0
51,1,3,3,3,4,1,"155,74",5041,"0,05",Broker,0
53,1,3,3,3,4,1,"162,71",7585,"0,05",Broker,0
44,1,3,3,3,4,1,"136,32",8924,"0,05",Broker,0
57,1,3,3,3,4,1,"180,00",9187,"0,05",Broker,0
48,1,3,3,3,4,1,"156,87",9925,"0,05",Broker,0
40,1,3,3,3,4,2,"123,87",1012,"0,05",Facebook,0
49,1,3,3,3,4,2,"156,17",1788,"0,05",Broker,0
43,1,3,3,3,4,2,"125,49",1999,"0,05",Broker,0
41,1,3,3,3,4,2,"136,13",2521,"0,05",Broker,0
41,1,3,3,3,4,2,"136,02",3079,"0,05",Broker,0
56,1,3,3,3,4,0,"173,82",3138,"0,05",Broker,0
58,1,3,3,3,4,0,"171,41",3497,"0,05",Broker,0
61,1,3,3,3,4,2,"180,00",3923,"0,05",Broker,0
59,1,3,3,3,4,2,"180,00",3935,"0,05",Broker,0
44,1,3,3,3,4,2,"141,18",4170,"0,05",Broker,0
48,1,3,3,3,4,0,"150,01",4662,"0,05",Broker,0
43,1,3,3,3,4,2,"140,95",4848,"0,05",Broker,0
59,1,3,3,3,4,2,"175,86",5392,"0,05",Broker,0
55,1,3,3,3,4,0,"174,03",5469,"0,05",Broker,0
51,1,3,3,3,4,2,"158,92",5510,"0,05",Broker,0
41,1,3,3,3,4,2,"134,22",6460,"0,05",Broker,0
57,1,3,3,3,4,2,"176,32",6844,"0,05",Broker,0
42,1,3,3,3,4,0,"133,93",6895,"0,05",Broker,0
62,1,3,3,3,4,0,"180,00",7005,"0,05",Broker,0
41,1,3,3,3,4,0,"126,89",8290,"0,05",Broker,0
56,1,3,3,3,4,0,"175,97",8452,"0,05",Broker,0
54,1,3,3,3,4,0,"164,16",9896,"0,05",Broker,0
57,1,3,3,2,3,1,"170,84",526,"0,05",Broker,0
40,1,3,3,2,3,1,"117,40",1182,"0,05",www,0
41,1,3,3,2,3,1,"127,92",3604,"0,05",Broker,0
52,1,3,3,2,3,1,"160,09",6396,"0,05",Broker,0
51,1,3,3,2,3,1,"157,76",7003,"0,05",Broker,0
45,1,3,3,2,3,1,"138,70",8487,"0,05",Broker,0
57,1,3,3,2,3,2,"177,29",1564,"0,05",Broker,0
59,1,3,3,2,3,2,"179,56",2099,"0,05",Broker,0
42,1,3,3,2,3,0,"130,81",4479,"0,05",Broker,0
46,1,3,3,2,3,2,"144,66",6268,"0,05",Broker,0
42,1,3,3,2,3,2,"134,44",7084,"0,05",Broker,0
56,1,3,3,2,3,2,"175,29",8152,"0,05",Broker,0
55,1,3,3,2,3,2,"176,85",8196,"0,05",Broker,0
52,1,3,3,1,1,1,"165,01",257,"0,05",Broker,0
43,1,3,3,1,1,1,"137,81",562,"0,05",Broker,0
41,1,3,3,1,2,1,"136,24",627,"0,05",Broker,0
65,1,3,3,1,1,1,"180,00",657,"0,05",Broker,0
53,1,3,3,4,4,1,"161,87",876,"0,05",Broker,0
46,1,3,3,1,2,1,"144,47",1096,"0,05",Broker,0
41,1,3,3,1,2,1,"139,62",1105,"0,05",Broker,0
51,1,3,3,1,1,1,"159,33",1117,"0,05",Broker,0
54,1,3,3,4,4,1,"165,54",1336,"0,05",Broker,0
40,1,3,3,2,2,1,"128,03",1485,"0,05",Facebook,0
43,1,3,3,4,4,1,"137,13",1570,"0,05",Broker,0
63,1,3,3,1,1,1,"180,00",1752,"0,05",Broker,0
45,1,3,3,1,2,1,"142,80",1986,"0,05",Broker,0
48,1,3,3,4,4,1,"153,62",2965,"0,05",Broker,0
40,1,3,3,2,2,1,"121,66",3016,"0,05",Facebook,0
43,1,3,3,1,1,1,"139,79",3312,"0,05",Broker,0
61,1,3,3,2,2,1,"180,00",3752,"0,05",Broker,0
42,1,3,3,1,1,1,"138,22",4146,"0,05",Broker,0
46,1,3,3,1,1,1,"148,50",4632,"0,05",Broker,0
45,1,3,3,4,4,1,"137,34",5399,"0,05",Broker,0
60,1,3,3,1,2,1,"180,00",5409,"0,05",Broker,0
50,1,3,3,1,2,1,"163,81",5977,"0,05",Broker,0
44,1,3,3,1,2,1,"140,77",6203,"0,05",Broker,0
50,1,3,3,1,2,1,"167,93",6291,"0,05",Broker,0
63,1,3,3,1,1,1,"180,00",6478,"0,05",Broker,0
41,1,3,3,1,2,1,"133,77",6529,"0,05",Broker,0
63,1,3,3,1,2,1,"180,00",6567,"0,05",Broker,0
54,1,3,3,1,1,1,"174,31",7063,"0,05",Broker,0
57,1,3,3,2,2,1,"177,90",7148,"0,05",Broker,0
49,1,3,3,1,2,1,"155,98",7246,"0,05",Broker,0
64,1,3,3,4,4,1,"180,00",7699,"0,05",Broker,0
55,1,3,3,4,4,1,"171,34",7914,"0,05",Broker,0
63,1,3,3,1,2,1,"180,00",8554,"0,05",Broker,0
43,1,3,3,4,4,1,"136,04",8926,"0,05",Broker,0
44,1,3,3,1,1,1,"135,55",8966,"0,05",Broker,0
52,1,3,3,4,4,1,"162,81",9411,"0,05",Broker,0
53,1,3,3,4,4,1,"164,75",9546,"0,05",Broker,0
41,1,3,3,1,1,1,"129,02",9793,"0,05",Broker,0
57,1,3,3,1,2,0,"175,80",218,"0,05",Broker,0
50,1,3,3,1,1,2,"149,63",231,"0,05",Broker,0
62,1,3,3,2,2,0,"180,00",407,"0,05",Broker,0
42,1,3,3,1,2,0,"127,67",743,"0,05",Broker,0
46,1,3,3,4,4,0,"142,68",764,"0,05",Broker,0
52,1,3,3,1,2,2,"161,59",996,"0,05",Broker,0
42,1,3,3,1,1,0,"130,43",1031,"0,05",Broker,0
50,1,3,3,1,1,2,"154,38",1236,"0,05",Broker,0
62,1,3,3,4,4,3,"180,00",1258,"0,05",Broker,0
62,1,3,3,1,2,0,"180,00",1375,"0,05",Broker,0
57,1,3,3,1,1,2,"177,37",2085,"0,05",Broker,0
54,1,3,3,1,2,2,"173,51",2168,"0,05",Broker,0
46,1,3,3,1,1,0,"145,88",2178,"0,05",Broker,0
44,1,3,3,2,2,2,"140,39",2410,"0,05",Broker,0
44,1,3,3,2,2,2,"139,77",2657,"0,05",Broker,0
50,1,3,3,4,4,0,"159,24",2703,"0,05",Broker,0
44,1,3,3,1,1,2,"132,21",3011,"0,05",Broker,0
55,1,3,3,1,1,3,"170,71",3061,"0,05",Broker,0
52,1,3,3,1,1,0,"162,18",3074,"0,05",Broker,0
47,1,3,3,1,1,3,"144,81",3337,"0,05",Broker,0
51,1,3,3,1,2,0,"169,60",3352,"0,05",Broker,0
50,1,3,3,2,2,0,"155,52",3504,"0,05",Broker,0
59,1,3,3,2,2,2,"174,51",3548,"0,05",Broker,0
60,1,3,3,1,1,2,"179,27",3586,"0,05",Broker,0
46,1,3,3,1,1,2,"138,26",3729,"0,05",Broker,0
57,1,3,3,1,2,2,"177,31",3784,"0,05",Broker,0
45,1,3,3,1,1,2,"142,23",4189,"0,05",Broker,0
40,1,3,3,1,2,2,"126,88",4611,"0,05",Facebook,0
45,1,3,3,1,1,0,"137,65",4793,"0,05",Broker,0
45,1,3,3,1,1,2,"151,48",4801,"0,05",Broker,0
52,1,3,3,4,4,2,"162,77",4900,"0,05",Broker,0
46,1,3,3,1,1,2,"140,04",4998,"0,05",Broker,0
47,1,3,3,2,2,2,"144,11",5013,"0,05",Broker,0
45,1,3,3,1,2,2,"147,58",5304,"0,05",Broker,0
42,1,3,3,4,4,2,"129,79",5312,"0,05",Broker,0
52,1,3,3,4,4,0,"164,96",5330,"0,05",Broker,0
44,1,3,3,1,1,3,"142,27",5339,"0,05",Broker,0
55,1,3,3,4,4,2,"173,02",5489,"0,05",Broker,0
58,1,3,3,1,1,2,"175,03",5525,"0,05",Broker,0
40,1,3,3,2,2,2,"128,08",5610,"0,05",Facebook,0
44,1,3,3,1,2,2,"137,08",5813,"0,05",Broker,0
52,1,3,3,4,4,2,"161,53",5887,"0,05",Broker,0
54,1,3,3,4,4,2,"168,30",5981,"0,05",Broker,0
50,1,3,3,1,2,3,"160,12",5989,"0,05",Broker,0
56,1,3,3,1,1,2,"157,06",6073,"0,05",Broker,0
56,1,3,3,4,4,0,"169,37",6312,"0,05",Broker,0
40,1,3,3,1,2,2,"124,80",6463,"0,05",Facebook,0
55,1,3,3,1,1,0,"179,88",6555,"0,05",Broker,0
46,1,3,3,4,4,0,"148,15",6629,"0,05",Broker,0
49,1,3,3,1,1,2,"149,84",6983,"0,05",Broker,0
51,1,3,3,1,1,2,"165,70",7043,"0,05",Broker,0
45,1,3,3,2,2,2,"145,14",7375,"0,05",Broker,0
51,1,3,3,4,4,3,"165,29",7381,"0,05",Broker,0
42,1,3,3,1,1,2,"135,14",7452,"0,05",Broker,0
49,1,3,3,1,1,0,"155,19",7531,"0,05",Broker,0
64,1,3,3,1,1,2,"180,00",7862,"0,05",Broker,0
42,1,3,3,1,1,2,"139,43",7888,"0,05",Broker,0
59,1,3,3,1,1,2,"179,74",8275,"0,05",Broker,1
57,1,3,3,1,1,2,"180,00",8399,"0,05",Broker,0
52,1,3,3,1,2,2,"168,83",8415,"0,05",Broker,0
47,1,3,3,4,4,0,"152,23",8419,"0,05",Broker,0
43,1,3,3,1,1,3,"139,19",8511,"0,05",Broker,0
45,1,3,3,1,1,3,"139,13",8818,"0,05",Broker,0
41,1,3,3,2,2,3,"126,21",9123,"0,05",Broker,0
47,1,3,3,4,4,2,"154,80",9408,"0,05",Broker,0
47,1,3,3,1,1,0,"154,58",9527,"0,05",Broker,0
58,1,3,3,4,4,2,"177,36",9535,"0,05",Broker,0
62,1,3,3,1,2,2,"180,00",9578,"0,05",Broker,0
54,1,3,3,2,2,2,"165,14",9620,"0,05",Broker,0
54,1,3,3,2,2,0,"174,29",9965,"0,05",Broker,0
61,1,3,3,1,2,2,"180,00",9983,"0,05",Broker,0
41,1,3,4,3,3,1,"128,41",160,"0,05",Broker,0
60,1,3,4,3,3,1,"180,00",349,"0,05",Broker,0
46,1,3,4,3,3,1,"146,00",1277,"0,05",Broker,0
46,1,3,4,3,3,1,"145,83",4145,"0,05",Broker,0
45,1,3,4,3,3,1,"134,37",4203,"0,05",Broker,0
50,1,3,4,3,3,1,"166,29",4301,"0,05",Broker,0
50,1,3,4,3,3,1,"154,28",5243,"0,05",Broker,0
52,1,3,4,3,3,1,"155,78",5645,"0,05",Broker,0
55,1,3,4,3,3,1,"166,65",5662,"0,05",Broker,0
56,1,3,4,3,3,1,"180,00",5864,"0,05",Broker,0
41,1,3,4,3,3,1,"129,88",6531,"0,05",Broker,0
54,1,3,4,3,3,1,"170,53",6831,"0,05",Broker,0
47,1,3,4,3,3,1,"137,23",6865,"0,05",Broker,0
59,1,3,4,3,3,1,"176,33",7767,"0,05",Broker,0
60,1,3,4,3,3,1,"180,00",7933,"0,05",Broker,0
49,1,3,4,3,3,1,"157,22",8318,"0,05",Broker,0
51,1,3,4,3,3,1,"159,99",9138,"0,05",Broker,0
64,1,3,4,3,3,1,"180,00",9239,"0,05",Broker,0
62,1,3,4,3,3,1,"180,00",9647,"0,05",Broker,0
41,1,3,4,3,3,0,"128,42",319,"0,05",Broker,0
47,1,3,4,3,3,0,"149,35",666,"0,05",Broker,0
49,1,3,4,3,3,0,"151,51",838,"0,05",Broker,0
51,1,3,4,3,3,2,"155,15",1493,"0,05",Broker,0
56,1,3,4,3,3,0,"174,98",1862,"0,05",Broker,0
48,1,3,4,3,3,2,"158,86",2272,"0,05",Broker,0
49,1,3,4,3,3,2,"150,86",2470,"0,05",Broker,0
53,1,3,4,3,3,2,"162,51",2623,"0,05",Broker,0
49,1,3,4,3,3,3,"153,93",2684,"0,05",Broker,0
44,1,3,4,3,3,2,"138,16",4240,"0,05",Broker,0
42,1,3,4,3,3,0,"126,15",4465,"0,05",Broker,0
47,1,3,4,3,3,2,"152,06",4610,"0,05",Broker,0
54,1,3,4,3,3,2,"166,33",4623,"0,05",Broker,0
45,1,3,4,3,3,2,"141,85",4648,"0,05",Broker,0
47,1,3,4,3,3,2,"144,62",4649,"0,05",Broker,0
52,1,3,4,3,3,2,"165,90",4968,"0,05",Broker,0
55,1,3,4,3,3,2,"168,53",5829,"0,05",Broker,0
46,1,3,4,3,3,2,"148,33",6395,"0,05",Broker,0
50,1,3,4,3,3,0,"150,54",6675,"0,05",Broker,0
48,1,3,4,3,3,2,"146,34",6917,"0,05",Broker,0
50,1,3,4,3,3,2,"152,06",7334,"0,05",Broker,0
43,1,3,4,3,3,0,"132,32",7372,"0,05",Broker,0
53,1,3,4,3,3,0,"162,90",7828,"0,05",Broker,0
57,1,3,4,3,3,2,"178,27",7843,"0,05",Broker,0
63,1,3,4,3,3,2,"180,00",7988,"0,05",Broker,0
61,1,3,4,3,3,2,"180,00",8167,"0,05",Broker,0
45,1,3,4,3,3,2,"151,85",8667,"0,05",Broker,0
41,1,3,4,3,3,0,"142,43",8749,"0,05",Broker,0
41,1,3,4,3,3,3,"124,19",9240,"0,05",Broker,0
44,1,3,4,3,3,2,"132,45",9254,"0,05",Broker,0
46,1,3,4,3,3,2,"146,31",9459,"0,05",Broker,0
56,1,3,4,3,3,0,"177,59",9979,"0,05",Broker,0
50,1,3,4,3,4,1,"154,05",376,"0,05",Broker,0
44,1,3,4,3,4,1,"135,45",408,"0,05",Broker,0
53,1,3,4,3,4,1,"167,30",600,"0,05",Broker,0
47,1,3,4,3,4,1,"143,45",3636,"0,05",Broker,0
51,1,3,4,3,4,1,"161,69",3912,"0,05",Broker,0
45,1,3,4,3,4,1,"153,07",6711,"0,05",Broker,0
51,1,3,4,3,4,1,"158,56",7074,"0,05",Broker,0
57,1,3,4,3,4,1,"180,00",8099,"0,05",Broker,0
51,1,3,4,3,4,1,"157,75",8484,"0,05",Broker,0
51,1,3,4,3,4,2,"159,07",983,"0,05",Broker,0
49,1,3,4,3,4,0,"152,27",2351,"0,05",Broker,0
47,1,3,4,3,4,0,"138,26",2638,"0,05",Broker,0
47,1,3,4,3,4,2,"147,49",2686,"0,05",Broker,1
58,1,3,4,3,4,2,"176,16",3014,"0,05",Broker,0
43,1,3,4,3,4,2,"132,72",3994,"0,05",Broker,0
55,1,3,4,3,4,2,"165,39",4060,"0,05",Broker,0
54,1,3,4,3,4,2,"170,43",4213,"0,05",Broker,0
46,1,3,4,3,4,2,"144,82",4350,"0,05",Broker,0
57,1,3,4,3,4,2,"180,00",4489,"0,05",Broker,0
56,1,3,4,3,4,3,"177,73",6139,"0,05",Broker,0
65,1,3,4,3,4,2,"180,00",6174,"0,05",Broker,0
44,1,3,4,3,4,0,"135,09",6277,"0,05",Broker,0
59,1,3,4,3,4,2,"180,00",6382,"0,05",Broker,0
55,1,3,4,3,4,0,"173,37",6457,"0,05",Broker,0
41,1,3,4,3,4,0,"129,33",7849,"0,05",Broker,0
49,1,3,4,3,4,2,"166,25",7954,"0,05",Broker,0
52,1,3,4,3,4,2,"158,22",8266,"0,05",Broker,0
41,1,3,4,3,4,0,"128,28",8604,"0,05",Broker,0
57,1,3,4,3,4,0,"177,01",9147,"0,05",Broker,0
48,1,3,4,3,4,0,"150,47",9182,"0,05",Broker,0
40,1,3,4,3,4,2,"121,47",9520,"0,05",Facebook,0
56,1,3,4,3,4,0,"173,25",9780,"0,05",Broker,0
45,1,3,4,3,4,2,"142,91",9789,"0,05",Broker,0
64,1,3,4,3,4,2,"180,00",9808,"0,05",Broker,0
43,1,3,4,2,3,1,"132,92",1771,"0,05",Broker,0
62,1,3,4,2,3,1,"180,00",4619,"0,05",Broker,0
54,1,3,4,2,3,1,"169,49",7507,"0,05",Broker,0
42,1,3,4,2,3,1,"134,40",8423,"0,05",Broker,0
42,1,3,4,2,3,1,"128,89",9023,"0,05",Broker,0
52,1,3,4,2,3,2,"154,47",97,"0,05",Broker,0
51,1,3,4,2,3,2,"158,93",1408,"0,05",Broker,0
55,1,3,4,2,3,2,"173,14",4414,"0,05",Broker,0
44,1,3,4,2,3,3,"129,24",5618,"0,05",Broker,0
46,1,3,4,2,3,0,"146,27",7180,"0,05",Broker,0
44,1,3,4,2,3,2,"137,97",7613,"0,05",Broker,0
42,1,3,4,2,3,0,"135,46",7884,"0,05",Broker,0
59,1,3,4,2,3,0,"180,00",8102,"0,05",Broker,0
47,1,3,4,2,3,3,"146,30",9036,"0,05",Broker,0
43,1,3,4,1,2,1,"137,65",107,"0,05",Broker,0
58,1,3,4,1,2,1,"178,03",191,"0,05",Broker,0
40,1,3,4,4,4,1,"121,66",766,"0,05",Facebook,0
51,1,3,4,1,1,1,"158,50",889,"0,05",Broker,0
44,1,3,4,1,1,1,"139,04",897,"0,05",Broker,0
59,1,3,4,1,1,1,"179,07",1159,"0,05",Broker,0
65,1,3,4,4,4,1,"180,00",1238,"0,05",Broker,0
40,1,3,4,2,2,1,"123,35",1423,"0,05",Facebook,0
42,1,3,4,2,2,1,"127,84",1486,"0,05",Broker,0
40,1,3,4,1,2,1,"126,47",1695,"0,05",Facebook,0
50,1,3,4,4,4,1,"154,92",1938,"0,05",Broker,0
45,1,3,4,2,2,1,"138,49",2310,"0,05",Broker,0
41,1,3,4,1,1,1,"120,59",2683,"0,05",Broker,0
45,1,3,4,2,2,1,"142,81",2739,"0,05",Broker,0
42,1,3,4,1,1,1,"134,52",3472,"0,05",Broker,0
44,1,3,4,2,2,1,"144,47",3666,"0,05",Broker,0
47,1,3,4,1,2,1,"138,33",3841,"0,05",Broker,0
46,1,3,4,1,2,1,"141,54",3938,"0,05",Broker,0
50,1,3,4,4,4,1,"148,57",3967,"0,05",Broker,0
53,1,3,4,4,4,1,"165,81",4422,"0,05",Broker,0
58,1,3,4,4,4,1,"180,00",4480,"0,05",Broker,0
47,1,3,4,4,4,1,"144,56",5508,"0,05",Broker,0
58,1,3,4,4,4,1,"180,00",6001,"0,05",Broker,0
45,1,3,4,1,1,1,"134,88",6004,"0,05",Broker,0
57,1,3,4,1,1,1,"175,27",6223,"0,05",Broker,0
47,1,3,4,1,2,1,"150,26",6484,"0,05",Broker,0
47,1,3,4,2,2,1,"141,17",6550,"0,05",Broker,0
41,1,3,4,1,1,1,"131,90",6579,"0,05",Broker,0
65,1,3,4,1,1,1,"180,00",6602,"0,05",Broker,0
43,1,3,4,2,2,1,"140,06",7428,"0,05",Broker,0
52,1,3,4,2,2,1,"170,51",7704,"0,05",Broker,0
41,1,3,4,2,2,1,"133,32",8014,"0,05",Broker,0
42,1,3,4,4,4,1,"133,98",8078,"0,05",Broker,0
46,1,3,4,1,1,1,"147,03",8157,"0,05",Broker,0
52,1,3,4,1,1,1,"163,50",8453,"0,05",Broker,0
55,1,3,4,1,2,1,"171,28",8579,"0,05",Broker,0
40,1,3,4,1,2,1,"124,64",8797,"0,05",Facebook,0
46,1,3,4,4,4,1,"140,60",8937,"0,05",Broker,0
50,1,3,4,1,2,1,"154,13",9053,"0,05",Broker,0
44,1,3,4,4,4,1,"130,71",9552,"0,05",Broker,0
50,1,3,4,4,4,1,"151,70",9770,"0,05",Broker,0
40,1,3,4,2,2,1,"120,56",9821,"0,05",Facebook,0
55,1,3,4,1,1,1,"172,25",9952,"0,05",Broker,0
42,1,3,4,4,4,0,"134,14",59,"0,05",Broker,0
64,1,3,4,1,1,2,"180,00",263,"0,05",Broker,0
49,1,3,4,1,1,2,"154,46",398,"0,05",Broker,0
44,1,3,4,1,2,0,"140,33",523,"0,05",Broker,0
53,1,3,4,1,2,2,"173,89",537,"0,05",Broker,0
54,1,3,4,4,4,2,"166,25",651,"0,05",Broker,0
58,1,3,4,1,2,2,"179,11",864,"0,05",Broker,0
43,1,3,4,2,2,2,"134,64",910,"0,05",Broker,0
43,1,3,4,1,2,0,"131,67",971,"0,05",Broker,0
55,1,3,4,4,4,0,"175,23",1195,"0,05",Broker,0
42,1,3,4,4,4,0,"141,52",1523,"0,05",Broker,0
54,1,3,4,1,2,2,"158,71",1692,"0,05",Broker,0
54,1,3,4,1,1,0,"172,19",1761,"0,05",Broker,0
40,1,3,4,2,2,2,"132,83",1801,"0,05",Facebook,0
46,1,3,4,4,4,0,"136,49",1803,"0,05",Broker,0
46,1,3,4,1,1,2,"147,33",2370,"0,05",Broker,0
47,1,3,4,1,1,2,"145,08",2394,"0,05",Broker,0
44,1,3,4,1,1,2,"131,26",2404,"0,05",Broker,0
50,1,3,4,1,1,3,"153,88",2439,"0,05",Broker,0
65,1,3,4,1,1,0,"180,00",2458,"0,05",Broker,0
47,1,3,4,1,1,0,"150,78",2516,"0,05",Broker,0
40,1,3,4,1,2,0,"118,51",2674,"0,05",www,0
52,1,3,4,4,4,2,"154,05",2735,"0,05",Broker,0
46,1,3,4,2,2,2,"144,74",2971,"0,05",Broker,0
47,1,3,4,1,2,2,"147,44",2974,"0,05",Broker,0
53,1,3,4,1,1,0,"159,90",3228,"0,05",Broker,0
57,1,3,4,1,1,0,"176,63",3357,"0,05",Broker,0
45,1,3,4,2,2,0,"137,10",3863,"0,05",Broker,0
52,1,3,4,2,2,2,"162,78",3958,"0,05",Broker,0
42,1,3,4,4,4,2,"128,49",4488,"0,05",Broker,0
45,1,3,4,2,2,3,"144,57",4695,"0,05",Broker,0
42,1,3,4,2,2,2,"135,13",5111,"0,05",Broker,0
41,1,3,4,1,1,3,"125,69",5185,"0,05",Broker,0
62,1,3,4,2,2,2,"180,00",5240,"0,05",Broker,0
44,1,3,4,4,4,2,"136,01",5292,"0,05",Broker,0
50,1,3,4,2,2,2,"154,83",5296,"0,05",Broker,0
51,1,3,4,1,1,2,"144,65",5555,"0,05",Broker,0
51,1,3,4,2,2,2,"160,65",5617,"0,05",Broker,0
40,1,3,4,4,4,0,"133,47",6013,"0,05",Facebook,0
40,1,3,4,1,2,2,"130,36",6014,"0,05",Facebook,0
52,1,3,4,1,1,0,"161,93",6700,"0,05",Broker,0
41,1,3,4,1,2,2,"132,74",7017,"0,05",Broker,0
40,1,3,4,2,2,2,"125,57",7102,"0,05",Facebook,0
62,1,3,4,4,4,0,"180,00",7345,"0,05",Broker,0
48,1,3,4,4,4,2,"156,14",7368,"0,05",Broker,0
43,1,3,4,1,2,3,"137,90",7398,"0,05",Broker,0
49,1,3,4,1,1,2,"138,61",7420,"0,05",Broker,0
41,1,3,4,1,1,2,"120,01",7523,"0,05",Broker,0
53,1,3,4,4,4,0,"159,20",7524,"0,05",Broker,0
42,1,3,4,1,2,2,"129,68",7941,"0,05",Broker,0
45,1,3,4,1,1,0,"138,82",7949,"0,05",Broker,0
50,1,3,4,2,2,2,"154,56",8000,"0,05",Broker,0
42,1,3,4,1,1,2,"137,14",8230,"0,05",Broker,0
41,1,3,4,2,2,0,"130,59",8287,"0,05",Broker,0
42,1,3,4,2,2,0,"128,70",8680,"0,05",Broker,0
52,1,3,4,1,1,0,"163,62",8747,"0,05",Broker,0
58,1,3,4,2,2,2,"180,00",8978,"0,05",Broker,0
45,1,3,4,4,4,2,"135,63",9015,"0,05",Broker,0
43,1,3,4,2,2,0,"143,76",9142,"0,05",Broker,0
57,1,3,4,1,1,2,"180,00",9222,"0,05",Broker,0
54,1,3,4,2,2,2,"166,24",9457,"0,05",Broker,0
59,1,3,4,1,1,2,"178,39",9488,"0,05",Broker,0
41,1,3,4,2,2,2,"128,82",9849,"0,05",Broker,0
49,1,3,4,1,1,2,"153,87",9906,"0,05",Broker,0
42,1,3,4,4,4,2,"136,85",9955,"0,05",Broker,0
55,1,2,1,3,3,1,"168,79",31,"0,05",Broker,0
62,1,2,1,3,3,1,"180,00",309,"0,05",Broker,0
56,1,2,2,3,3,1,"169,92",623,"0,05",Broker,0
59,1,2,1,3,3,1,"180,00",865,"0,05",Broker,0
46,1,2,2,3,3,1,"146,64",1022,"0,05",Broker,0
42,1,2,2,3,3,1,"134,03",1301,"0,05",Broker,0
41,1,2,1,3,3,1,"131,20",1405,"0,05",Broker,0
59,1,2,1,3,3,1,"180,00",1430,"0,05",Broker,0
48,1,2,1,3,3,1,"154,02",1830,"0,05",Broker,0
46,1,2,1,3,3,1,"148,91",1987,"0,05",Broker,0
51,1,2,1,3,3,1,"160,78",2010,"0,05",Broker,0
50,1,2,2,3,3,1,"161,31",2353,"0,05",Broker,0
44,1,2,1,3,3,1,"129,63",2543,"0,05",Broker,0
44,1,2,1,3,3,1,"127,82",2652,"0,05",Broker,0
40,1,2,1,3,3,1,"135,22",3234,"0,05",Facebook,0
57,1,2,1,3,3,1,"174,50",4061,"0,05",Broker,0
60,1,2,2,3,3,1,"180,00",4126,"0,05",Broker,0
46,1,2,1,3,3,1,"145,38",4363,"0,05",Broker,0
64,1,2,2,3,3,1,"180,00",4644,"0,05",Broker,0
58,1,2,1,3,3,1,"178,14",4666,"0,05",Broker,0
52,1,2,2,3,3,1,"152,52",4676,"0,05",Broker,0
43,1,2,2,3,3,1,"124,44",4826,"0,05",Broker,0
43,1,2,2,3,3,1,"136,99",5308,"0,05",Broker,0
48,1,2,2,3,3,1,"155,08",5641,"0,05",Broker,0
55,1,2,1,3,3,1,"159,16",5718,"0,05",Broker,0
53,1,2,2,3,3,1,"167,10",5814,"0,05",Broker,0
46,1,2,2,3,3,1,"140,13",6081,"0,05",Broker,0
52,1,2,1,3,3,1,"156,37",6582,"0,05",Broker,0
49,1,2,1,3,3,1,"155,19",6703,"0,05",Broker,0
54,1,2,1,3,3,1,"163,99",6859,"0,05",Broker,0
59,1,2,2,3,3,1,"172,78",7505,"0,05",Broker,0
49,1,2,1,3,3,1,"152,90",7673,"0,05",Broker,0
58,1,2,1,3,3,1,"180,00",7825,"0,05",Broker,0
58,1,2,2,3,3,1,"180,00",7923,"0,05",Broker,0
50,1,2,2,3,3,1,"164,21",8019,"0,05",Broker,0
54,1,2,2,3,3,1,"169,39",8058,"0,05",Broker,0
57,1,2,1,3,3,1,"180,00",8169,"0,05",Broker,0
57,1,2,2,3,3,1,"180,00",8533,"0,05",Broker,0
62,1,2,1,3,3,1,"180,00",9190,"0,05",Broker,0
41,1,2,1,3,3,1,"123,82",9483,"0,05",Broker,0
49,1,2,1,3,3,1,"149,12",9519,"0,05",Broker,0
51,1,2,1,3,3,1,"162,66",9531,"0,05",Broker,0
48,1,2,1,3,3,1,"141,60",9748,"0,05",Broker,0
56,1,2,1,3,3,1,"166,09",9773,"0,05",Broker,0
49,1,2,1,3,3,0,"148,73",8,"0,05",Broker,0
47,1,2,2,3,3,2,"145,67",32,"0,05",Broker,0
50,1,2,1,3,3,2,"158,27",81,"0,05",Broker,0
49,1,2,2,3,3,3,"156,15",121,"0,05",Broker,0
42,1,2,2,3,3,2,"127,91",151,"0,05",Broker,0
49,1,2,1,3,3,2,"155,43",180,"0,05",Broker,0
47,1,2,1,3,3,0,"140,77",299,"0,05",Broker,0
56,1,2,2,3,3,2,"176,20",380,"0,05",Broker,0
41,1,2,2,3,3,2,"130,87",607,"0,05",Broker,0
42,1,2,2,3,3,2,"128,63",787,"0,05",Broker,0
41,1,2,1,3,3,3,"133,41",921,"0,05",Broker,0
59,1,2,2,3,3,0,"180,00",1001,"0,05",Broker,0
44,1,2,2,3,3,2,"135,59",1005,"0,05",Broker,0
48,1,2,1,3,3,0,"143,84",1024,"0,05",Broker,0
42,1,2,1,3,3,2,"131,33",1033,"0,05",Broker,0
57,1,2,2,3,3,2,"174,49",1101,"0,05",Broker,0
54,1,2,1,3,3,2,"164,81",1115,"0,05",Broker,0
47,1,2,2,3,3,2,"145,00",1325,"0,05",Broker,0
47,1,2,2,3,3,0,"143,57",1505,"0,05",Broker,0
45,1,2,2,3,3,0,"144,12",1727,"0,05",Broker,0
60,1,2,1,3,3,2,"177,80",1839,"0,05",Broker,0
43,1,2,1,3,3,0,"142,39",1909,"0,05",Broker,0
47,1,2,2,3,3,0,"145,36",2169,"0,05",Broker,0
45,1,2,2,3,3,2,"138,42",2240,"0,05",Broker,0
48,1,2,1,3,3,0,"147,77",2388,"0,05",Broker,0
42,1,2,2,3,3,2,"136,78",2515,"0,05",Broker,0
60,1,2,2,3,3,2,"180,00",2562,"0,05",Broker,0
56,1,2,2,3,3,2,"173,49",2708,"0,05",Broker,0
47,1,2,2,3,3,2,"154,37",2747,"0,05",Broker,0
49,1,2,2,3,3,0,"153,95",2817,"0,05",Broker,0
54,1,2,2,3,3,2,"161,57",2941,"0,05",Broker,0
54,1,2,2,3,3,2,"163,15",2979,"0,05",Broker,0
52,1,2,1,3,3,2,"164,79",3104,"0,05",Broker,0
55,1,2,2,3,3,2,"167,54",3140,"0,05",Broker,0
49,1,2,1,3,3,2,"159,12",3154,"0,05",Broker,0
48,1,2,2,3,3,2,"156,96",3256,"0,05",Broker,0
56,1,2,1,3,3,2,"175,49",3321,"0,05",Broker,0
40,1,2,1,3,3,2,"125,47",3387,"0,05",Facebook,0
56,1,2,2,3,3,3,"165,33",3414,"0,05",Broker,0
48,1,2,1,3,3,2,"147,91",3425,"0,05",Broker,0
43,1,2,2,3,3,0,"139,27",3577,"0,05",Broker,0
54,1,2,1,3,3,2,"173,08",3722,"0,05",Broker,0
44,1,2,1,3,3,2,"135,15",3757,"0,05",Broker,0
55,1,2,2,3,3,2,"171,21",3910,"0,05",Broker,0
57,1,2,2,3,3,2,"179,19",3928,"0,05",Broker,0
51,1,2,1,3,3,0,"160,76",4760,"0,05",Broker,0
60,1,2,1,3,3,2,"180,00",5424,"0,05",Broker,0
45,1,2,2,3,3,0,"148,25",5450,"0,05",Broker,0
62,1,2,1,3,3,2,"180,00",5578,"0,05",Broker,0
40,1,2,2,3,3,2,"128,56",5786,"0,05",Facebook,0
45,1,2,2,3,3,0,"143,40",5834,"0,05",Broker,0
53,1,2,1,3,3,0,"156,97",6271,"0,05",Broker,0
51,1,2,2,3,3,0,"148,55",6351,"0,05",Broker,0
48,1,2,2,3,3,0,"146,60",6360,"0,05",Broker,0
46,1,2,1,3,3,2,"144,77",6537,"0,05",Broker,1
48,1,2,1,3,3,2,"153,78",6613,"0,05",Broker,0
60,1,2,2,3,3,2,"180,00",6801,"0,05",Broker,0
40,1,2,1,3,3,0,"121,84",6894,"0,05",Facebook,0
50,1,2,2,3,3,0,"159,35",6901,"0,05",Broker,0
54,1,2,1,3,3,2,"166,87",7224,"0,05",Broker,0
47,1,2,2,3,3,2,"144,13",7316,"0,05",Broker,0
41,1,2,2,3,3,3,"119,68",7461,"0,05",Broker,0
48,1,2,2,3,3,0,"147,40",7737,"0,05",Broker,0
55,1,2,1,3,3,2,"168,97",7856,"0,05",Broker,0
58,1,2,2,3,3,2,"180,00",8193,"0,05",Broker,0
55,1,2,1,3,3,3,"165,61",8267,"0,05",Broker,0
55,1,2,2,3,3,3,"174,45",8515,"0,05",Broker,0
48,1,2,2,3,3,2,"148,38",8544,"0,05",Broker,0
43,1,2,1,3,3,3,"137,21",8798,"0,05",Broker,0
54,1,2,1,3,3,2,"172,20",8938,"0,05",Broker,0
50,1,2,2,3,3,0,"154,76",9002,"0,05",Broker,0
47,1,2,2,3,3,0,"140,07",9199,"0,05",Broker,0
44,1,2,1,3,3,3,"142,96",9456,"0,05",Broker,0
44,1,2,2,3,3,2,"138,13",9511,"0,05",Broker,0
41,1,2,1,3,3,0,"124,08",9518,"0,05",Broker,0
59,1,2,2,3,3,2,"180,00",9557,"0,05",Broker,0
50,1,2,1,3,3,2,"156,74",9606,"0,05",Broker,0
42,1,2,1,3,3,2,"133,81",9677,"0,05",Broker,0
51,1,2,1,3,3,2,"158,07",9823,"0,05",Broker,0
55,1,2,1,3,3,2,"161,34",9960,"0,05",Broker,0
47,1,2,1,3,4,1,"144,70",859,"0,05",Broker,0
49,1,2,1,3,4,1,"153,06",1278,"0,05",Broker,0
41,1,2,2,3,4,1,"133,66",1895,"0,05",Broker,0
53,1,2,2,3,4,1,"162,59",3746,"0,05",Broker,0
56,1,2,2,3,4,1,"178,54",4567,"0,05",Broker,0
51,1,2,1,3,4,1,"164,47",4843,"0,05",Broker,0
52,1,2,1,3,4,1,"156,27",5724,"0,05",Broker,0
46,1,2,2,3,4,1,"143,32",6036,"0,05",Broker,0
63,1,2,1,3,4,1,"180,00",6092,"0,05",Broker,0
50,1,2,1,3,4,1,"148,82",6446,"0,05",Broker,0
49,1,2,1,3,4,1,"153,30",6876,"0,05",Broker,0
52,1,2,2,3,4,1,"163,91",7150,"0,05",Broker,0
47,1,2,1,3,4,1,"143,61",8195,"0,05",Broker,0
43,1,2,2,3,4,1,"135,66",8467,"0,05",Broker,0
54,1,2,1,3,4,1,"160,07",9678,"0,05",Broker,0
44,1,2,2,3,4,0,"138,97",85,"0,05",Broker,0
52,1,2,2,3,4,3,"157,59",177,"0,05",Broker,0
46,1,2,1,3,4,2,"146,44",370,"0,05",Broker,0
58,1,2,1,3,4,2,"175,17",512,"0,05",Broker,0
54,1,2,2,3,4,2,"171,24",985,"0,05",Broker,0
49,1,2,2,3,4,2,"156,10",1462,"0,05",Broker,0
54,1,2,1,3,4,2,"176,63",1715,"0,05",Broker,0
51,1,2,2,3,4,2,"156,74",1867,"0,05",Broker,0
51,1,2,2,3,4,0,"165,18",3048,"0,05",Broker,0
60,1,2,1,3,4,2,"180,00",3381,"0,05",Broker,0
56,1,2,2,3,4,0,"172,50",4124,"0,05",Broker,0
41,1,2,1,3,4,0,"133,01",4327,"0,05",Broker,0
42,1,2,2,3,4,2,"133,20",4423,"0,05",Broker,0
44,1,2,2,3,4,2,"145,42",4736,"0,05",Broker,0
64,1,2,1,3,4,3,"180,00",5064,"0,05",Broker,0
58,1,2,1,3,4,2,"180,00",5190,"0,05",Broker,0
44,1,2,2,3,4,2,"134,03",5745,"0,05",Broker,0
51,1,2,2,3,4,0,"147,66",5991,"0,05",Broker,0
42,1,2,1,3,4,2,"133,52",6096,"0,05",Broker,0
53,1,2,2,3,4,0,"163,82",6251,"0,05",Broker,0
44,1,2,2,3,4,0,"133,01",6504,"0,05",Broker,0
42,1,2,2,3,4,3,"135,79",6770,"0,05",Broker,0
47,1,2,2,3,4,0,"154,30",6779,"0,05",Broker,0
55,1,2,2,3,4,2,"164,96",6924,"0,05",Broker,0
53,1,2,2,3,4,0,"170,19",7014,"0,05",Broker,0
55,1,2,2,3,4,2,"170,06",7040,"0,05",Broker,0
48,1,2,1,3,4,0,"148,82",7258,"0,05",Broker,0
53,1,2,2,3,4,2,"163,95",7466,"0,05",Broker,0
52,1,2,2,3,4,2,"154,31",7545,"0,05",Broker,0
65,1,2,2,3,4,2,"180,00",7642,"0,05",Broker,0
50,1,2,2,3,4,2,"157,98",7781,"0,05",Broker,0
56,1,2,2,3,4,2,"166,11",7820,"0,05",Broker,0
50,1,2,1,3,4,2,"161,75",8323,"0,05",Broker,0
44,1,2,1,3,4,2,"142,52",8359,"0,05",Broker,0
60,1,2,2,3,4,2,"180,00",8475,"0,05",Broker,0
64,1,2,2,3,4,0,"180,00",8910,"0,05",Broker,0
48,1,2,2,3,4,2,"152,18",9230,"0,05",Broker,0
46,1,2,1,3,4,2,"145,79",9541,"0,05",Broker,0
42,1,2,2,3,4,2,"138,04",9576,"0,05",Broker,0
40,1,2,1,3,4,0,"126,57",9724,"0,05",Facebook,0
51,1,2,1,3,4,2,"154,72",9832,"0,05",Broker,0
57,1,2,1,2,3,1,"174,67",1063,"0,05",Broker,0
43,1,2,1,2,3,1,"126,42",2344,"0,05",Broker,0
43,1,2,1,2,3,1,"138,47",4412,"0,05",Broker,0
50,1,2,1,2,3,1,"154,82",4761,"0,05",Broker,0
55,1,2,2,2,3,1,"165,83",7038,"0,05",Broker,0
63,1,2,1,2,3,1,"180,00",7598,"0,05",Broker,0
50,1,2,1,2,3,1,"159,68",7765,"0,05",Broker,0
61,1,2,1,2,3,1,"180,00",9665,"0,05",Broker,0
58,1,2,2,2,3,2,"180,00",467,"0,05",Broker,0
63,1,2,1,2,3,2,"180,00",691,"0,05",Broker,0
59,1,2,2,2,3,2,"180,00",1373,"0,05",Broker,0
53,1,2,2,2,3,0,"162,63",1818,"0,05",Broker,0
44,1,2,1,2,3,2,"144,09",2452,"0,05",Broker,0
49,1,2,2,2,3,3,"154,78",3964,"0,05",Broker,0
41,1,2,2,2,3,0,"127,42",5413,"0,05",Broker,0
52,1,2,2,2,3,2,"164,77",6098,"0,05",Broker,0
44,1,2,2,2,3,0,"135,23",6309,"0,05",Broker,0
41,1,2,1,2,3,2,"128,61",7212,"0,05",Broker,0
43,1,2,1,2,3,2,"136,68",7251,"0,05",Broker,0
42,1,2,1,2,3,0,"139,56",9026,"0,05",Broker,0
42,1,2,1,4,4,1,"128,18",2,"0,05",Broker,0
57,1,2,1,1,1,1,"177,12",232,"0,05",Broker,0
55,1,2,2,1,1,1,"173,33",320,"0,05",Broker,0
45,1,2,2,4,4,1,"147,00",474,"0,05",Broker,0
46,1,2,2,4,4,1,"149,75",507,"0,05",Broker,0
43,1,2,1,1,1,1,"130,47",749,"0,05",Broker,0
40,1,2,2,1,2,1,"123,06",1120,"0,05",Facebook,0
42,1,2,1,1,1,1,"134,68",1431,"0,05",Broker,0
60,1,2,2,1,1,1,"180,00",1547,"0,05",Broker,0
53,1,2,1,1,2,1,"161,44",1970,"0,05",Broker,0
48,1,2,1,1,1,1,"142,45",2080,"0,05",Broker,0
51,1,2,2,4,4,1,"160,16",2100,"0,05",Broker,0
61,1,2,2,4,4,1,"178,85",2166,"0,05",Broker,0
41,1,2,1,1,2,1,"127,90",2455,"0,05",Broker,0
51,1,2,2,4,4,1,"151,74",2904,"0,05",Broker,0
42,1,2,2,4,4,1,"127,26",3109,"0,05",Broker,0
51,1,2,1,1,1,1,"161,61",3238,"0,05",Broker,0
45,1,2,2,4,4,1,"136,14",3318,"0,05",Broker,0
54,1,2,1,1,2,1,"161,07",3342,"0,05",Broker,0
54,1,2,1,2,2,1,"156,01",3656,"0,05",Broker,0
53,1,2,2,4,4,1,"155,30",3662,"0,05",Broker,0
46,1,2,1,2,2,1,"137,95",3744,"0,05",Broker,0
57,1,2,1,1,1,1,"178,87",3803,"0,05",Broker,0
40,1,2,1,4,4,1,"125,57",3980,"0,05",Facebook,0
46,1,2,1,1,2,1,"135,76",4312,"0,05",Broker,0
50,1,2,1,1,2,1,"156,61",4355,"0,05",Broker,0
47,1,2,1,4,4,1,"151,32",4369,"0,05",Broker,0
56,1,2,2,2,2,1,"173,57",4383,"0,05",Broker,0
65,1,2,1,4,4,1,"180,00",4482,"0,05",Broker,0
60,1,2,1,1,2,1,"180,00",4496,"0,05",Broker,0
55,1,2,1,2,2,1,"170,95",4544,"0,05",Broker,0
40,1,2,2,1,1,1,"126,05",4646,"0,05",Facebook,0
48,1,2,2,4,4,1,"141,18",4680,"0,05",Broker,0
45,1,2,1,1,1,1,"123,40",4723,"0,05",Broker,0
45,1,2,1,2,2,1,"143,11",4729,"0,05",Broker,0
49,1,2,2,4,4,1,"150,45",4733,"0,05",Broker,0
60,1,2,1,4,4,1,"180,00",4959,"0,05",Broker,0
52,1,2,2,4,4,1,"162,15",5074,"0,05",Broker,0
48,1,2,1,1,2,1,"153,22",5077,"0,05",Broker,0
51,1,2,1,2,2,1,"157,22",5089,"0,05",Broker,0
45,1,2,1,4,4,1,"144,79",5245,"0,05",Broker,0
61,1,2,1,1,1,1,"180,00",5369,"0,05",Broker,0
40,1,2,2,1,1,1,"122,62",5580,"0,05",Facebook,0
49,1,2,2,4,4,1,"161,80",5611,"0,05",Broker,0
54,1,2,1,1,1,1,"174,73",5642,"0,05",Broker,0
57,1,2,1,4,4,1,"178,89",5732,"0,05",Broker,0
40,1,2,2,2,2,1,"129,82",5738,"0,05",Facebook,0
61,1,2,2,1,1,1,"180,00",5812,"0,05",Broker,0
40,1,2,1,1,1,1,"125,82",5903,"0,05",Facebook,0
55,1,2,2,1,1,1,"176,51",5975,"0,05",Broker,0
53,1,2,2,1,1,1,"164,82",6069,"0,05",Broker,0
54,1,2,1,1,1,1,"171,69",6179,"0,05",Broker,0
49,1,2,1,1,2,1,"155,77",6314,"0,05",Broker,0
56,1,2,1,4,4,1,"172,62",6329,"0,05",Broker,0
59,1,2,1,1,2,1,"179,07",6376,"0,05",Broker,0
55,1,2,1,2,2,1,"164,61",6485,"0,05",Broker,0
42,1,2,2,1,1,1,"131,12",6614,"0,05",Broker,0
54,1,2,1,4,4,1,"165,73",6858,"0,05",Broker,0
43,1,2,2,4,4,1,"134,35",7278,"0,05",Broker,0
51,1,2,2,4,4,1,"158,61",7315,"0,05",Broker,0
64,1,2,1,4,4,1,"180,00",7319,"0,05",Broker,0
43,1,2,1,2,2,1,"132,30",7542,"0,05",Broker,0
45,1,2,2,1,1,1,"143,44",7655,"0,05",Broker,0
60,1,2,1,4,4,1,"180,00",7676,"0,05",Broker,0
60,1,2,1,1,1,1,"180,00",8071,"0,05",Broker,0
42,1,2,1,1,1,1,"134,89",8093,"0,05",Broker,0
42,1,2,2,1,1,1,"128,18",8111,"0,05",Broker,0
54,1,2,2,2,2,1,"166,94",8282,"0,05",Broker,0
42,1,2,2,4,4,1,"132,28",8305,"0,05",Broker,0
46,1,2,2,1,1,1,"137,66",8534,"0,05",Broker,0
49,1,2,1,1,1,1,"153,94",8905,"0,05",Broker,0
56,1,2,1,4,4,1,"166,98",9024,"0,05",Broker,0
50,1,2,2,4,4,1,"156,01",9037,"0,05",Broker,0
54,1,2,2,2,2,1,"164,11",9175,"0,05",Broker,0
62,1,2,2,1,1,0,"180,00",136,"0,05",Broker,0
56,1,2,1,4,4,0,"175,02",184,"0,05",Broker,0
45,1,2,2,1,2,0,"147,73",277,"0,05",Broker,0
44,1,2,1,1,1,2,"146,48",335,"0,05",Broker,0
50,1,2,2,4,4,2,"160,22",412,"0,05",Broker,0
58,1,2,1,2,2,2,"180,00",480,"0,05",Broker,0
52,1,2,1,4,4,0,"159,72",514,"0,05",Broker,0
57,1,2,1,4,4,0,"173,43",585,"0,05",Broker,0
52,1,2,1,4,4,2,"159,09",646,"0,05",Broker,0
48,1,2,2,1,1,2,"152,46",704,"0,05",Broker,0
55,1,2,1,1,1,2,"173,16",725,"0,05",Broker,0
52,1,2,1,1,1,0,"158,46",867,"0,05",Broker,0
46,1,2,1,4,4,2,"150,46",888,"0,05",Broker,0
63,1,2,2,4,4,2,"180,00",1073,"0,05",Broker,0
51,1,2,1,2,2,2,"159,80",1100,"0,05",Broker,0
43,1,2,2,1,1,2,"145,31",1214,"0,05",Broker,0
56,1,2,2,1,2,2,"177,87",1244,"0,05",Broker,0
40,1,2,1,1,1,0,"123,79",1267,"0,05",Facebook,0
49,1,2,2,1,1,0,"155,46",1315,"0,05",Broker,0
44,1,2,1,1,2,0,"130,36",1372,"0,05",Broker,0
63,1,2,2,1,1,2,"180,00",1384,"0,05",Broker,0
61,1,2,1,2,2,2,"180,00",1469,"0,05",Broker,0
52,1,2,1,1,1,2,"153,32",1506,"0,05",Broker,0
59,1,2,1,1,1,0,"180,00",1576,"0,05",Broker,1
65,1,2,2,1,1,0,"180,00",1615,"0,05",Broker,0
50,1,2,1,1,2,2,"152,29",1841,"0,05",Broker,0
62,1,2,2,2,2,2,"180,00",1873,"0,05",Broker,0
45,1,2,2,2,2,0,"143,37",1908,"0,05",Broker,0
49,1,2,2,1,1,2,"153,19",2000,"0,05",Broker,0
58,1,2,1,1,1,2,"180,00",2046,"0,05",Broker,0
53,1,2,1,4,4,2,"166,00",2239,"0,05",Broker,0
47,1,2,2,1,1,2,"133,62",2289,"0,05",Broker,0
53,1,2,1,2,2,0,"159,52",2490,"0,05",Broker,0
55,1,2,2,1,1,0,"167,46",2734,"0,05",Broker,0
59,1,2,2,4,4,2,"178,40",2852,"0,05",Broker,0
51,1,2,2,2,2,0,"157,98",2866,"0,05",Broker,0
48,1,2,1,1,1,2,"148,19",2875,"0,05",Broker,0
53,1,2,1,4,4,0,"160,97",3026,"0,05",Broker,0
64,1,2,2,1,1,2,"180,00",3051,"0,05",Broker,0
58,1,2,2,1,1,2,"175,12",3095,"0,05",Broker,0
40,1,2,2,4,4,0,"121,49",3186,"0,05",Facebook,0
52,1,2,2,1,2,2,"156,11",3275,"0,05",Broker,0
40,1,2,2,2,2,0,"129,73",3345,"0,05",Facebook,0
51,1,2,2,1,2,2,"160,51",3525,"0,05",Broker,0
46,1,2,2,2,2,2,"151,24",3558,"0,05",Broker,0
44,1,2,2,4,4,2,"145,90",3646,"0,05",Broker,0
45,1,2,1,1,1,0,"135,09",3651,"0,05",Broker,0
53,1,2,2,1,2,2,"169,49",3682,"0,05",Broker,0
40,1,2,1,1,2,2,"123,14",3721,"0,05",Facebook,0
58,1,2,2,1,2,2,"180,00",3819,"0,05",Broker,0
59,1,2,1,4,4,3,"180,00",3857,"0,05",Broker,0
41,1,2,1,1,2,2,"135,18",4026,"0,05",Broker,0
56,1,2,2,1,1,0,"175,24",4321,"0,05",Broker,0
54,1,2,1,1,1,2,"165,04",4375,"0,05",Broker,0
52,1,2,2,4,4,2,"157,31",4390,"0,05",Broker,0
41,1,2,1,1,1,2,"129,86",4392,"0,05",Broker,0
52,1,2,2,1,1,2,"159,90",4455,"0,05",Broker,0
45,1,2,1,1,1,2,"142,71",4483,"0,05",Broker,0
52,1,2,1,4,4,2,"165,10",4651,"0,05",Broker,0
46,1,2,1,1,2,2,"143,71",4694,"0,05",Broker,0
51,1,2,2,1,1,0,"161,85",4714,"0,05",Broker,0
54,1,2,1,1,2,0,"172,43",4756,"0,05",Broker,0
46,1,2,2,4,4,2,"147,04",4949,"0,05",Broker,0
53,1,2,2,4,4,3,"173,17",4957,"0,05",Broker,0
44,1,2,1,1,1,2,"136,98",5075,"0,05",Broker,0
53,1,2,1,1,2,2,"161,41",5109,"0,05",Broker,0
49,1,2,1,1,1,0,"142,66",5208,"0,05",Broker,0
54,1,2,1,1,1,0,"172,35",5303,"0,05",Broker,0
44,1,2,1,1,1,2,"132,28",5320,"0,05",Broker,0
44,1,2,1,1,1,2,"136,00",5342,"0,05",Broker,0
40,1,2,2,1,1,0,"122,49",5496,"0,05",Facebook,0
58,1,2,1,4,4,2,"177,78",5515,"0,05",Broker,0
50,1,2,1,4,4,0,"153,64",5750,"0,05",Broker,0
62,1,2,1,1,1,2,"180,00",5758,"0,05",Broker,0
61,1,2,1,1,1,2,"180,00",5928,"0,05",Broker,0
45,1,2,2,2,2,0,"133,93",5941,"0,05",Broker,0
47,1,2,2,1,2,2,"142,61",5948,"0,05",Broker,0
40,1,2,2,4,4,0,"123,11",5979,"0,05",Facebook,0
49,1,2,1,4,4,2,"150,14",6146,"0,05",Broker,0
60,1,2,1,1,1,0,"177,13",6175,"0,05",Broker,0
57,1,2,2,2,2,2,"177,32",6585,"0,05",Broker,0
61,1,2,2,4,4,0,"180,00",6646,"0,05",Broker,0
48,1,2,2,1,2,3,"151,78",6811,"0,05",Broker,0
46,1,2,1,1,1,2,"142,66",6845,"0,05",Broker,0
50,1,2,2,4,4,2,"155,89",6848,"0,05",Broker,0
62,1,2,1,2,2,2,"180,00",6982,"0,05",Broker,0
47,1,2,2,1,1,2,"145,89",7156,"0,05",Broker,0
47,1,2,1,1,1,3,"141,28",7190,"0,05",Broker,0
56,1,2,2,2,2,2,"178,32",7415,"0,05",Broker,0
57,1,2,2,1,1,0,"170,20",7423,"0,05",Broker,0
47,1,2,2,4,4,2,"147,63",7427,"0,05",Broker,0
53,1,2,2,1,1,0,"157,93",7434,"0,05",Broker,0
40,1,2,2,2,2,2,"121,58",7651,"0,05",Facebook,0
48,1,2,1,4,4,2,"141,31",7750,"0,05",Broker,0
42,1,2,2,4,4,2,"136,89",7788,"0,05",Broker,0
50,1,2,1,2,2,2,"153,18",7829,"0,05",Broker,0
44,1,2,1,4,4,0,"130,40",8151,"0,05",Broker,0
40,1,2,2,4,4,0,"130,50",8413,"0,05",Facebook,0
56,1,2,1,2,2,2,"170,63",8561,"0,05",Broker,0
53,1,2,2,1,1,2,"163,20",8648,"0,05",Broker,0
45,1,2,1,4,4,2,"141,85",8732,"0,05",Broker,0
48,1,2,2,1,2,3,"150,93",8857,"0,05",Broker,0
43,1,2,1,1,2,2,"141,94",8961,"0,05",Broker,0
43,1,2,1,4,4,2,"129,74",8986,"0,05",Broker,0
47,1,2,2,4,4,2,"148,32",9115,"0,05",Broker,0
43,1,2,2,1,1,2,"133,37",9154,"0,05",Broker,0
51,1,2,1,1,1,0,"159,81",9553,"0,05",Broker,0
41,1,2,1,1,1,2,"130,36",9648,"0,05",Broker,0
42,1,2,2,1,1,3,"119,17",9683,"0,05",Broker,0
54,1,2,1,2,2,2,"170,55",9875,"0,05",Broker,0
56,1,2,2,1,1,0,"180,00",9882,"0,05",Broker,0
50,1,2,3,3,3,1,"154,05",174,"0,05",Broker,0
47,1,2,3,3,3,1,"142,71",954,"0,05",Broker,0
41,1,2,3,3,3,1,"128,15",1143,"0,05",Broker,0
52,1,2,3,3,3,1,"161,63",1330,"0,05",Broker,0
44,1,2,3,3,3,1,"137,91",1629,"0,05",Broker,0
44,1,2,3,3,3,1,"134,23",2497,"0,05",Broker,0
45,1,2,3,3,3,1,"136,50",3126,"0,05",Broker,0
59,1,2,3,3,3,1,"176,63",3867,"0,05",Broker,0
48,1,2,3,3,3,1,"151,54",4256,"0,05",Broker,0
54,1,2,3,3,3,1,"176,29",4535,"0,05",Broker,0
56,1,2,3,3,3,1,"169,35",5180,"0,05",Broker,0
52,1,2,3,3,3,1,"164,67",5595,"0,05",Broker,0
53,1,2,3,3,3,1,"162,80",5632,"0,05",Broker,0
48,1,2,3,3,3,1,"150,54",6298,"0,05",Broker,0
40,1,2,3,3,3,1,"126,27",6315,"0,05",Facebook,0
42,1,2,3,3,3,1,"137,80",6500,"0,05",Broker,0
50,1,2,3,3,3,1,"157,31",6539,"0,05",Broker,0
57,1,2,3,3,3,1,"171,68",6649,"0,05",Broker,0
53,1,2,3,3,3,1,"168,78",7383,"0,05",Broker,0
52,1,2,3,3,3,1,"157,85",8451,"0,05",Broker,0
50,1,2,3,3,3,1,"154,21",8529,"0,05",Broker,0
41,1,2,3,3,3,1,"126,09",9250,"0,05",Broker,0
53,1,2,3,3,3,1,"167,32",9496,"0,05",Broker,0
54,1,2,3,3,3,1,"165,41",9765,"0,05",Broker,0
49,1,2,3,3,3,2,"152,47",284,"0,05",Broker,0
61,1,2,3,3,3,3,"180,00",379,"0,05",Broker,0
47,1,2,3,3,3,2,"147,95",458,"0,05",Broker,0
41,1,2,3,3,3,2,"131,74",958,"0,05",Broker,0
59,1,2,3,3,3,2,"180,00",1006,"0,05",Broker,0
40,1,2,3,3,3,0,"125,49",2314,"0,05",Facebook,0
53,1,2,3,3,3,0,"163,67",2820,"0,05",Broker,0
55,1,2,3,3,3,2,"168,44",2834,"0,05",Broker,0
43,1,2,3,3,3,2,"129,58",3022,"0,05",Broker,0
49,1,2,3,3,3,2,"155,18",3111,"0,05",Broker,0
42,1,2,3,3,3,0,"129,31",3311,"0,05",Broker,0
48,1,2,3,3,3,0,"151,59",3487,"0,05",Broker,0
55,1,2,3,3,3,0,"165,65",4106,"0,05",Broker,0
61,1,2,3,3,3,2,"180,00",4443,"0,05",Broker,0
57,1,2,3,3,3,0,"166,21",5181,"0,05",Broker,0
57,1,2,3,3,3,2,"180,00",5384,"0,05",Broker,0
62,1,2,3,3,3,3,"180,00",7158,"0,05",Broker,0
42,1,2,3,3,3,3,"134,41",7477,"0,05",Broker,0
57,1,2,3,3,3,2,"177,14",7638,"0,05",Broker,0
48,1,2,3,3,3,2,"151,84",8132,"0,05",Broker,0
50,1,2,3,3,3,2,"154,06",8233,"0,05",Broker,0
56,1,2,3,3,3,0,"176,05",8270,"0,05",Broker,0
53,1,2,3,3,3,2,"170,95",8510,"0,05",Broker,0
47,1,2,3,3,3,2,"137,74",8820,"0,05",Broker,0
46,1,2,3,3,3,2,"144,73",8948,"0,05",Broker,0
41,1,2,3,3,3,0,"128,33",9261,"0,05",Broker,0
49,1,2,3,3,3,2,"152,50",9612,"0,05",Broker,0
52,1,2,3,3,4,1,"169,59",38,"0,05",Broker,0
43,1,2,3,3,4,1,"131,56",40,"0,05",Broker,0
60,1,2,3,3,4,1,"180,00",303,"0,05",Broker,0
48,1,2,3,3,4,1,"142,70",466,"0,05",Broker,0
42,1,2,3,3,4,1,"124,61",473,"0,05",Broker,0
51,1,2,3,3,4,1,"153,92",2588,"0,05",Broker,0
51,1,2,3,3,4,1,"162,57",2913,"0,05",Broker,0
43,1,2,3,3,4,1,"136,96",3811,"0,05",Broker,0
58,1,2,3,3,4,1,"166,34",4016,"0,05",Broker,0
59,1,2,3,3,4,1,"180,00",4272,"0,05",Broker,0
47,1,2,3,3,4,1,"148,95",5573,"0,05",Broker,0
47,1,2,3,3,4,1,"148,62",5898,"0,05",Broker,0
59,1,2,3,3,4,1,"180,00",7891,"0,05",Broker,0
62,1,2,3,3,4,1,"180,00",8799,"0,05",Broker,0
47,1,2,3,3,4,1,"154,07",9701,"0,05",Broker,0
51,1,2,3,3,4,0,"168,07",655,"0,05",Broker,0
52,1,2,3,3,4,0,"163,28",733,"0,05",Broker,0
54,1,2,3,3,4,2,"169,12",1290,"0,05",Broker,0
42,1,2,3,3,4,2,"129,23",1915,"0,05",Broker,0
45,1,2,3,3,4,2,"142,53",2032,"0,05",Broker,0
59,1,2,3,3,4,2,"180,00",2229,"0,05",Broker,0
65,1,2,3,3,4,2,"180,00",3908,"0,05",Broker,0
57,1,2,3,3,4,0,"180,00",4078,"0,05",Broker,0
60,1,2,3,3,4,2,"180,00",4113,"0,05",Broker,0
56,1,2,3,3,4,2,"170,11",4257,"0,05",Broker,0
51,1,2,3,3,4,2,"156,98",5266,"0,05",Broker,0
64,1,2,3,3,4,0,"180,00",5299,"0,05",Broker,0
49,1,2,3,3,4,2,"146,72",5782,"0,05",Broker,0
43,1,2,3,3,4,2,"143,70",6850,"0,05",Broker,0
53,1,2,3,3,4,2,"163,47",8018,"0,05",Broker,0
50,1,2,3,3,4,2,"161,82",8026,"0,05",Broker,0
57,1,2,3,3,4,2,"174,98",8807,"0,05",Broker,0
52,1,2,3,3,4,2,"161,65",8956,"0,05",Broker,0
57,1,2,3,2,3,1,"172,79",5770,"0,05",Broker,0
43,1,2,3,2,3,1,"136,25",7566,"0,05",Broker,0
49,1,2,3,2,3,1,"152,83",7739,"0,05",Broker,0
45,1,2,3,2,3,1,"143,62",8034,"0,05",Broker,0
65,1,2,3,2,3,1,"180,00",8803,"0,05",Broker,0
45,1,2,3,2,3,2,"133,38",1832,"0,05",Broker,0
41,1,2,3,2,3,2,"125,26",4311,"0,05",Broker,0
47,1,2,3,1,1,1,"145,58",653,"0,05",Broker,0
53,1,2,3,2,2,1,"167,41",680,"0,05",Broker,0
50,1,2,3,1,1,1,"153,07",778,"0,05",Broker,0
42,1,2,3,1,2,1,"129,88",820,"0,05",Broker,0
47,1,2,3,4,4,1,"144,42",848,"0,05",Broker,0
46,1,2,3,2,2,1,"140,56",1070,"0,05",Broker,0
47,1,2,3,1,1,1,"148,31",1281,"0,05",Broker,0
44,1,2,3,1,1,1,"140,32",1672,"0,05",Broker,0
48,1,2,3,1,1,1,"150,20",2067,"0,05",Broker,0
46,1,2,3,1,1,1,"140,81",2102,"0,05",Broker,0
44,1,2,3,1,2,1,"138,85",2124,"0,05",Broker,0
50,1,2,3,2,2,1,"153,61",2773,"0,05",Broker,0
50,1,2,3,2,2,1,"155,41",2883,"0,05",Broker,0
47,1,2,3,1,1,1,"146,60",3486,"0,05",Broker,0
53,1,2,3,1,1,1,"165,26",4040,"0,05",Broker,0
65,1,2,3,4,4,1,"180,00",4439,"0,05",Broker,0
48,1,2,3,1,2,1,"153,20",4916,"0,05",Broker,0
43,1,2,3,4,4,1,"131,60",5015,"0,05",Broker,0
52,1,2,3,2,2,1,"165,88",5038,"0,05",Broker,0
54,1,2,3,4,4,1,"176,64",5329,"0,05",Broker,0
49,1,2,3,4,4,1,"147,13",6048,"0,05",Broker,0
64,1,2,3,4,4,1,"180,00",6101,"0,05",Broker,0
56,1,2,3,2,2,1,"168,81",6133,"0,05",Broker,0
60,1,2,3,1,1,1,"180,00",6134,"0,05",Broker,0
60,1,2,3,1,2,1,"180,00",6184,"0,05",Broker,0
44,1,2,3,1,1,1,"140,36",6363,"0,05",Broker,0
44,1,2,3,1,1,1,"135,06",6889,"0,05",Broker,0
48,1,2,3,4,4,1,"150,15",7733,"0,05",Broker,0
60,1,2,3,1,2,1,"180,00",8027,"0,05",Broker,0
46,1,2,3,2,2,1,"147,77",8240,"0,05",Broker,0
44,1,2,3,1,2,1,"136,05",8394,"0,05",Broker,0
48,1,2,3,1,1,1,"149,23",8517,"0,05",Broker,0
60,1,2,3,1,1,1,"180,00",8839,"0,05",Broker,0
41,1,2,3,4,4,1,"120,00",8853,"0,05",Broker,0
48,1,2,3,1,2,1,"151,00",9028,"0,05",Broker,0
53,1,2,3,1,2,1,"169,24",9263,"0,05",Broker,0
54,1,2,3,1,1,1,"171,62",9278,"0,05",Broker,0
48,1,2,3,1,1,1,"142,39",9628,"0,05",Broker,0
46,1,2,3,4,4,1,"143,91",9667,"0,05",Broker,0
54,1,2,3,2,2,1,"170,67",9684,"0,05",Broker,0
45,1,2,3,2,2,1,"144,55",9735,"0,05",Broker,0
45,1,2,3,1,2,1,"141,95",9756,"0,05",Broker,0
60,1,2,3,4,4,2,"180,00",342,"0,05",Broker,0
40,1,2,3,1,1,0,"122,75",929,"0,05",Facebook,0
46,1,2,3,1,2,0,"146,14",1019,"0,05",Broker,0
41,1,2,3,2,2,2,"125,72",1061,"0,05",Broker,0
52,1,2,3,1,1,0,"165,32",1090,"0,05",Broker,0
53,1,2,3,4,4,0,"166,60",1466,"0,05",Broker,0
40,1,2,3,1,2,0,"124,93",1765,"0,05",Facebook,0
45,1,2,3,1,2,3,"140,11",1868,"0,05",Broker,0
63,1,2,3,2,2,0,"180,00",2223,"0,05",Broker,0
49,1,2,3,2,2,2,"152,47",2492,"0,05",Broker,0
54,1,2,3,1,1,0,"164,71",2514,"0,05",Broker,0
45,1,2,3,4,4,0,"141,16",2953,"0,05",Broker,0
57,1,2,3,1,2,0,"170,37",3161,"0,05",Broker,0
51,1,2,3,1,1,2,"157,74",3350,"0,05",Broker,0
50,1,2,3,1,1,2,"149,86",3370,"0,05",Broker,0
46,1,2,3,1,1,0,"134,87",3484,"0,05",Broker,0
43,1,2,3,1,2,2,"121,29",3600,"0,05",Broker,0
48,1,2,3,1,2,2,"143,86",3673,"0,05",Broker,0
41,1,2,3,2,2,2,"130,62",3726,"0,05",Broker,0
51,1,2,3,2,2,0,"158,53",4030,"0,05",Broker,0
40,1,2,3,1,1,2,"133,37",4682,"0,05",Facebook,0
46,1,2,3,4,4,2,"141,85",4932,"0,05",Broker,0
57,1,2,3,2,2,0,"173,53",4933,"0,05",Broker,0
40,1,2,3,4,4,2,"138,91",4963,"0,05",Facebook,0
51,1,2,3,2,2,2,"155,06",5260,"0,05",Broker,0
46,1,2,3,4,4,0,"142,54",5383,"0,05",Broker,0
64,1,2,3,4,4,2,"180,00",5394,"0,05",Broker,0
40,1,2,3,2,2,0,"121,92",6289,"0,05",Facebook,0
49,1,2,3,1,1,0,"142,66",6538,"0,05",Broker,0
41,1,2,3,4,4,3,"132,10",6541,"0,05",Broker,0
41,1,2,3,1,2,2,"132,71",7027,"0,05",Broker,0
49,1,2,3,1,2,2,"157,02",7152,"0,05",Broker,0
45,1,2,3,4,4,2,"143,68",7207,"0,05",Broker,0
47,1,2,3,4,4,2,"147,02",7447,"0,05",Broker,0
45,1,2,3,2,2,2,"139,99",7539,"0,05",Broker,0
53,1,2,3,4,4,2,"165,07",7938,"0,05",Broker,0
46,1,2,3,1,1,0,"137,91",7953,"0,05",Broker,0
40,1,2,3,4,4,2,"126,36",7995,"0,05",Facebook,0
45,1,2,3,4,4,2,"135,93",9242,"0,05",Broker,0
41,1,2,3,1,1,0,"134,51",9258,"0,05",Broker,0
64,1,2,3,2,2,2,"180,00",9327,"0,05",Broker,0
49,1,2,3,4,4,0,"150,31",9760,"0,05",Broker,0
58,1,2,3,1,1,0,"180,00",9772,"0,05",Broker,0
42,1,2,3,2,2,0,"132,02",9835,"0,05",Broker,0
42,1,2,3,1,1,2,"131,57",9909,"0,05",Broker,0
49,1,2,4,3,3,1,"148,82",452,"0,05",Broker,0
44,1,2,4,3,3,1,"144,37",1577,"0,05",Broker,0
43,1,2,4,3,3,1,"132,19",2312,"0,05",Broker,0
50,1,2,4,3,3,1,"159,74",3066,"0,05",Broker,0
40,1,2,4,3,3,1,"127,07",3418,"0,05",Facebook,0
57,1,2,4,3,3,1,"171,16",3602,"0,05",Broker,0
43,1,2,4,3,3,1,"133,92",3909,"0,05",Broker,0
56,1,2,4,3,3,1,"178,96",4781,"0,05",Broker,0
44,1,2,4,3,3,1,"141,18",4942,"0,05",Broker,0
45,1,2,4,3,3,1,"143,28",5359,"0,05",Broker,0
57,1,2,4,3,3,1,"174,28",5982,"0,05",Broker,0
44,1,2,4,3,3,1,"141,91",6011,"0,05",Broker,0
41,1,2,4,3,3,1,"129,54",6397,"0,05",Broker,0
46,1,2,4,3,3,1,"137,87",6511,"0,05",Broker,0
53,1,2,4,3,3,1,"164,87",6783,"0,05",Broker,0
43,1,2,4,3,3,1,"127,84",7893,"0,05",Broker,0
62,1,2,4,3,3,1,"180,00",8651,"0,05",Broker,0
50,1,2,4,3,3,1,"164,83",8899,"0,05",Broker,0
46,1,2,4,3,3,1,"144,19",9623,"0,05",Broker,0
45,1,2,4,3,3,1,"140,87",9991,"0,05",Broker,0
41,1,2,4,3,3,0,"128,36",338,"0,05",Broker,0
58,1,2,4,3,3,2,"180,00",378,"0,05",Broker,0
40,1,2,4,3,3,0,"127,26",730,"0,05",Facebook,0
51,1,2,4,3,3,2,"157,12",737,"0,05",Broker,0
60,1,2,4,3,3,2,"180,00",1271,"0,05",Broker,0
50,1,2,4,3,3,0,"156,09",3290,"0,05",Broker,0
55,1,2,4,3,3,3,"170,80",3325,"0,05",Broker,0
45,1,2,4,3,3,0,"143,97",3478,"0,05",Broker,0
40,1,2,4,3,3,2,"133,58",3782,"0,05",Facebook,0
56,1,2,4,3,3,2,"180,00",3969,"0,05",Broker,0
42,1,2,4,3,3,2,"123,79",4041,"0,05",Broker,0
65,1,2,4,3,3,2,"180,00",4055,"0,05",Broker,0
52,1,2,4,3,3,3,"158,59",4660,"0,05",Broker,0
56,1,2,4,3,3,0,"176,66",5122,"0,05",Broker,0
49,1,2,4,3,3,3,"151,65",5519,"0,05",Broker,0
43,1,2,4,3,3,2,"128,81",5663,"0,05",Broker,0
42,1,2,4,3,3,2,"139,75",5973,"0,05",Broker,0
52,1,2,4,3,3,2,"152,89",6161,"0,05",Broker,0
50,1,2,4,3,3,2,"155,01",6361,"0,05",Broker,0
49,1,2,4,3,3,2,"158,50",6634,"0,05",Broker,0
52,1,2,4,3,3,2,"170,91",6704,"0,05",Broker,0
52,1,2,4,3,3,2,"162,45",7521,"0,05",Broker,0
40,1,2,4,3,3,2,"124,98",7530,"0,05",Facebook,0
41,1,2,4,3,3,2,"129,32",7962,"0,05",Broker,0
46,1,2,4,3,3,0,"141,10",8355,"0,05",Broker,0
61,1,2,4,3,3,2,"180,00",8492,"0,05",Broker,0
41,1,2,4,3,3,2,"126,57",8684,"0,05",Broker,0
45,1,2,4,3,3,0,"134,97",9417,"0,05",Broker,0
56,1,2,4,3,4,1,"172,30",542,"0,05",Broker,0
44,1,2,4,3,4,1,"133,59",819,"0,05",Broker,0
47,1,2,4,3,4,1,"146,50",1310,"0,05",Broker,0
55,1,2,4,3,4,1,"171,74",1406,"0,05",Broker,0
49,1,2,4,3,4,1,"162,78",2191,"0,05",Broker,0
56,1,2,4,3,4,1,"175,74",3396,"0,05",Broker,0
52,1,2,4,3,4,1,"160,08",3661,"0,05",Broker,0
62,1,2,4,3,4,1,"180,00",4504,"0,05",Broker,0
42,1,2,4,3,4,1,"128,22",4779,"0,05",Broker,0
53,1,2,4,3,4,1,"156,73",4880,"0,05",Broker,0
62,1,2,4,3,4,1,"180,00",5044,"0,05",Broker,0
48,1,2,4,3,4,1,"147,84",5331,"0,05",Broker,0
46,1,2,4,3,4,1,"149,80",5676,"0,05",Broker,0
48,1,2,4,3,4,1,"152,55",6427,"0,05",Broker,0
45,1,2,4,3,4,1,"148,94",8122,"0,05",Broker,0
58,1,2,4,3,4,1,"180,00",8189,"0,05",Broker,0
48,1,2,4,3,4,1,"148,31",9013,"0,05",Broker,0
42,1,2,4,3,4,1,"128,87",9096,"0,05",Broker,0
51,1,2,4,3,4,2,"160,85",1066,"0,05",Broker,0
41,1,2,4,3,4,2,"133,33",1112,"0,05",Broker,0
52,1,2,4,3,4,2,"159,31",1512,"0,05",Broker,0
41,1,2,4,3,4,0,"126,09",1578,"0,05",Broker,0
48,1,2,4,3,4,2,"148,21",3505,"0,05",Broker,0
61,1,2,4,3,4,2,"180,00",3519,"0,05",Broker,0
45,1,2,4,3,4,0,"144,46",3728,"0,05",Broker,0
50,1,2,4,3,4,2,"149,42",3982,"0,05",Broker,0
60,1,2,4,3,4,2,"177,93",4156,"0,05",Broker,0
44,1,2,4,3,4,0,"137,42",5368,"0,05",Broker,0
42,1,2,4,3,4,2,"136,05",6773,"0,05",Broker,0
59,1,2,4,3,4,0,"180,00",6884,"0,05",Broker,0
57,1,2,4,2,3,1,"172,20",7688,"0,05",Broker,0
53,1,2,4,2,3,1,"166,15",7959,"0,05",Broker,0
47,1,2,4,2,3,1,"149,32",8326,"0,05",Broker,0
46,1,2,4,2,3,2,"139,65",417,"0,05",Broker,0
46,1,2,4,2,3,2,"143,80",1257,"0,05",Broker,0
54,1,2,4,2,3,2,"170,64",2423,"0,05",Broker,0
52,1,2,4,2,3,2,"157,73",3555,"0,05",Broker,0
46,1,2,4,2,3,0,"149,31",4969,"0,05",Broker,0
59,1,2,4,2,3,2,"176,49",5167,"0,05",Broker,0
63,1,2,4,2,3,0,"180,00",6507,"0,05",Broker,0
41,1,2,4,2,3,0,"116,33",7426,"0,05",Broker,0
41,1,2,4,2,3,2,"128,40",8372,"0,05",Broker,0
44,1,2,4,2,3,0,"134,11",9585,"0,05",Broker,0
53,1,2,4,2,3,0,"165,33",9603,"0,05",Broker,0
49,1,2,4,1,1,1,"159,86",92,"0,05",Broker,0
40,1,2,4,1,1,1,"120,89",1002,"0,05",Facebook,0
63,1,2,4,1,1,1,"180,00",1146,"0,05",Broker,0
59,1,2,4,1,1,1,"180,00",1264,"0,05",Broker,0
40,1,2,4,4,4,1,"131,42",1303,"0,05",Facebook,0
45,1,2,4,1,2,1,"138,38",1767,"0,05",Broker,0
45,1,2,4,4,4,1,"140,02",1899,"0,05",Broker,0
61,1,2,4,4,4,1,"180,00",2061,"0,05",Broker,0
51,1,2,4,1,2,1,"157,38",2087,"0,05",Broker,0
50,1,2,4,2,2,1,"155,22",2280,"0,05",Broker,0
55,1,2,4,1,2,1,"180,00",2283,"0,05",Broker,0
64,1,2,4,4,4,1,"180,00",2636,"0,05",Broker,0
59,1,2,4,4,4,1,"174,62",2728,"0,05",Broker,0
54,1,2,4,4,4,1,"165,76",2800,"0,05",Broker,0
44,1,2,4,2,2,1,"134,84",2802,"0,05",Broker,0
42,1,2,4,1,1,1,"133,56",3329,"0,05",Broker,0
58,1,2,4,4,4,1,"174,93",3694,"0,05",Broker,0
44,1,2,4,4,4,1,"133,88",4317,"0,05",Broker,0
53,1,2,4,4,4,1,"162,82",4768,"0,05",Broker,0
40,1,2,4,4,4,1,"126,13",5080,"0,05",Facebook,0
45,1,2,4,1,1,1,"139,92",5415,"0,05",Broker,0
42,1,2,4,4,4,1,"134,80",5669,"0,05",Broker,0
51,1,2,4,4,4,1,"155,78",5744,"0,05",Broker,0
56,1,2,4,2,2,1,"177,87",5899,"0,05",Broker,0
40,1,2,4,1,1,1,"127,91",6237,"0,05",Facebook,0
58,1,2,4,1,2,1,"176,84",6276,"0,05",Broker,0
44,1,2,4,2,2,1,"133,52",6461,"0,05",Broker,0
55,1,2,4,4,4,1,"169,60",6671,"0,05",Broker,0
45,1,2,4,1,1,1,"137,09",6879,"0,05",Broker,0
51,1,2,4,4,4,1,"161,47",7092,"0,05",Broker,0
51,1,2,4,2,2,1,"158,22",8348,"0,05",Broker,0
48,1,2,4,1,1,1,"151,33",9076,"0,05",Broker,0
50,1,2,4,4,4,1,"143,47",9291,"0,05",Broker,0
56,1,2,4,4,4,1,"179,61",9308,"0,05",Broker,0
42,1,2,4,2,2,1,"142,19",9534,"0,05",Broker,0
52,1,2,4,1,1,1,"165,59",9622,"0,05",Broker,0
58,1,2,4,4,4,1,"179,15",9798,"0,05",Broker,0
53,1,2,4,1,1,2,"163,22",212,"0,05",Broker,0
61,1,2,4,1,2,2,"180,00",239,"0,05",Broker,0
45,1,2,4,1,1,2,"143,57",313,"0,05",Broker,0
59,1,2,4,4,4,2,"180,00",586,"0,05",Broker,0
64,1,2,4,1,1,2,"180,00",677,"0,05",Broker,0
61,1,2,4,1,1,2,"180,00",719,"0,05",Broker,0
57,1,2,4,1,2,3,"165,61",826,"0,05",Broker,0
51,1,2,4,1,2,0,"156,43",1262,"0,05",Broker,0
49,1,2,4,1,2,2,"156,11",1627,"0,05",Broker,0
44,1,2,4,1,1,3,"136,90",1705,"0,05",Broker,0
48,1,2,4,4,4,2,"143,99",1993,"0,05",Broker,0
48,1,2,4,4,4,2,"149,58",2015,"0,05",Broker,0
56,1,2,4,1,1,2,"180,00",2052,"0,05",Broker,0
54,1,2,4,4,4,2,"175,60",2082,"0,05",Broker,0
54,1,2,4,4,4,2,"168,20",2143,"0,05",Broker,0
60,1,2,4,1,1,0,"180,00",2431,"0,05",Broker,0
42,1,2,4,1,1,0,"136,92",2650,"0,05",Broker,0
53,1,2,4,1,1,2,"166,18",2662,"0,05",Broker,0
43,1,2,4,1,2,0,"142,03",2970,"0,05",Broker,0
40,1,2,4,2,2,2,"132,99",3101,"0,05",Facebook,0
57,1,2,4,2,2,2,"180,00",3655,"0,05",Broker,0
43,1,2,4,1,2,2,"138,72",3818,"0,05",Broker,0
53,1,2,4,1,1,2,"167,22",4193,"0,05",Broker,0
41,1,2,4,4,4,0,"125,97",4237,"0,05",Broker,0
56,1,2,4,4,4,0,"180,00",4537,"0,05",Broker,0
41,1,2,4,4,4,2,"131,30",4744,"0,05",Broker,0
47,1,2,4,1,2,2,"136,71",4789,"0,05",Broker,0
52,1,2,4,1,2,2,"162,44",4879,"0,05",Broker,0
49,1,2,4,1,1,2,"141,71",5010,"0,05",Broker,0
56,1,2,4,1,1,3,"178,94",5048,"0,05",Broker,0
65,1,2,4,4,4,2,"180,00",5135,"0,05",Broker,0
65,1,2,4,4,4,2,"180,00",5165,"0,05",Broker,0
41,1,2,4,4,4,2,"127,88",5210,"0,05",Broker,0
48,1,2,4,4,4,0,"156,94",5423,"0,05",Broker,0
51,1,2,4,1,1,0,"151,16",5628,"0,05",Broker,0
44,1,2,4,2,2,3,"137,70",5939,"0,05",Broker,0
59,1,2,4,2,2,2,"180,00",5954,"0,05",Broker,0
44,1,2,4,4,4,2,"144,94",6068,"0,05",Broker,0
41,1,2,4,2,2,2,"126,75",6355,"0,05",Broker,0
48,1,2,4,1,1,2,"157,79",6574,"0,05",Broker,0
63,1,2,4,4,4,2,"180,00",6959,"0,05",Broker,0
42,1,2,4,2,2,2,"137,67",7039,"0,05",Broker,0
46,1,2,4,4,4,2,"148,45",7265,"0,05",Broker,0
44,1,2,4,1,2,0,"139,94",7339,"0,05",Broker,0
43,1,2,4,2,2,3,"138,94",7658,"0,05",Broker,0
45,1,2,4,2,2,0,"134,41",7790,"0,05",Broker,0
52,1,2,4,1,1,2,"152,48",7943,"0,05",Broker,0
53,1,2,4,1,1,2,"151,73",8313,"0,05",Broker,0
52,1,2,4,4,4,0,"160,57",8378,"0,05",Broker,0
43,1,2,4,1,1,2,"137,55",8438,"0,05",Broker,0
48,1,2,4,2,2,2,"153,97",8879,"0,05",Broker,0
42,1,2,4,2,2,2,"131,38",9109,"0,05",Broker,0
49,1,2,4,4,4,2,"153,35",9233,"0,05",Broker,0
59,1,2,4,2,2,2,"180,00",9296,"0,05",Broker,0
45,1,2,4,4,4,2,"131,21",9551,"0,05",Broker,0
52,1,2,4,2,2,2,"167,23",9587,"0,05",Broker,0
